Inward_Tx_Count_24h,In_Out_Fan_Ratio,Avg_Drain_Time_Mins,Zero_Balance_Reset_Freq,Account_Age_Months,Night_Tx_Percentage,IP_Change_Count_24h,Auth_Method,Target,Mule_Type,Account_ID
3,0.9501410174536394,375.35834970710977,0.037324298313365346,119,0.0033611394719050944,0,PIN,0,Legitimate,ACC-100000
5,1.1328181727060178,386.0284916213424,0.1292374368029763,118,0.09309040163909868,2,Biometric,0,Legitimate,ACC-100001
8,1.351618012866139,407.96328775593,0.10612711647449125,82,0.03387320318021832,2,Biometric,0,Legitimate,ACC-100002
1,1.2112700576121755,794.9234612094128,0.052364313116159814,59,0.04025221008728245,0,Biometric,0,Legitimate,ACC-100003
1,1.9807439624622938,775.5905622565709,0.1800309502895311,51,0.028815177089908394,0,Biometric,0,Legitimate,ACC-100004
2,1.1599116810819685,790.7027524591839,0.13862221190941146,17,0.13543646073514792,1,Biometric,0,Legitimate,ACC-100005
2,1.182749109361525,116.10566047554221,0.040977445738355094,71,0.07451432242171556,0,Biometric,0,Legitimate,ACC-100006
2,1.1925509057620058,2036.8545223790143,0.010934614395510911,12,0.1380784466409128,0,Biometric,0,Legitimate,ACC-100007
1,0.9430494128641731,123.40236525008616,0.04505315573901101,21,0.10545725935048163,0,Biometric,0,Legitimate,ACC-100008
3,1.1984877389329414,936.1842346266379,0.07925610364787423,6,0.06376204757127928,0,PIN,0,Legitimate,ACC-100009
2,1.1325239307193435,649.2075588562212,0.19247435086067635,44,0.042641632153598376,0,PIN,0,Legitimate,ACC-100010
2,1.2541016071991662,376.2622774286705,0.13984779888711124,93,0.11542009119516959,0,Biometric,0,Legitimate,ACC-100011
2,0.7756610965901037,164.88870805204834,0.004001032885233702,45,0.05957203537797994,0,Biometric,0,Legitimate,ACC-100012
4,1.3811199048570666,272.1910791178358,0.14985858233288743,34,0.12863095467492766,0,Biometric,0,Legitimate,ACC-100013
3,0.5705437610186395,63.0201229901281,0.06079038133234163,104,0.08591165790242168,0,PIN,0,Legitimate,ACC-100014
53,6.5239354816723045,6.61050204787769,0.7593752637385109,0,0.6881759789363897,6,OTP,1,Fast Burner,ACC-100015
1,1.8710913231184887,210.1347300707981,0.13704214926769384,100,0.029272959085158128,0,Biometric,0,Legitimate,ACC-100016
1,1.568618416568676,551.2714516384959,0.1952419211592866,21,0.14889382102287926,1,Biometric,0,Legitimate,ACC-100017
1,1.6078155669692231,780.4672619804792,0.07470492556247657,39,0.0720184526428519,1,Biometric,0,Legitimate,ACC-100018
1,1.0432437211771088,300.26044510533274,0.0929910047235461,44,0.0137331340896573,0,Biometric,0,Legitimate,ACC-100019
2,1.3299552201814628,235.85913883037747,0.041832536686453016,81,0.0009885244244569546,0,PIN,0,Legitimate,ACC-100020
3,1.2759551087097896,176.8071250572867,0.10764788964942679,52,0.09588938431318854,1,Biometric,0,Legitimate,ACC-100021
2,1.5472558817429873,497.71894280743487,0.03895875672752036,58,0.07756759569527279,2,Biometric,0,Legitimate,ACC-100022
5,1.6355779896944165,660.2916153977833,0.09786039476737374,105,0.05311566699567382,0,Biometric,0,Legitimate,ACC-100023
44,5.088097039057995,55.88570091793901,0.7373208083694309,60,0.8472921656970335,5,PIN,1,Sleeper Mule,ACC-100024
3,1.6561920288051133,1050.1303627118973,0.07216007865183385,47,0.14588369445703792,0,PIN,0,Legitimate,ACC-100025
41,5.7840727163808285,8.532866419174084,0.8284920939732733,2,0.9033164331402663,2,PIN,1,Fast Burner,ACC-100026
1,1.2386548864067743,293.98965325032214,0.13723830009692042,43,0.05396864311386045,0,OTP,0,Legitimate,ACC-100027
35,5.793061796449363,7.232528150653695,0.6111459453103759,65,0.8181547296542059,2,OTP,1,Sleeper Mule,ACC-100028
1,1.3575507939786504,443.39655403738436,0.011723794122716092,108,0.10592510143342868,0,Biometric,0,Legitimate,ACC-100029
1,1.3483567476146316,573.6909665407111,0.10897071156720768,57,0.10520226635618253,2,Biometric,0,Legitimate,ACC-100030
3,1.0659067341581878,393.3597869122314,0.15561804476974817,16,0.0954338801147445,1,Biometric,0,Legitimate,ACC-100031
35,5.053790358563865,11.069937573280994,0.7120196116874886,88,0.664026855206456,8,OTP,1,Sleeper Mule,ACC-100032
34,3.3459227468986317,17.84244745942508,0.8505259368984175,67,0.8348405466520998,3,PIN,1,Sleeper Mule,ACC-100033
3,1.1834695650803038,1189.5795514764636,0.05576732264213924,45,0.008070168314578534,1,PIN,0,Legitimate,ACC-100034
4,1.2778259973789476,2085.929728175899,0.10557927680867851,104,0.12989349029173025,0,Biometric,0,Legitimate,ACC-100035
47,7.046870768151047,5.130731724596949,0.7110883852148505,2,0.8543846719962447,3,PIN,1,Fast Burner,ACC-100036
47,5.704227807056148,12.924706175695125,0.8556723726833532,1,0.6321804169141773,10,OTP,1,Fast Burner,ACC-100037
34,6.327331650422919,42.3634341203928,0.6698417041013254,104,0.7508525653019802,1,OTP,1,Sleeper Mule,ACC-100038
1,0.9340004895946876,529.6084820739214,0.19588507916638778,7,0.018364094783345324,0,Biometric,0,Legitimate,ACC-100039
50,5.369646962294741,74.11889303860305,0.958078709985932,0,0.7010974630831842,6,PIN,1,Fast Burner,ACC-100040
45,5.928245273766677,22.648684899858864,0.9243048736153537,2,0.7025682940339555,11,OTP,1,Fast Burner,ACC-100041
4,0.8789038354044487,242.46793088934297,0.07297352186408226,18,0.1495979290742619,0,OTP,0,Legitimate,ACC-100042
2,1.1453878706743033,598.6402365981671,0.10780164751205995,20,0.025736241564470397,0,Biometric,0,Legitimate,ACC-100043
5,1.46191981989963,324.2682077258187,0.016669865384170413,15,0.0721248084861581,0,Biometric,0,Legitimate,ACC-100044
37,5.564828578791747,55.15417232269182,0.8968809849181087,1,0.7134188906045476,7,OTP,1,Fast Burner,ACC-100045
41,7.524651046349028,34.111489255946296,0.9260383317614751,2,0.690431270091612,6,OTP,1,Fast Burner,ACC-100046
33,4.672020234552586,18.923213405244194,0.8434407957310143,75,0.6798668617915351,3,PIN,1,Sleeper Mule,ACC-100047
3,0.9168044953956335,82.0111729607772,0.13027663423120292,106,0.026846442407268883,0,Biometric,0,Legitimate,ACC-100048
3,1.0022820928456377,316.13264603428047,0.18937708887492338,28,0.05790716498359656,1,Biometric,0,Legitimate,ACC-100049
29,4.968333255531163,32.033002512258406,0.7511241649098864,58,0.6010219925551893,4,OTP,1,Sleeper Mule,ACC-100050
37,5.406998786157817,29.82396122147686,0.6900693942274256,105,0.8499469346545958,8,PIN,1,Sleeper Mule,ACC-100051
2,0.9758691738998801,316.0259002014344,0.1279147746664162,110,0.09596158192250188,2,Biometric,0,Legitimate,ACC-100052
2,1.0737042395960472,200.79075412100798,0.06606960238143249,43,0.024464700922743027,0,PIN,0,Legitimate,ACC-100053
3,1.5226171663249242,674.9092785903157,0.14579308541957622,43,0.09626794465572074,2,Biometric,0,Legitimate,ACC-100054
2,1.3280951051586298,1536.9380147227605,0.07095103422595155,116,0.03845779699371798,0,OTP,0,Legitimate,ACC-100055
6,1.0777231966020913,1221.9373878680537,0.13155925300514987,37,0.035038538738154594,1,Biometric,0,Legitimate,ACC-100056
2,1.0034017430397617,937.1650178666822,0.02035315931027311,50,0.09286656565224058,0,Biometric,0,Legitimate,ACC-100057
3,1.6677546871447053,182.40335478555912,0.09049401008286849,59,0.13143045615622226,0,Biometric,0,Legitimate,ACC-100058
0,1.0943851031903125,432.43719975756045,0.19453375800671524,109,0.01645005584651295,1,Biometric,0,Legitimate,ACC-100059
7,0.9132736926532066,139.00261419189883,0.11043076390940731,31,0.08830469304215877,0,Biometric,0,Legitimate,ACC-100060
49,5.7129848010723325,4.6882874384467295,0.7403815103556509,0,0.9157808003973481,4,OTP,1,Fast Burner,ACC-100061
30,7.133472778837174,3.111111280635356,0.722111385353145,0,0.8799483129924861,1,PIN,1,Fast Burner,ACC-100062
50,8.381076993441662,24.995383943050605,0.821987700610876,0,0.8528995737745786,7,OTP,1,Fast Burner,ACC-100063
3,1.1373246127887384,371.25447593488934,0.03914196286721359,18,0.020702190821349935,0,Biometric,0,Legitimate,ACC-100064
3,1.0898932744105119,1661.195822835355,0.04230131759547249,16,0.059738643014498445,0,Biometric,0,Legitimate,ACC-100065
1,1.6561992518943558,155.70224622950866,0.04762112549441575,77,0.13971059225642943,0,Biometric,0,Legitimate,ACC-100066
2,0.884603455728231,624.5228170502992,0.15184268304214363,86,0.08582578159314848,1,Biometric,0,Legitimate,ACC-100067
34,7.982166789208626,12.86557799092488,0.8673150355452257,2,0.7617816277201911,2,OTP,1,Fast Burner,ACC-100068
42,4.893790159375592,39.16633077567561,0.7788159540962352,72,0.7098230121622225,5,PIN,1,Sleeper Mule,ACC-100069
5,1.4180611571234807,158.0171423134776,0.10846001480481689,115,0.11380797034074679,0,Biometric,0,Legitimate,ACC-100070
3,1.1707962093321802,1423.6577052076407,0.12158082485942955,7,0.0058923058265115125,2,PIN,0,Legitimate,ACC-100071
0,1.5487944176058577,601.3938405512083,0.13632549967195537,76,0.09517222438785176,1,Biometric,0,Legitimate,ACC-100072
2,1.0005897284546958,189.94155183240906,0.10405111692268543,87,0.0617665935843536,0,PIN,0,Legitimate,ACC-100073
2,0.6577231052455627,163.1218501581987,0.031187030263215655,117,0.07745312439997439,0,Biometric,0,Legitimate,ACC-100074
2,0.7976609902032867,61.262473349762416,0.018193969685371215,101,0.12807408117491342,1,Biometric,0,Legitimate,ACC-100075
1,1.4709174500210798,110.00072837236193,0.09062508138072099,66,0.057065370433797294,0,Biometric,0,Legitimate,ACC-100076
2,1.3055883222624167,989.2020533593849,0.17099720296641152,71,0.06889386803012897,1,PIN,0,Legitimate,ACC-100077
5,1.3218255329623287,1271.7808809773724,0.01692998692128214,12,0.00239957205611116,0,PIN,0,Legitimate,ACC-100078
45,5.057866697651468,7.128699056428018,0.7314237126816945,1,0.9385616337678536,5,PIN,1,Fast Burner,ACC-100079
1,1.1298361190059893,279.5847856872749,0.11919415187757194,110,0.06940624441524434,0,PIN,0,Legitimate,ACC-100080
4,0.819374697719615,256.6977934303608,0.0230828478182636,16,0.02473601157700502,0,Biometric,0,Legitimate,ACC-100081
55,8.40402195209291,24.154083013143275,0.7979381215298746,1,0.9097083119948739,3,PIN,1,Fast Burner,ACC-100082
3,1.0425421619026696,82.5803052714171,0.03198580771526784,36,0.11195413623952043,1,Biometric,0,Legitimate,ACC-100083
1,1.2549725731376156,202.2183833367445,0.14458283644027703,56,0.0727821356207401,0,Biometric,0,Legitimate,ACC-100084
4,1.1264077541436592,390.3100486959824,0.17852306681780633,80,0.13460424359556913,1,Biometric,0,Legitimate,ACC-100085
2,0.6949853600871523,434.37645568381726,0.14951562389519502,71,0.004224749102514913,0,PIN,0,Legitimate,ACC-100086
5,0.8571172360850353,690.4590479067688,0.038187356870153115,46,0.13329615473229073,0,Biometric,0,Legitimate,ACC-100087
30,6.931241169100852,32.84735645934431,0.8996563757690113,38,0.6358543293660807,0,OTP,1,Sleeper Mule,ACC-100088
46,6.529104243435336,81.16242448212417,0.7829404888520235,0,0.9020989278995306,4,OTP,1,Fast Burner,ACC-100089
55,6.94414139497178,13.29064698579753,0.7335098996387097,0,0.7227551089474606,5,OTP,1,Fast Burner,ACC-100090
2,0.8671171896290908,210.1242306875468,0.12501071459407329,118,0.031246721646326192,0,Biometric,0,Legitimate,ACC-100091
2,1.5021353470237118,66.62508423994359,0.14005688641385947,40,0.0018007700053060014,0,Biometric,0,Legitimate,ACC-100092
3,1.7036351422160565,735.9226941185121,0.1526889791152129,103,0.11114898773774605,1,Biometric,0,Legitimate,ACC-100093
3,0.8759198820657921,109.41757541628448,0.07296420844350325,68,0.09572090984532293,0,PIN,0,Legitimate,ACC-100094
29,5.062672975837864,33.722607417974146,0.8999153168988592,88,0.5399732759715232,2,OTP,1,Sleeper Mule,ACC-100095
1,1.1911477204142786,1506.2563963784817,0.005856276953629247,11,0.12989194301983378,1,Biometric,0,Legitimate,ACC-100096
3,0.9631942902292268,193.08426893876924,0.135170947525429,110,0.06172580029829023,1,PIN,0,Legitimate,ACC-100097
5,0.9058835245549575,574.5819436425983,0.14436394744210884,53,0.06759705463767218,2,Biometric,0,Legitimate,ACC-100098
3,1.2585486141425453,229.40342052420777,0.043997099027622236,53,0.01208411991074681,1,PIN,0,Legitimate,ACC-100099
5,1.1855040963796966,68.89608762166463,0.04812504534587714,75,0.0608851228996071,0,Biometric,0,Legitimate,ACC-100100
4,0.8663441096164324,250.24568091334115,0.03347457030802721,61,0.14772027718256175,0,Biometric,0,Legitimate,ACC-100101
3,1.0111877366380633,241.12204571106722,0.14494036258312112,26,0.05365446593108403,1,Biometric,0,Legitimate,ACC-100102
36,7.38402836003482,47.23437852812058,0.7206562193480346,1,0.8922522432427471,4,PIN,1,Fast Burner,ACC-100103
3,0.661205179624793,313.59578009245524,0.13170128943847922,85,0.09641209266890635,0,Biometric,0,Legitimate,ACC-100104
2,0.8884377428892731,527.8932066338604,0.19057752257697194,37,0.0013829391316354021,0,Biometric,0,Legitimate,ACC-100105
1,1.3030663731119807,363.8222262160695,0.10292255824755232,43,0.051313356180101626,0,Biometric,0,Legitimate,ACC-100106
3,1.2308442729465205,1172.6727526222835,0.029027938653228127,59,0.07633091105344142,1,Biometric,0,Legitimate,ACC-100107
33,5.8445076298737835,5.518556473829805,0.6895734792935034,98,0.8362129878954507,4,PIN,1,Sleeper Mule,ACC-100108
2,1.6686795331965207,103.18624722647596,0.17618175299822014,22,0.07466951955506373,0,PIN,0,Legitimate,ACC-100109
1,0.9484258021555493,167.0859807120567,0.03650044460011497,87,0.036204128227060685,0,Biometric,0,Legitimate,ACC-100110
2,1.1781532702228974,383.6933519832858,0.031888282324042484,93,0.08951993050697758,0,Biometric,0,Legitimate,ACC-100111
51,3.803716167312006,76.02598996546718,0.9114369795118907,0,0.9668997283276541,5,PIN,1,Fast Burner,ACC-100112
6,1.2623760202151872,637.847259562868,0.17323558432901048,11,0.10584039243430494,1,Biometric,0,Legitimate,ACC-100113
4,1.3876428000912153,472.7158383100174,0.011666654456960336,110,0.10978591886564465,0,Biometric,0,Legitimate,ACC-100114
47,4.8309906799035724,2.151069940959591,0.7049079218528153,2,0.9909576083297063,3,PIN,1,Fast Burner,ACC-100115
2,1.299589178569966,520.4127603231744,0.19975857017110765,83,0.14858473123375424,1,Biometric,0,Legitimate,ACC-100116
5,1.2035209109165808,199.83279948367633,0.006839297114166598,14,0.004446010897758429,1,Biometric,0,Legitimate,ACC-100117
3,0.9918700177509748,424.3514846800499,0.048546510489954245,8,0.10639043162583006,0,Biometric,0,Legitimate,ACC-100118
4,1.313467885629453,187.27302198998822,0.026380787766160176,70,0.08970825413094685,0,PIN,0,Legitimate,ACC-100119
1,1.135329616974315,174.38087082235467,0.1339610082476639,92,0.057957906444357145,1,OTP,0,Legitimate,ACC-100120
3,0.9029958858290581,195.375999923985,0.19089920569095595,113,0.050332219425946394,0,OTP,0,Legitimate,ACC-100121
35,5.393297403263859,11.156376918336967,0.8620977095075788,36,0.557888878033518,1,PIN,1,Sleeper Mule,ACC-100122
2,0.6375403033494867,131.40811851833234,0.05619221063460431,8,0.060624573229948985,0,Biometric,0,Legitimate,ACC-100123
4,0.9484128979201407,158.58590315276794,0.09121354607945978,118,0.03698087968154125,0,OTP,0,Legitimate,ACC-100124
29,3.5563152333629287,18.555614144150375,0.8947109595135837,80,0.8700768700824137,1,PIN,1,Sleeper Mule,ACC-100125
1,1.5159364357571408,1041.5144825541247,0.1771648582093247,109,0.09892462356883015,1,Biometric,0,Legitimate,ACC-100126
47,4.769351688949227,25.67358471409592,0.8423289753636063,43,0.526449370830968,2,OTP,1,Sleeper Mule,ACC-100127
3,1.42266298872795,71.82758285243509,0.004125326402752871,30,0.043687286290508616,0,Biometric,0,Legitimate,ACC-100128
6,1.65195859089368,152.53518678085698,0.14253656320881256,14,0.03367423082799462,0,Biometric,0,Legitimate,ACC-100129
47,5.548915465417082,29.33644426980249,0.7428960114498614,2,0.7919521873475542,6,OTP,1,Fast Burner,ACC-100130
4,0.8839592897780169,71.28789967070267,0.15325967560245207,19,0.14982245178828626,0,Biometric,0,Legitimate,ACC-100131
1,1.453065087366636,139.18773924621013,0.05621302978934704,80,0.12027786125859052,1,Biometric,0,Legitimate,ACC-100132
5,1.0587450509633147,282.0596116834897,0.1312016216941836,28,0.1204718889236317,0,PIN,0,Legitimate,ACC-100133
39,8.116093792433842,55.82509806402708,0.9325404097588661,1,0.9533275494846706,8,PIN,1,Fast Burner,ACC-100134
38,5.00766437554417,52.08789021916069,0.722853330566963,2,0.9023268786659072,2,OTP,1,Fast Burner,ACC-100135
41,3.684858409061392,38.90699121980721,0.7949884978208299,0,0.7891134703226882,5,PIN,1,Fast Burner,ACC-100136
31,8.486494418591139,11.55423653698787,0.9031485188999703,2,0.7523261426992272,8,PIN,1,Fast Burner,ACC-100137
3,1.7026908881536686,635.4886391993382,0.1495664721869776,94,0.12508218903905652,1,Biometric,0,Legitimate,ACC-100138
2,1.1900795995914697,541.2098555574094,0.1593316747699675,49,0.05669011595175796,1,PIN,0,Legitimate,ACC-100139
44,6.828074626691151,8.452360451403035,0.8369103202094443,0,0.9772967454955861,5,OTP,1,Fast Burner,ACC-100140
53,8.56285257326154,30.956697066421047,0.7082955267595765,0,0.7914381429566612,6,PIN,1,Fast Burner,ACC-100141
34,5.226635304910711,30.723939942367195,0.7906625968137967,101,0.6120107486240733,2,OTP,1,Sleeper Mule,ACC-100142
43,4.188345792376345,9.208537364762218,0.8931930913090718,1,0.9809217094293041,4,OTP,1,Fast Burner,ACC-100143
58,5.326450924817157,10.576087448849437,0.82459450261598,0,0.914420303709992,6,OTP,1,Fast Burner,ACC-100144
5,0.8042414841696601,712.5789746741566,0.07522448618445472,110,0.007196949181748263,0,PIN,0,Legitimate,ACC-100145
1,0.8536089153345816,179.91275321000785,0.13243307093894152,7,0.06213435234087841,0,Biometric,0,Legitimate,ACC-100146
32,10.243368841782267,3.124582212136436,0.9199398072250178,1,0.7230714262960126,3,OTP,1,Fast Burner,ACC-100147
3,1.2631906335645176,870.6135639292384,0.006718637815901496,40,0.0894713519092566,0,Biometric,0,Legitimate,ACC-100148
2,1.0125566386392333,158.18585678164385,0.04292950975403962,29,0.1437051779534415,0,PIN,0,Legitimate,ACC-100149
2,1.2823405006909694,139.0088633356783,0.12155464477548042,82,0.11954183454324865,1,Biometric,0,Legitimate,ACC-100150
57,7.7859043132837655,40.834160989230604,0.9986718096205945,1,0.65028729317117,5,OTP,1,Fast Burner,ACC-100151
33,4.906886089552436,50.15567623276714,0.7006958464692126,113,0.6267732451070936,3,OTP,1,Sleeper Mule,ACC-100152
35,5.675944285987173,32.609815829383365,0.6280292968775089,67,0.6925569628818178,3,OTP,1,Sleeper Mule,ACC-100153
4,1.2043145988732797,673.6222538058075,0.10627357276426777,27,0.06849985706150093,2,Biometric,0,Legitimate,ACC-100154
0,0.9599120155177869,139.9221538020906,0.04596408410500892,105,0.08860068525137534,1,PIN,0,Legitimate,ACC-100155
6,1.2333202419586897,953.3631884254278,0.030882021568453034,95,0.13865600708649742,2,PIN,0,Legitimate,ACC-100156
3,1.2270124751600875,592.0711177499522,0.16999690709984172,46,0.11498300555095965,0,Biometric,0,Legitimate,ACC-100157
42,6.105940427382627,17.54428628430075,0.787304955554062,1,0.8764764346610984,12,OTP,1,Fast Burner,ACC-100158
5,1.6333030235939834,175.96655298542333,0.09372827971671059,23,0.09258194670664151,0,PIN,0,Legitimate,ACC-100159
1,1.5235278583418839,868.0982097935434,0.05885008161769223,99,0.05388142987342717,2,Biometric,0,Legitimate,ACC-100160
3,0.9118659138048355,100.76626139982858,0.06008403748612645,74,0.13849152597776246,0,Biometric,0,Legitimate,ACC-100161
4,0.2898031913564193,355.1344754777732,0.19685225888315694,65,0.10681987267088823,0,PIN,0,Legitimate,ACC-100162
4,1.591674814743157,254.93857515799627,0.02918579591846662,91,0.051305075980568646,0,OTP,0,Legitimate,ACC-100163
3,0.9971787854119171,182.96081826315913,0.11350747350708373,62,0.08129471811391516,0,OTP,0,Legitimate,ACC-100164
41,7.933318324876734,7.347198367433224,0.9760294981942725,2,0.6483989530310026,4,OTP,1,Fast Burner,ACC-100165
3,0.9500575430013101,517.142735653227,0.05297048003649607,22,0.0679094990431399,2,Biometric,0,Legitimate,ACC-100166
5,1.4757783275043874,404.98366354175744,0.12417794091987029,89,0.05353760543897453,0,Biometric,0,Legitimate,ACC-100167
1,1.227714437699691,242.00239924562663,0.19433009958632108,64,0.026130305046479962,1,OTP,0,Legitimate,ACC-100168
3,0.8025500832892096,414.455402793929,0.011986086623778359,10,0.11866883853150127,0,Biometric,0,Legitimate,ACC-100169
2,0.3554628930282451,1536.1068610943803,0.030738731253978992,62,0.003062017602769401,0,Biometric,0,Legitimate,ACC-100170
4,1.4601470667300558,194.43769129420656,0.19923058084012923,88,0.09909109977164664,0,PIN,0,Legitimate,ACC-100171
2,1.7450379709987116,319.72000930764597,0.03789899376797055,76,0.036442800025924,0,PIN,0,Legitimate,ACC-100172
1,1.3047036805884238,445.5415534320443,0.19610543365945857,89,0.009965574375904507,0,Biometric,0,Legitimate,ACC-100173
6,1.3754860479259332,258.66567745127384,0.02519335526093727,61,0.1073799912096388,0,Biometric,0,Legitimate,ACC-100174
2,1.1323955598860977,1053.9159420000638,0.16219825461104787,104,0.018365295577272865,0,OTP,0,Legitimate,ACC-100175
38,6.211116313441422,2.4146920533504614,0.7216684064068595,2,0.7532603021570051,0,PIN,1,Fast Burner,ACC-100176
2,1.461245265559039,577.391769860878,0.0955227139422193,107,0.14080993620650628,0,PIN,0,Legitimate,ACC-100177
4,0.8875641144675543,324.47930431859623,0.15995723829202124,111,0.1215973196334121,1,OTP,0,Legitimate,ACC-100178
5,1.0630513171487712,904.090683612658,0.12780348578535258,63,0.04344562181277576,0,Biometric,0,Legitimate,ACC-100179
33,5.08026387203214,54.267518875005514,0.6383834583709075,70,0.8160018920815053,1,PIN,1,Sleeper Mule,ACC-100180
5,1.4719029706191455,334.8756045102942,0.03554723092430747,75,0.11202970667018067,0,Biometric,0,Legitimate,ACC-100181
2,0.8488849205686979,97.37614061599547,0.1564196294175203,68,0.09907041935531755,1,Biometric,0,Legitimate,ACC-100182
2,1.0600143095473062,815.0179210883027,0.0643541140496994,113,0.016262976812315005,0,Biometric,0,Legitimate,ACC-100183
5,1.0131808256988757,216.33452619339508,0.00482815542446673,9,0.0881784623998411,2,Biometric,0,Legitimate,ACC-100184
38,7.217040404965146,35.80643665377513,0.9413406257387009,2,0.9419513663900311,7,OTP,1,Fast Burner,ACC-100185
37,6.015101554515318,2.8088444118403246,0.7208544826155289,2,0.8777666449042605,4,OTP,1,Fast Burner,ACC-100186
48,7.880157018516664,6.879549790213776,0.8705168100959635,1,0.7058727368826733,4,PIN,1,Fast Burner,ACC-100187
1,1.1438503356408416,68.8796452533971,0.16983261402872413,102,0.029223549366739796,1,Biometric,0,Legitimate,ACC-100188
2,1.704794278203989,260.9677244235663,0.04101696639439503,76,0.13486842447125819,0,PIN,0,Legitimate,ACC-100189
2,0.9171674279308576,474.71514288702076,0.016238918164064864,113,0.0954469260114378,2,PIN,0,Legitimate,ACC-100190
47,7.424195960886814,11.7028881499975,0.7555309818266518,1,0.7354839503232633,5,PIN,1,Fast Burner,ACC-100191
43,4.428413806799262,2.496059171547025,0.8805079031148155,2,0.8514960982636228,3,PIN,1,Fast Burner,ACC-100192
46,4.058377479802646,17.030019170795537,0.787307435842932,78,0.6705611587261913,1,OTP,1,Sleeper Mule,ACC-100193
2,1.3334574661794967,885.1596941970187,0.18620156192982465,112,0.02027457146511229,1,Biometric,0,Legitimate,ACC-100194
2,1.101661483236761,66.93015255924102,0.12419328555343173,44,0.03805557112682182,0,Biometric,0,Legitimate,ACC-100195
1,1.165801034148112,1299.1294607072289,0.09132579783022832,66,0.13691077101465896,0,Biometric,0,Legitimate,ACC-100196
2,0.8846012945930164,166.01062111149741,0.04997298854387336,106,0.10503150224853339,1,PIN,0,Legitimate,ACC-100197
41,4.277256564233885,32.50319738420127,0.7469222877891548,2,0.831035560029239,6,OTP,1,Fast Burner,ACC-100198
40,6.985082351497054,6.201895332299109,0.9871187896593419,1,0.7900917396850834,11,PIN,1,Fast Burner,ACC-100199
37,5.427712596495365,3.23509929749286,0.7305479442815064,0,0.7903187098727127,0,OTP,1,Fast Burner,ACC-100200
4,0.7159895291385181,1007.9012958559067,0.0848875208001787,98,0.07067014777071333,0,Biometric,0,Legitimate,ACC-100201
2,1.1905976541990833,248.19173594489857,0.19382832400997196,45,0.1277181621267025,0,Biometric,0,Legitimate,ACC-100202
44,8.525667878921153,11.740088769310159,0.9975008239700192,0,0.8130546287060741,4,OTP,1,Fast Burner,ACC-100203
3,1.2544433645637167,101.68317297379633,0.08372677120959582,92,0.051147340359613616,1,Biometric,0,Legitimate,ACC-100204
2,1.2791665483050065,1366.2016358211524,0.10406372164876765,110,0.01485604977632285,1,PIN,0,Legitimate,ACC-100205
1,1.2500448178554833,294.57550771655053,0.15023330215912478,21,0.10705395707185182,0,Biometric,0,Legitimate,ACC-100206
2,1.1322055363967813,105.54513490322395,0.18599883648393112,19,0.07680198686531924,0,Biometric,0,Legitimate,ACC-100207
57,8.670958405449985,2.5905940111867647,0.8551339321153941,2,0.8479894641001503,2,OTP,1,Fast Burner,ACC-100208
4,1.3262299687555759,690.3195100483292,0.11040085597706353,103,0.04896151290516388,0,Biometric,0,Legitimate,ACC-100209
2,0.9465787773626471,569.5981433603682,0.07430939900063505,96,0.043888224336042274,1,Biometric,0,Legitimate,ACC-100210
3,1.9740875696072324,720.6646584432585,0.027473730914980555,35,0.12783131779663298,0,Biometric,0,Legitimate,ACC-100211
48,6.146538752544019,29.261151531316635,0.7537267725213079,2,0.9313123274753823,5,PIN,1,Fast Burner,ACC-100212
2,1.010866442762046,423.16172750029403,0.049910478443024014,92,0.08747811833558403,1,PIN,0,Legitimate,ACC-100213
43,8.750926233169606,2.063221865735424,0.9678713932366596,2,0.8984195656827907,4,OTP,1,Fast Burner,ACC-100214
5,1.107226827710181,1012.5662916896415,0.12276128023508676,112,0.05773352024537725,0,OTP,0,Legitimate,ACC-100215
38,3.1579592992540797,54.4210718782982,0.6385150868758596,95,0.8208277752059754,3,PIN,1,Sleeper Mule,ACC-100216
3,1.3979548836313695,1462.0076865771114,0.07104857220207104,105,0.020098633613589482,0,PIN,0,Legitimate,ACC-100217
38,7.1329390270723,5.642718868651601,0.8591772794563254,1,0.8179332839819343,5,PIN,1,Fast Burner,ACC-100218
3,1.9319623400956503,866.9408117527998,0.15424020580732672,47,0.08968752876018668,0,Biometric,0,Legitimate,ACC-100219
6,1.3816631947756748,288.15561355459687,0.15335568490664864,41,0.05877011563869925,2,Biometric,0,Legitimate,ACC-100220
3,1.3825474946034235,166.19130592142062,0.06746575536671842,44,0.12861062541953866,0,Biometric,0,Legitimate,ACC-100221
23,6.234456423957236,6.512374153575649,0.8101387760784848,38,0.6366237451972268,3,OTP,1,Sleeper Mule,ACC-100222
2,1.2575981365866802,952.158569144479,0.1005442617909448,22,0.0709835604159237,1,Biometric,0,Legitimate,ACC-100223
3,0.8786415426393042,309.0830148918619,0.07295676267404959,98,0.05736526274707657,0,Biometric,0,Legitimate,ACC-100224
6,1.0239125370071147,265.5215846687678,0.05866550065815166,94,0.046688538433004405,1,Biometric,0,Legitimate,ACC-100225
4,1.0531599013974027,186.3893924359436,0.05331951536608346,118,0.05109925373069308,1,OTP,0,Legitimate,ACC-100226
2,0.9839164270236205,144.12649097126538,0.11802171041871237,100,0.05251771191916874,1,PIN,0,Legitimate,ACC-100227
2,1.1636773702828338,165.95895868561837,0.10575892236074975,101,0.05218409113218657,1,Biometric,0,Legitimate,ACC-100228
2,0.9606533635671661,248.63572898647868,0.10057509553182803,103,0.0741825285145776,0,Biometric,0,Legitimate,ACC-100229
3,0.8651807471784314,261.8677398166175,0.19368215773823028,55,0.11607011974331823,0,Biometric,0,Legitimate,ACC-100230
43,9.660682187472363,37.025387912402905,0.8692713065076968,0,0.6143894598797527,13,Biometric,1,Fast Burner,ACC-100231
5,1.411544597681453,223.95420926579345,0.1592799977541292,85,0.13093189699924998,1,Biometric,0,Legitimate,ACC-100232
33,5.34735214416952,11.407640015224548,0.8970845565354559,81,0.6860037303182653,3,PIN,1,Sleeper Mule,ACC-100233
4,0.9121935118055631,128.57180273028501,0.015039310841915832,21,0.04458878203555317,1,PIN,0,Legitimate,ACC-100234
2,1.1444202255208924,1140.201183955321,0.04424373121549124,54,0.14528380372910119,1,Biometric,0,Legitimate,ACC-100235
4,1.332684491499093,696.9212457213036,0.0176010500611403,41,0.016161335809752313,0,PIN,0,Legitimate,ACC-100236
4,1.9570119994198674,95.21138431974319,0.18792783830991563,19,0.11267717422487376,1,PIN,0,Legitimate,ACC-100237
1,1.6334550861779422,1281.1138350560568,0.1718931555941131,117,0.11032153382563843,0,PIN,0,Legitimate,ACC-100238
37,5.51275173794376,14.130719501597936,0.6216089715984513,87,0.5518901518223318,4,PIN,1,Sleeper Mule,ACC-100239
2,0.7424443690013406,153.29410393832336,0.18432284465608895,10,0.009272285066959379,1,Biometric,0,Legitimate,ACC-100240
7,1.610960467008573,141.0697981212478,0.15110954516827202,92,0.13602159074719242,1,PIN,0,Legitimate,ACC-100241
40,8.412701654061806,2.845240310974666,0.8836552584735624,2,0.6190266173290089,5,PIN,1,Fast Burner,ACC-100242
49,7.617133207995364,7.938944438361788,0.8808447466015389,1,0.8798679092541375,6,PIN,1,Fast Burner,ACC-100243
2,1.172350256753557,65.39853042190647,0.0482603284509928,84,0.11659481785698866,1,Biometric,0,Legitimate,ACC-100244
3,1.011008990443293,485.7896717429508,0.17071316744227588,75,0.031737574934323796,0,OTP,0,Legitimate,ACC-100245
4,1.1624140131691685,672.7330868959058,0.11500943328879004,74,0.019534191953780443,1,Biometric,0,Legitimate,ACC-100246
4,1.0759683592870468,956.4838006907211,0.08067139434757503,34,0.12555043030813776,0,Biometric,0,Legitimate,ACC-100247
3,1.5516824878824205,133.0376597513599,0.09978257465791518,55,0.031429410243377316,0,Biometric,0,Legitimate,ACC-100248
25,7.294385885836977,17.610481880014532,0.8733641732814521,46,0.6711291795074525,4,OTP,1,Sleeper Mule,ACC-100249
34,4.673392933140908,17.743587210637756,0.6383315488994452,89,0.520469926699519,4,PIN,1,Sleeper Mule,ACC-100250
53,5.491819196735802,49.284341619321815,0.7159516323248575,0,0.9424314392521573,4,PIN,1,Fast Burner,ACC-100251
1,0.8635061290400415,716.246511045374,0.1843184620026636,84,0.051549684198596575,1,PIN,0,Legitimate,ACC-100252
0,1.1707137912677772,61.69486260325246,0.0638054536746699,43,0.09649502490541625,0,PIN,0,Legitimate,ACC-100253
0,0.8634095640151753,683.3431984064918,0.08620868304236701,18,0.12279632828076492,0,PIN,0,Legitimate,ACC-100254
4,1.067646992761872,74.6690022918477,0.19970502259791856,73,0.04891672692639316,0,OTP,0,Legitimate,ACC-100255
41,7.34857401320482,33.056047807197,0.7308453082687302,1,0.8005503758183133,9,PIN,1,Fast Burner,ACC-100256
0,1.0440976565389093,433.0081359267834,0.012635609990763874,105,0.04589342130296436,1,Biometric,0,Legitimate,ACC-100257
2,1.3522835468829741,973.7124238324353,0.14464002854531074,18,0.06269820362833102,1,Biometric,0,Legitimate,ACC-100258
0,1.0109303779060683,147.54231916784045,0.08762751427391335,93,0.11611606805640612,0,Biometric,0,Legitimate,ACC-100259
4,1.037190937829216,878.8781836571256,0.05856119973902057,20,0.1379410292580955,0,Biometric,0,Legitimate,ACC-100260
4,1.4823199654355792,623.2202632131327,0.06162528152077049,78,0.0811650077591127,1,Biometric,0,Legitimate,ACC-100261
2,1.1925907070745023,139.6165557387613,0.1567185314834661,19,0.12223444353794603,3,OTP,0,Legitimate,ACC-100262
33,7.775005223797473,29.840949680083416,0.9068889401681195,1,0.7396882219090579,5,OTP,1,Fast Burner,ACC-100263
4,1.860672982011874,115.87671337806012,0.07480103987465785,14,0.02314329222871453,0,Biometric,0,Legitimate,ACC-100264
3,1.6836934583710645,654.9664762794102,0.050434221133037194,68,0.02426786017226214,0,PIN,0,Legitimate,ACC-100265
4,1.1451844614557016,461.0869109012498,0.11053913775255708,64,0.01851600145396463,0,Biometric,0,Legitimate,ACC-100266
2,0.9522638624236479,134.7087251642603,0.07651870290020091,28,0.007741253122579233,1,Biometric,0,Legitimate,ACC-100267
4,0.41832697329344015,858.4200258120327,0.18272654923570095,84,0.10010679593112376,0,OTP,0,Legitimate,ACC-100268
1,0.9765063697544833,583.2365500883132,0.029760421425691286,80,0.07997663906404424,0,Biometric,0,Legitimate,ACC-100269
4,1.069242793505578,919.2029637874426,0.13003446271450217,116,0.14995434140321406,0,Biometric,0,Legitimate,ACC-100270
6,1.1742408297606715,2055.560557795172,0.1343683943608935,53,0.06085658829874973,0,Biometric,0,Legitimate,ACC-100271
35,3.182675814978538,27.85503165474533,0.8986938412344323,42,0.7521646213194062,5,OTP,1,Sleeper Mule,ACC-100272
1,0.8929020761607857,70.43914712189586,0.07915416643340766,79,0.06962937999674208,0,Biometric,0,Legitimate,ACC-100273
2,1.4821109065869893,801.4728971538408,0.18278331577920662,32,0.09803375133871493,0,Biometric,0,Legitimate,ACC-100274
1,1.3730761232052877,70.60414808867156,0.10048835851494436,62,0.011347890297102753,0,Biometric,0,Legitimate,ACC-100275
3,1.1503727843454319,222.83609382818815,0.06833966809804458,95,0.03185693461576053,0,PIN,0,Legitimate,ACC-100276
4,1.1925793737592796,1507.763667471135,0.07902015060295786,14,0.13790370982776237,1,Biometric,0,Legitimate,ACC-100277
48,6.12870009851742,5.541336678432691,0.7820823281987704,1,0.7322007099509464,12,PIN,1,Fast Burner,ACC-100278
4,0.9348231150514963,442.72864772525304,0.1405841996123936,97,0.12030490965995524,0,Biometric,0,Legitimate,ACC-100279
31,3.504522170905172,23.96205226942453,0.767168249979209,116,0.6374052620406357,4,PIN,1,Sleeper Mule,ACC-100280
32,3.680090196139089,35.020110395694005,0.756477450092518,59,0.7736999675893503,1,PIN,1,Sleeper Mule,ACC-100281
6,1.1244663978220861,136.02032334736936,0.16423855167272283,8,0.02808507594229942,0,PIN,0,Legitimate,ACC-100282
3,1.2222821070570433,801.256265302517,0.19236663325826395,85,0.03853872975769441,0,PIN,0,Legitimate,ACC-100283
1,0.9422687177849578,802.4636751055485,0.16172085043476697,100,0.09782130924170793,0,PIN,0,Legitimate,ACC-100284
43,6.416314864038221,33.677709926776906,0.8772575818943533,1,0.9895902125146789,3,PIN,1,Fast Burner,ACC-100285
3,1.2509079473913851,420.6753047936049,0.064763706911655,72,0.1250937186997435,0,Biometric,0,Legitimate,ACC-100286
4,0.7235318703876539,158.9474191236548,0.12745712936288797,43,0.057669148388068414,0,Biometric,0,Legitimate,ACC-100287
7,0.9470693086011392,288.49244677312413,0.12405740189770201,56,0.12703318614764628,0,Biometric,0,Legitimate,ACC-100288
7,1.085468640997787,740.0429134264847,0.09649987497314923,61,0.13937852047939953,0,Biometric,0,Legitimate,ACC-100289
6,0.9589918701702917,861.8533342185015,0.14843580765903128,91,0.1228229080305456,1,Biometric,0,Legitimate,ACC-100290
5,1.3999627595947892,380.4339819990817,0.056649812455474895,105,0.1429169288650583,0,Biometric,0,Legitimate,ACC-100291
4,1.4593754375255312,131.3306263486005,0.012360574015806947,20,0.12200542294695839,1,PIN,0,Legitimate,ACC-100292
4,0.7636155754268517,443.9622617060285,0.06952556028779887,7,0.06834736814834695,0,Biometric,0,Legitimate,ACC-100293
2,1.1236876748920315,882.1456510822204,0.1417261395941967,55,0.04248234405611366,1,Biometric,0,Legitimate,ACC-100294
2,1.6814803505261704,722.711904272002,0.04856886060008954,110,0.10421362750715593,1,PIN,0,Legitimate,ACC-100295
1,1.0712453129317037,309.5639282858573,0.07488723146980288,65,0.07065283650280235,1,OTP,0,Legitimate,ACC-100296
4,1.5648497330346762,547.5149480627181,0.10041432146396473,115,0.13112615535655497,2,Biometric,0,Legitimate,ACC-100297
41,8.900961722896955,13.412632581693373,0.986358315896978,2,0.9044814398970159,7,PIN,1,Fast Burner,ACC-100298
4,1.1967182844119741,703.8156710755954,0.022653816631784476,23,0.04313393476360484,0,Biometric,0,Legitimate,ACC-100299
3,1.2491772190780288,282.38055306590735,0.10312837348015652,61,0.13740382790279218,1,Biometric,0,Legitimate,ACC-100300
3,1.4927510674871454,998.654102859151,0.016364784569193658,68,0.12387253751315468,0,Biometric,0,Legitimate,ACC-100301
2,1.4173284528706236,76.41756693102361,0.07614417624709505,50,0.08730653677208598,0,Biometric,0,Legitimate,ACC-100302
0,1.3323107504552287,504.36805236443575,0.10989489593709817,67,0.14426044054599962,1,Biometric,0,Legitimate,ACC-100303
3,1.104557210201572,604.7999951080283,0.09114640825601768,31,0.0841805748313292,1,Biometric,0,Legitimate,ACC-100304
32,3.914294459234184,5.351673227225452,0.8067672394494602,72,0.6599671398374161,3,PIN,1,Sleeper Mule,ACC-100305
41,5.333133587255241,10.257895516121666,0.7271990106946721,43,0.5978104171794691,2,PIN,1,Sleeper Mule,ACC-100306
4,1.6533849372332226,1670.777695457458,0.03848912107224816,105,0.03210013525675862,1,PIN,0,Legitimate,ACC-100307
2,1.0151917368846133,311.50186490531473,0.08762095792951526,65,0.11997873326293367,0,Biometric,0,Legitimate,ACC-100308
1,1.295648113073859,167.14997553952526,0.06961045739818683,63,0.1264339010920345,0,Biometric,0,Legitimate,ACC-100309
4,1.10428112406459,240.0943978821332,0.00028944410419986524,100,0.005360318382033713,1,Biometric,0,Legitimate,ACC-100310
42,6.246468952980172,22.082407956453146,0.956476172545293,2,0.9054744039025827,2,OTP,1,Fast Burner,ACC-100311
2,1.1638496825330025,1732.4684464460215,0.1995913431004572,34,0.13205466142868588,0,Biometric,0,Legitimate,ACC-100312
42,6.276784674213884,56.28451045108129,0.7123704659445684,114,0.7747508706131883,3,OTP,1,Sleeper Mule,ACC-100313
2,0.9683553108864172,64.96436689743167,0.0631830564911272,119,0.04743726627229113,0,Biometric,0,Legitimate,ACC-100314
1,1.389774839892659,235.3827660588054,0.14129113706331614,35,0.07788700164523296,0,PIN,0,Legitimate,ACC-100315
3,1.434991271126614,303.6023127177245,0.18341975371660144,39,0.02817619328018174,1,Biometric,0,Legitimate,ACC-100316
1,1.831756903308998,95.98856680030029,0.008968087367982559,79,0.07616309769489052,0,Biometric,0,Legitimate,ACC-100317
39,5.633391863297089,32.811407788451845,0.6487191450319125,103,0.8832799444656971,5,PIN,1,Sleeper Mule,ACC-100318
52,7.270794005719657,45.56299175804581,0.8726357310234221,0,0.8152168800190263,7,OTP,1,Fast Burner,ACC-100319
28,6.584051313621878,26.43240334067803,0.8196326989429734,90,0.7309323689297762,5,PIN,1,Sleeper Mule,ACC-100320
43,4.539420404659651,16.286214003818063,0.7647074807180272,2,0.7219477345077239,4,OTP,1,Fast Burner,ACC-100321
0,1.77790362171634,77.1560459632714,0.13707904918190772,90,0.09530426511425723,0,Biometric,0,Legitimate,ACC-100322
2,1.0110341287281854,587.6802299388773,0.008898885363679821,44,0.1414900783255984,0,Biometric,0,Legitimate,ACC-100323
4,1.242806523660489,201.4278017259167,0.05819008511042578,71,0.028097061913600112,0,Biometric,0,Legitimate,ACC-100324
4,1.224108697788909,2175.95572340307,0.07331018763331805,86,0.035052042662171476,0,Biometric,0,Legitimate,ACC-100325
2,1.2053909745049411,237.41040434402402,0.00850869698598018,97,0.08232698329691228,0,Biometric,0,Legitimate,ACC-100326
3,0.5920266670201694,1159.2749261620584,0.12714787150603743,69,0.0728349005752895,2,Biometric,0,Legitimate,ACC-100327
31,10.528090121867276,76.11926257944727,0.9006348173239817,0,0.8982053049374069,4,OTP,1,Fast Burner,ACC-100328
35,4.951762473547065,3.8416572355496363,0.9744745725426566,2,0.8309770726061104,2,OTP,1,Fast Burner,ACC-100329
53,3.8514731243534213,3.7400588069235736,0.856227932594343,0,0.9169338787263855,4,PIN,1,Fast Burner,ACC-100330
2,1.3141560915948909,950.0427886593011,0.19429841129464276,110,0.04526744576097745,1,Biometric,0,Legitimate,ACC-100331
50,5.301062618821261,10.865395371634232,0.7880658632606788,2,0.8298117351216825,11,OTP,1,Fast Burner,ACC-100332
4,0.5939830756430323,289.4210018463795,0.08205714213063182,51,0.14385926654769982,1,Biometric,0,Legitimate,ACC-100333
4,1.3236213411198072,684.6275782030618,0.18883018184656347,43,0.0065029821179292124,0,Biometric,0,Legitimate,ACC-100334
2,0.7526760229165579,2009.075914627086,0.019000552364586133,64,0.01829616514538927,0,Biometric,0,Legitimate,ACC-100335
1,1.2132193904738813,315.95894484650506,0.14728792842265379,11,0.07123784808167104,0,PIN,0,Legitimate,ACC-100336
4,1.3312518610419108,586.1101544039307,0.1680352595646008,15,0.001670636470825959,0,Biometric,0,Legitimate,ACC-100337
47,5.7291942982460595,18.708349784310034,0.9946797487858676,1,0.741618618073458,2,PIN,1,Fast Burner,ACC-100338
3,1.5336877349675182,352.8260795141458,0.09924117599000162,83,0.14893808258009056,2,OTP,0,Legitimate,ACC-100339
45,5.559539184053846,26.874586418325407,0.7472811641108734,2,0.908082649379484,8,OTP,1,Fast Burner,ACC-100340
52,8.023911635521127,3.163085182291769,0.8051297277372862,2,0.6371709360062017,7,OTP,1,Fast Burner,ACC-100341
1,1.2052286858874306,284.3602616468162,0.04425535107444665,18,0.016844208211484656,0,Biometric,0,Legitimate,ACC-100342
2,1.0516506078555068,1792.9230335186421,0.15766547912423548,87,0.13618838061253813,0,PIN,0,Legitimate,ACC-100343
44,2.388181652123553,12.439737963874704,0.7336666245125264,0,0.861648146135207,7,Biometric,1,Fast Burner,ACC-100344
40,6.0464503832242285,3.8737349575414166,0.9377693922692965,1,0.8194985113760714,10,PIN,1,Fast Burner,ACC-100345
46,2.3780245625737724,21.835517431955036,0.7410417627636221,39,0.8046333609960536,0,PIN,1,Sleeper Mule,ACC-100346
5,1.687153123280777,645.2294541053711,0.10265767207729906,6,0.09867785728703042,1,PIN,0,Legitimate,ACC-100347
5,0.8307064509584221,1204.6999779242137,0.1533607330413915,11,0.1488672480449114,0,Biometric,0,Legitimate,ACC-100348
2,0.8589920643237554,1539.8236687950352,0.11065288040654611,95,0.10733574153037025,2,Biometric,0,Legitimate,ACC-100349
2,0.31385295437981264,105.97925892162172,0.036519749905708034,61,0.100278429755395,0,PIN,0,Legitimate,ACC-100350
56,8.923957466745541,6.311367609620718,0.9663896557701669,2,0.9449394997796629,6,OTP,1,Fast Burner,ACC-100351
3,0.743783541109764,559.1560715658986,0.05625569001462216,47,0.10475891774988186,1,PIN,0,Legitimate,ACC-100352
3,0.6261445939956511,96.80423561629017,0.1489134390420633,89,0.07743260099648389,0,Biometric,0,Legitimate,ACC-100353
32,3.645368987285351,7.873107963648419,0.8747618544432674,91,0.5840137354043531,3,OTP,1,Sleeper Mule,ACC-100354
0,1.3966663074865358,1128.0735276509479,0.11791685755067008,40,0.12388180161876824,0,Biometric,0,Legitimate,ACC-100355
2,1.1257821180157692,413.37749211393594,0.025093077813612055,35,0.14981706086230853,1,PIN,0,Legitimate,ACC-100356
3,0.38117868452287984,252.8997076490943,0.17845597717129635,106,0.10755409443271213,1,OTP,0,Legitimate,ACC-100357
2,1.1064877222598357,1232.2658674384184,0.187556991360323,56,0.030861927306913128,0,Biometric,0,Legitimate,ACC-100358
4,1.2463945629709874,528.429077314436,0.03987294634943264,14,0.13515528754777162,0,OTP,0,Legitimate,ACC-100359
3,0.9609656301992473,1627.5977119855243,0.19211845757123586,65,0.011033070973723686,1,Biometric,0,Legitimate,ACC-100360
4,1.2975755027563032,195.35851882040163,0.0005341986735326598,75,0.08308400826240193,0,Biometric,0,Legitimate,ACC-100361
39,7.307326717625978,32.37772497809892,0.766545803046995,1,0.6817695162657617,6,PIN,1,Fast Burner,ACC-100362
5,1.1658370176792776,209.55674039974048,0.04499628311476243,60,0.09819314028004715,1,Biometric,0,Legitimate,ACC-100363
4,1.03879122320598,280.2044623597803,0.03036868912905513,55,0.01630640997002142,0,OTP,0,Legitimate,ACC-100364
5,2.1857171141045524,405.06609215062997,0.05978383185681538,115,0.14359284134490385,0,Biometric,0,Legitimate,ACC-100365
5,0.8502077442958617,138.1707500751341,0.16790441114444243,49,0.048703928490002435,0,PIN,0,Legitimate,ACC-100366
2,0.9076642357169111,1683.694261075054,0.1396150737463173,39,0.04145903161326458,1,Biometric,0,Legitimate,ACC-100367
3,0.90967429813587,576.6624632916472,0.11566132988954583,34,0.11792978652525424,0,Biometric,0,Legitimate,ACC-100368
43,7.088123962857552,44.143208187656626,0.7088215231541358,0,0.8667521032362253,5,PIN,1,Fast Burner,ACC-100369
47,7.478988145650266,14.197501325465263,0.9595086051788972,1,0.8515684740584595,3,OTP,1,Fast Burner,ACC-100370
42,6.31644052281264,16.547793172318258,0.9051233474898565,1,0.7589285855829,6,OTP,1,Fast Burner,ACC-100371
1,0.841986356266854,1368.2413932666161,0.01164869055429425,112,0.07586668125690928,1,OTP,0,Legitimate,ACC-100372
5,1.4162967460292757,1064.0731862059106,0.05313395117128832,81,0.06646528537437717,0,Biometric,0,Legitimate,ACC-100373
2,1.382972736796393,282.74350346714886,0.086878978775471,27,0.032227276428040186,0,Biometric,0,Legitimate,ACC-100374
52,5.425990697924362,10.129573934061774,0.9972343779900215,0,0.7684501892474154,4,PIN,1,Fast Burner,ACC-100375
5,1.029998822111568,1277.3536750623527,0.13589082880998382,50,0.13362080605518512,1,Biometric,0,Legitimate,ACC-100376
4,1.5975013964836915,445.3874574293304,0.058395201733112884,105,0.025347088385056876,1,PIN,0,Legitimate,ACC-100377
4,1.2783553623838886,126.83207766111295,0.12680967528727302,95,0.04285638672934916,0,Biometric,0,Legitimate,ACC-100378
40,6.203594971713809,9.520183574811426,0.7667586314577418,0,0.9166844795081504,2,OTP,1,Fast Burner,ACC-100379
47,6.5885022456531255,12.00607066349292,0.8339638456293068,0,0.7609113488694225,2,OTP,1,Fast Burner,ACC-100380
50,6.127437352612963,12.40982180691767,0.7148405604359664,2,0.619339532604872,9,OTP,1,Fast Burner,ACC-100381
2,1.4929493108318668,179.84153922592225,0.12912935845174653,81,0.022044876151281173,1,Biometric,0,Legitimate,ACC-100382
3,1.4357922296596382,131.0449798012762,0.1748202126033132,116,0.08693912976469029,0,Biometric,0,Legitimate,ACC-100383
3,0.9830780685263566,354.094096506716,0.1377378301862335,88,0.03083860746845414,0,PIN,0,Legitimate,ACC-100384
3,1.462421886474077,108.79554158853969,0.04989597892635367,43,0.08383646803110446,1,Biometric,0,Legitimate,ACC-100385
30,5.836451628626814,8.239408388925176,0.7550852287876475,113,0.7950326525629119,3,OTP,1,Sleeper Mule,ACC-100386
5,1.119151873288804,626.8803501768625,0.028748251203943843,80,0.06676142129894329,2,Biometric,0,Legitimate,ACC-100387
2,1.1066375132478956,134.54404525740807,0.012082398338898837,18,0.10052919130582624,0,PIN,0,Legitimate,ACC-100388
2,1.043413330357231,219.10458961677355,0.06949392829952432,48,0.05833544608372473,0,Biometric,0,Legitimate,ACC-100389
2,0.8813279047970147,528.7170819614114,0.09521023878609691,32,0.13076377946990064,0,PIN,0,Legitimate,ACC-100390
27,4.248183492802509,14.312785538343608,0.8138407246736887,85,0.8929889723184825,1,OTP,1,Sleeper Mule,ACC-100391
3,0.9336111190195135,944.4883977100023,0.1715711971629349,53,0.038548734563671375,0,Biometric,0,Legitimate,ACC-100392
8,1.2744916427207953,744.3607397837056,0.08280558475107216,98,0.0038790575307895646,2,OTP,0,Legitimate,ACC-100393
3,1.4176256481473297,754.9058227884872,0.19585999948348107,53,0.10660058985619067,0,Biometric,0,Legitimate,ACC-100394
3,1.2601184354629054,793.3716674454698,0.07232406280268742,89,0.12143397352151358,0,PIN,0,Legitimate,ACC-100395
4,0.8639403595676461,177.2737178782118,0.04533804533370267,33,0.024867567934308586,0,OTP,0,Legitimate,ACC-100396
2,1.2024200278233408,1523.645326500756,0.16971723784000112,111,0.08599427812052228,0,Biometric,0,Legitimate,ACC-100397
38,6.508072366777198,13.359387114242494,0.9859737422586623,0,0.8864483560746392,9,PIN,1,Fast Burner,ACC-100398
3,0.8269913217960329,639.3021233720636,0.1315474157974945,46,0.05372523124211424,0,Biometric,0,Legitimate,ACC-100399
4,0.8011922823197808,724.8762106840992,0.18293796422889552,76,0.09597596484146584,0,Biometric,0,Legitimate,ACC-100400
44,7.2491767383597985,14.74138821184713,0.9711099348065443,1,0.9670193537955054,6,OTP,1,Fast Burner,ACC-100401
4,1.0592607851617613,190.7295408519312,0.15716566477805294,108,0.1238619723401007,0,Biometric,0,Legitimate,ACC-100402
2,1.0580677759918433,320.0982050772198,0.1335945219338552,19,0.12780549259226423,0,Biometric,0,Legitimate,ACC-100403
40,3.768236461591851,4.442149835227472,0.9039370540397618,1,0.8527897076608459,5,PIN,1,Fast Burner,ACC-100404
3,1.1890658039225885,275.55697015400824,0.0277866458880909,118,0.11388115465695675,0,Biometric,0,Legitimate,ACC-100405
2,1.5422687931450823,552.2380913326851,0.029010128160285253,96,0.09202014008281258,0,Biometric,0,Legitimate,ACC-100406
3,0.9795074696228202,260.4833874233839,0.04372366625177182,36,0.10042735614030182,0,Biometric,0,Legitimate,ACC-100407
4,1.7502403693087172,1280.839716111192,0.06348106583179383,98,0.11113716918557713,0,Biometric,0,Legitimate,ACC-100408
1,1.4454941208959886,574.4970892220167,0.106307359390798,118,0.11393582882353677,0,PIN,0,Legitimate,ACC-100409
2,1.228404416841219,218.39520479402594,0.16185064553013098,63,0.04631636645429962,0,Biometric,0,Legitimate,ACC-100410
4,1.0729690250462167,178.50910307086298,0.10071043020339697,88,0.08846894997676877,1,PIN,0,Legitimate,ACC-100411
1,1.3699823498505266,1804.335526176288,0.031490266729253036,84,0.0363181140943556,0,Biometric,0,Legitimate,ACC-100412
2,1.5529032168514363,396.7611974935901,0.1578439182855189,41,0.08259205616169131,1,Biometric,0,Legitimate,ACC-100413
2,1.4720352800026286,1010.5658381569807,0.1017703290499763,71,0.10728726390086593,0,Biometric,0,Legitimate,ACC-100414
36,9.618419035550186,3.6250281258789006,0.8478491420602146,0,0.9424889626765796,11,PIN,1,Fast Burner,ACC-100415
1,1.2229554186731133,452.6447122873492,0.09771622899500904,105,0.12298340753087732,0,PIN,0,Legitimate,ACC-100416
30,5.54632138870303,8.403577199928955,0.7936852648603399,47,0.6870172328685785,2,OTP,1,Sleeper Mule,ACC-100417
5,1.5257015727550913,756.2842648619375,0.13348863523637497,20,0.06664523039626044,0,Biometric,0,Legitimate,ACC-100418
3,0.5340032737330871,198.1209724857525,0.15291029285409802,99,0.04548022070764241,0,Biometric,0,Legitimate,ACC-100419
0,1.3292538015509239,542.4077418164864,0.15794635266400234,87,0.13479536320091634,1,Biometric,0,Legitimate,ACC-100420
4,0.9804422370425808,565.899064350775,0.0712956330295665,114,0.14568077417855968,0,PIN,0,Legitimate,ACC-100421
6,0.9512569543669784,1722.5112529648698,0.009308007912994798,52,0.08534139765994127,0,Biometric,0,Legitimate,ACC-100422
4,0.8673705313785014,225.68994948580885,0.021307338721674386,57,0.14480941784721174,1,PIN,0,Legitimate,ACC-100423
3,1.2715698378426228,495.7669462072738,0.06816837101561361,32,0.013175147251851076,0,Biometric,0,Legitimate,ACC-100424
36,5.27551019138077,44.879923288600835,0.7129129188560374,102,0.6450826458421558,3,PIN,1,Sleeper Mule,ACC-100425
1,1.237399018022267,574.505340180546,0.18001936229262358,103,0.10509963085849354,0,Biometric,0,Legitimate,ACC-100426
1,1.0849746174093204,519.5185766352043,0.15818352005562583,119,0.020134999589241337,0,Biometric,0,Legitimate,ACC-100427
41,7.555010416008638,112.2593090476464,0.8137811010568514,117,0.5600145483297798,3,OTP,1,Sleeper Mule,ACC-100428
2,0.7843918444666517,663.1082344736055,0.08684555539859443,36,0.06666534146618082,0,OTP,0,Legitimate,ACC-100429
2,1.0118916444508816,129.43015476651883,0.08399108482955714,41,0.10328764333612751,1,PIN,0,Legitimate,ACC-100430
58,3.3042773847462605,7.318135218211336,0.786619495168068,1,0.6344066170148042,3,OTP,1,Fast Burner,ACC-100431
3,0.36511187029703385,244.3659639932277,0.05523676288130075,66,0.07453331224538733,1,Biometric,0,Legitimate,ACC-100432
4,1.1835760812971352,69.86124820480119,0.17990055202630928,72,0.09534134948177546,0,Biometric,0,Legitimate,ACC-100433
3,0.8186147252657694,188.6392216797778,0.14436854995104795,110,0.0058653653013365,1,Biometric,0,Legitimate,ACC-100434
4,1.1198425303034134,537.6007249027252,0.09331234102865238,28,0.05959059777629839,2,Biometric,0,Legitimate,ACC-100435
2,1.1755096919966268,967.4549870637061,0.03884862428675156,22,0.1017500744563786,1,Biometric,0,Legitimate,ACC-100436
55,9.136773267794881,9.142411324536134,0.7461165538987374,0,0.9168992937240366,7,PIN,1,Fast Burner,ACC-100437
5,1.0710025774155483,980.0994058311317,0.04863351470514581,93,0.0581668229260847,0,OTP,0,Legitimate,ACC-100438
4,1.079385209917563,324.7975347510606,0.012360847915217322,87,0.11395891828989181,0,Biometric,0,Legitimate,ACC-100439
45,8.77525714371471,14.732612632006557,0.744887344077099,2,0.6459017453610879,7,PIN,1,Fast Burner,ACC-100440
0,1.6995756701834086,285.79382144319595,0.0022477965330753857,13,0.1165701079598655,0,Biometric,0,Legitimate,ACC-100441
5,1.2173262440001684,822.0777512378021,0.03242187108604029,22,0.06840439553980142,0,Biometric,0,Legitimate,ACC-100442
2,0.7699308231103678,525.4127212139294,0.19536586437517037,101,0.11982668809457621,0,PIN,0,Legitimate,ACC-100443
5,1.0341747638801033,96.81745265372197,0.04664098333004716,24,0.095972678939779,0,PIN,0,Legitimate,ACC-100444
4,1.173733936063968,522.919041582636,0.1841015578973165,68,0.04367078512190539,1,OTP,0,Legitimate,ACC-100445
2,1.59305845681629,113.46317393202816,0.1386175517539146,57,0.14073680302061978,0,Biometric,0,Legitimate,ACC-100446
38,3.763638505592676,36.30163210502383,0.8191933162610863,77,0.8792702460330006,2,OTP,1,Sleeper Mule,ACC-100447
4,0.8742110487774881,469.3626156388127,0.17135277750789263,60,0.08119876786366596,0,Biometric,0,Legitimate,ACC-100448
0,1.11456133300577,196.58457685369262,0.012730274066925486,27,0.10864911012210318,0,Biometric,0,Legitimate,ACC-100449
3,0.7454655191251558,498.8511276268617,0.1273188055236601,100,0.027368622997723645,2,Biometric,0,Legitimate,ACC-100450
4,1.1417759603000714,105.92689098107765,0.06939786372972212,78,0.11498971419772068,0,PIN,0,Legitimate,ACC-100451
51,5.163221360015471,22.1125473576392,0.8442788408690289,0,0.9544980595765825,5,OTP,1,Fast Burner,ACC-100452
3,1.3214824061446029,620.751384633127,0.06429773855803818,111,0.10494086214558306,0,Biometric,0,Legitimate,ACC-100453
37,4.178467970414848,10.97457420513552,0.6962563590198354,75,0.5321920553204978,4,PIN,1,Sleeper Mule,ACC-100454
1,0.9454866588353585,326.78388136786066,0.05539605199498683,59,0.09919982410495064,1,Biometric,0,Legitimate,ACC-100455
6,1.2845802909615487,78.64833489414652,0.04189047500506802,102,0.016488745994875292,0,Biometric,0,Legitimate,ACC-100456
3,1.0893350691188928,501.12623646865876,0.17277720653579143,57,0.07442301589262906,0,Biometric,0,Legitimate,ACC-100457
50,4.461667876941739,23.466227672423866,0.8437750468673197,0,0.6038203981865101,5,OTP,1,Fast Burner,ACC-100458
7,0.9460805082666937,159.36796028466654,0.09118465474007505,35,0.10460440355421978,0,Biometric,0,Legitimate,ACC-100459
0,1.6675049880425932,417.9153255599162,0.08024583619612116,88,0.09097167710728314,0,PIN,0,Legitimate,ACC-100460
3,1.0344974585859965,985.0082756689367,0.05321243806498497,56,0.10182110154575784,1,Biometric,0,Legitimate,ACC-100461
2,1.2140808895245683,210.92093484554022,0.08316799628611378,38,0.0825426266204008,0,Biometric,0,Legitimate,ACC-100462
2,1.4769100311707186,675.9749797270786,0.010951986237925615,37,0.08143236484468949,0,Biometric,0,Legitimate,ACC-100463
4,1.59526224570522,1085.0875492784057,0.08328185589556121,79,0.00771486660562094,0,PIN,0,Legitimate,ACC-100464
38,8.795338969738562,33.94995437573968,0.7529495401064592,0,0.9593599712283367,9,OTP,1,Fast Burner,ACC-100465
2,1.0178030863587255,678.4842668559562,0.1516820380854125,31,0.11016163945060324,0,OTP,0,Legitimate,ACC-100466
31,8.52008359185326,83.1271017141815,0.7750707224216671,57,0.5110165114629912,1,PIN,1,Sleeper Mule,ACC-100467
41,6.185966872748844,36.29174486203007,0.6246643066931094,94,0.8988739211727895,5,PIN,1,Sleeper Mule,ACC-100468
33,7.079634348174452,26.19063996880425,0.8385006572962972,64,0.5552245678733441,5,PIN,1,Sleeper Mule,ACC-100469
2,0.9216857123146894,886.9787967098861,0.13683954869493614,22,0.08600184322134051,0,PIN,0,Legitimate,ACC-100470
4,0.648108638231309,456.6696869751872,0.04978274309345321,8,0.06656111692946035,1,Biometric,0,Legitimate,ACC-100471
3,1.2340003391715906,810.8043931556983,0.16849084087450292,91,0.06172273142048132,0,Biometric,0,Legitimate,ACC-100472
2,1.4088569147478736,82.01994578266847,0.17322521181883407,90,0.03651977741767224,0,Biometric,0,Legitimate,ACC-100473
5,1.1546102880690878,325.66133584635764,0.1547088369471628,115,0.07852475764328133,2,Biometric,0,Legitimate,ACC-100474
0,1.8936132169078592,759.7439615883858,0.1330699264527133,118,0.015411886580913157,0,Biometric,0,Legitimate,ACC-100475
2,1.3383684784496395,613.1168026996042,0.051640591893713866,73,0.03233329003736123,1,Biometric,0,Legitimate,ACC-100476
1,0.9293048536216372,337.40368665395863,0.08809673026793563,92,0.13351455530905365,2,Biometric,0,Legitimate,ACC-100477
3,1.6481784430926592,209.87467725465586,0.15427415577444478,92,0.1469835483706809,0,Biometric,0,Legitimate,ACC-100478
1,1.4698684130214923,358.88175297240554,0.13293188270781972,52,0.1448074464538236,0,Biometric,0,Legitimate,ACC-100479
50,7.93194982126165,14.977059221021683,0.9858495990478359,2,0.8323360001935407,3,OTP,1,Fast Burner,ACC-100480
42,6.38889529031597,14.679989316301976,0.8935976378258764,0,0.8193864260360804,5,PIN,1,Fast Burner,ACC-100481
4,1.231951620425756,282.2292369466278,0.11109869929299843,118,0.08909726834884875,0,Biometric,0,Legitimate,ACC-100482
1,1.4543786260065845,341.05291528126463,0.07363114807255758,49,0.13674830087456896,1,Biometric,0,Legitimate,ACC-100483
55,8.517857965201038,15.419082075960617,0.8105723692736841,1,0.819718651899318,5,PIN,1,Fast Burner,ACC-100484
30,5.226405887208137,6.027068449447157,0.7437023587957289,61,0.556602555688237,2,PIN,1,Sleeper Mule,ACC-100485
5,1.869934775139653,822.1556145975338,0.08978628908670226,78,0.14463732615543437,0,OTP,0,Legitimate,ACC-100486
7,1.0706996682501182,109.625097086946,0.008717915463442383,60,0.06467094031740897,0,PIN,0,Legitimate,ACC-100487
4,1.3321483488490014,337.0913281359474,0.02163733146493212,81,0.0858886371096687,1,Biometric,0,Legitimate,ACC-100488
3,1.3392961682479996,817.2023473495877,0.11070579242322671,10,0.07710948697072445,0,Biometric,0,Legitimate,ACC-100489
3,1.0340276994480602,775.6611151928906,0.048742339256237166,74,0.10742428269100807,0,Biometric,0,Legitimate,ACC-100490
4,1.3415609843630028,299.55711354025925,0.14306940425749484,97,0.01600703328179362,0,Biometric,0,Legitimate,ACC-100491
3,0.5023739537580959,451.85701031231963,0.15570836301722352,96,0.1444458938614075,0,Biometric,0,Legitimate,ACC-100492
5,1.3818711580488865,97.69100463357663,0.08820112018623275,98,0.04912507552633507,1,Biometric,0,Legitimate,ACC-100493
1,1.0559491247378296,208.0868309799749,0.007060450902813931,76,0.12310320123219287,1,Biometric,0,Legitimate,ACC-100494
42,5.235863886356194,31.485726600198046,0.8303510146085872,2,0.6078730824777205,4,OTP,1,Fast Burner,ACC-100495
3,1.0255257710318346,247.11639001675508,0.18631673126205262,54,0.011966388796413485,1,Biometric,0,Legitimate,ACC-100496
6,1.4350396944974204,65.81178688398666,0.12216444143278532,51,0.0933472878580262,0,Biometric,0,Legitimate,ACC-100497
0,1.4665340791075663,805.1096613359434,0.18011558611263292,68,0.0034779017689539893,0,Biometric,0,Legitimate,ACC-100498
38,5.63522650386644,18.330052605895418,0.8771029713789991,0,0.8032661087417379,5,OTP,1,Fast Burner,ACC-100499
44,6.086825729981991,4.027389423388821,0.7719742909665946,1,0.9993084400485861,4,OTP,1,Fast Burner,ACC-100500
31,7.008355896164152,17.15227913558051,0.8287067777467678,2,0.7080278736057539,4,OTP,1,Fast Burner,ACC-100501
9,0.8600872957867614,152.52910387575486,0.19810302309004252,58,0.021597747182221294,1,PIN,0,Legitimate,ACC-100502
39,5.442575932915864,2.8491805826543204,0.9976018164694738,1,0.7099557926801041,9,OTP,1,Fast Burner,ACC-100503
1,1.4304582384317543,126.69902260963934,0.17959006867640892,73,0.05735116954366507,0,Biometric,0,Legitimate,ACC-100504
3,1.2948263466326801,272.4222456471498,0.10461218179461039,62,0.02076968941045138,0,PIN,0,Legitimate,ACC-100505
6,1.0185843400093566,757.2526632761653,0.14621327465969156,56,0.004925502094518502,1,Biometric,0,Legitimate,ACC-100506
2,1.3101599396326165,325.44837726303797,0.19280414459144565,104,0.04560591928358463,1,Biometric,0,Legitimate,ACC-100507
3,1.2883730401620959,257.7997293889488,0.14900730682031843,78,0.05274007031368145,1,Biometric,0,Legitimate,ACC-100508
0,1.2496154307071587,225.3892934728289,0.1517913302423196,100,0.01888248584343916,0,PIN,0,Legitimate,ACC-100509
33,7.452482893245088,45.6734453552904,0.8398857667005933,2,0.6077087886555138,3,OTP,1,Fast Burner,ACC-100510
1,1.47268124906658,378.1938705892353,0.1433596058607905,73,0.07774719599131122,0,Biometric,0,Legitimate,ACC-100511
2,1.4482972529205596,394.2429377271388,0.18819978556501943,99,0.08325037085645924,1,Biometric,0,Legitimate,ACC-100512
3,0.5192768181142796,409.6515079264616,0.06925485329548169,58,0.08098699452929385,0,Biometric,0,Legitimate,ACC-100513
0,0.8921272874091299,359.5446091402235,0.024322422991440208,22,0.017859411729382046,1,Biometric,0,Legitimate,ACC-100514
2,1.2056997246779613,489.3752189599862,0.13282875144827344,66,0.10424424313412278,0,Biometric,0,Legitimate,ACC-100515
2,1.47239392734154,308.1476551664317,0.05471431471105484,40,0.12902194677014903,1,Biometric,0,Legitimate,ACC-100516
5,1.329855120755992,243.44972891744754,0.06434730326259246,69,0.10493554947681141,1,Biometric,0,Legitimate,ACC-100517
5,1.1390494413045964,1766.46400706501,0.11560802232576005,12,0.05586774652558016,0,Biometric,0,Legitimate,ACC-100518
52,8.852196040520777,12.73838810093105,0.7464696735274895,2,0.9178593794813312,10,OTP,1,Fast Burner,ACC-100519
34,9.341796116119049,16.44862884963356,0.8234376211278295,1,0.868358264928085,5,OTP,1,Fast Burner,ACC-100520
40,7.5751850375023855,24.175697108411626,0.8840966409816049,1,0.69425110251422,4,OTP,1,Fast Burner,ACC-100521
1,1.1893777682863946,1041.3757599747782,0.07948705447741514,49,0.12462679200891319,1,Biometric,0,Legitimate,ACC-100522
0,1.602886899489368,113.86148426012187,0.14474993052685867,92,0.02178227121802735,2,Biometric,0,Legitimate,ACC-100523
3,1.3203414783792689,727.337616040812,0.13821803729903306,106,0.13483112409396084,0,Biometric,0,Legitimate,ACC-100524
1,1.1216973827483059,412.98072037064617,0.09368598809905014,87,0.032324016756145414,0,Biometric,0,Legitimate,ACC-100525
45,5.087110400787199,11.50747556661398,0.9039016801123013,1,0.9958109364851563,2,OTP,1,Fast Burner,ACC-100526
3,0.9651400469107525,95.32188534789812,0.017928253647267845,117,0.083811749574957,0,Biometric,0,Legitimate,ACC-100527
59,8.603510979812278,32.03541471326878,0.7965268750892942,2,0.7794444536235197,6,PIN,1,Fast Burner,ACC-100528
32,5.615876073011932,42.02015364785108,0.7788175768264425,49,0.7819690696369863,4,OTP,1,Sleeper Mule,ACC-100529
2,1.3496743202893242,186.6548603315112,0.1127209845108323,73,0.1290676103499515,0,Biometric,0,Legitimate,ACC-100530
1,1.2718400966341303,722.34626341036,0.19869598686672543,25,0.04903687008785883,0,Biometric,0,Legitimate,ACC-100531
30,7.461603383585038,9.084629731479911,0.8073569631916319,1,0.8714272147329698,7,PIN,1,Fast Burner,ACC-100532
1,1.733188430409136,261.5670452743916,0.0838062834168255,85,0.1320687350051556,1,Biometric,0,Legitimate,ACC-100533
44,5.443712983290951,29.24775873041039,0.9823408128825795,2,0.6009655017603905,5,OTP,1,Fast Burner,ACC-100534
36,5.844307164471497,8.380746126393866,0.7793192668883424,2,0.8684884093720033,5,PIN,1,Fast Burner,ACC-100535
4,1.205469299141135,261.7163016440263,0.003044494298298162,23,0.024447014437383206,1,Biometric,0,Legitimate,ACC-100536
40,5.679974958561409,9.506338486482417,0.8200382350736521,2,0.9781796375348002,5,OTP,1,Fast Burner,ACC-100537
5,0.7481751268793795,1465.2627967355913,0.003075124808899399,12,0.013234995308565966,2,Biometric,0,Legitimate,ACC-100538
51,5.671476328076117,14.51019888262408,0.8433156978158945,116,0.6212938523551248,4,PIN,1,Sleeper Mule,ACC-100539
5,1.008280400150395,271.89876957363754,0.11008188863569718,79,0.020194231110447696,1,Biometric,0,Legitimate,ACC-100540
3,1.155381123654782,739.2990043118116,0.11439022032383957,21,0.14089655445083638,0,PIN,0,Legitimate,ACC-100541
3,1.0112401179089028,310.8939423825981,0.047968349696177914,64,0.10027800725824147,1,Biometric,0,Legitimate,ACC-100542
25,3.4503148400464054,36.29572844668712,0.6896335275818928,73,0.7500946492563615,4,OTP,1,Sleeper Mule,ACC-100543
44,7.471984117303665,11.300727936509213,0.7192117639253102,2,0.8900025752412611,10,OTP,1,Fast Burner,ACC-100544
2,1.3666138968449306,522.4511759499723,0.11249412270573544,30,0.0628607937179008,0,Biometric,0,Legitimate,ACC-100545
42,6.536051780278138,35.22619021442742,0.7154534476401806,1,0.7630257248952521,4,PIN,1,Fast Burner,ACC-100546
51,7.612912674145247,21.740465103474417,0.9627705779339639,2,0.7909620245881535,9,OTP,1,Fast Burner,ACC-100547
38,5.654369220285291,2.5415520965486427,0.702233076565652,0,0.7142697557655548,4,OTP,1,Fast Burner,ACC-100548
6,1.2679628252792987,211.76347175368855,0.1444556198072699,68,0.008488627140324856,0,Biometric,0,Legitimate,ACC-100549
4,1.2330104471798546,541.1656709195943,0.14554421926534203,35,0.05226740010021867,2,Biometric,0,Legitimate,ACC-100550
6,1.4241176483472369,1440.0888637402986,0.04154310434493829,15,0.07734465829680487,0,Biometric,0,Legitimate,ACC-100551
45,6.452539540068195,30.70687381913007,0.9144260712118133,0,0.9269521582080141,3,OTP,1,Fast Burner,ACC-100552
5,0.9558559074213211,399.07240142304005,0.19701910466795955,33,0.0900698719764369,0,OTP,0,Legitimate,ACC-100553
3,1.3305145114921333,176.76605126109962,0.11855414394860447,91,0.08583158904070119,2,Biometric,0,Legitimate,ACC-100554
3,1.0091229495041891,432.04501954852617,0.07189431525786831,29,0.10528768401979,1,PIN,0,Legitimate,ACC-100555
31,4.546198090090426,17.397325514140725,0.6288967945470281,58,0.8210365418886627,1,PIN,1,Sleeper Mule,ACC-100556
42,4.564702334067958,26.421102980310167,0.8939716479601466,94,0.5776763580794799,3,OTP,1,Sleeper Mule,ACC-100557
43,4.522709011969207,16.18712875508863,0.837087518081677,97,0.638096309419403,3,OTP,1,Sleeper Mule,ACC-100558
1,0.8613110204600504,72.57399196158774,0.050775767878014966,29,0.09355003623849373,0,Biometric,0,Legitimate,ACC-100559
45,5.950363566437695,2.876670216411699,0.8588741351314435,1,0.7513374761472601,10,OTP,1,Fast Burner,ACC-100560
4,1.4065309559624004,381.6294709749187,0.17116792509898393,13,0.09576595826697422,0,Biometric,0,Legitimate,ACC-100561
1,1.2440976852865666,1122.7365243178324,0.011245486023092234,99,0.1331141931747138,0,Biometric,0,Legitimate,ACC-100562
3,1.5225310361426816,225.47058544223813,0.015967786270080043,109,0.0973034676824833,0,PIN,0,Legitimate,ACC-100563
4,1.5776658617228465,811.5827172080558,0.04718461746552252,83,0.05296996127151186,0,OTP,0,Legitimate,ACC-100564
37,4.208658680351623,32.10024683898871,0.8840229613806945,115,0.8814975510532961,1,OTP,1,Sleeper Mule,ACC-100565
48,8.644703686888064,7.94660133462378,0.8854851340886345,0,0.8477668138812506,6,PIN,1,Fast Burner,ACC-100566
3,1.4169210972406734,514.6733167476449,0.019115074707706126,90,0.1405453425650791,0,Biometric,0,Legitimate,ACC-100567
2,1.069442000340662,1601.634406951998,0.13403453841178697,92,0.053029321033170596,0,OTP,0,Legitimate,ACC-100568
47,6.4611704935196705,3.8475089630394677,0.9004821641310858,1,0.6432454630237633,6,PIN,1,Fast Burner,ACC-100569
44,7.049736043880096,51.745527266664595,0.6950611164720065,106,0.8707233518703876,4,PIN,1,Sleeper Mule,ACC-100570
40,7.536419079412924,2.583591427203781,0.7519618687143206,1,0.9337802160178932,3,OTP,1,Fast Burner,ACC-100571
52,9.647127783262789,10.057873471744301,0.8080117393291031,0,0.7588335434320771,4,OTP,1,Fast Burner,ACC-100572
1,1.6113296441735765,92.75055343853465,0.14255055103873915,72,0.04045776061438638,1,OTP,0,Legitimate,ACC-100573
4,1.4257450131222655,565.4882826503044,0.11967578863989928,20,0.0321515977129476,0,Biometric,0,Legitimate,ACC-100574
36,6.182557654198633,40.336090387955466,0.6562545254616674,97,0.542978804907938,3,OTP,1,Sleeper Mule,ACC-100575
5,1.1627097183364503,727.761833502227,0.13033043223014326,78,0.14196756872411537,1,Biometric,0,Legitimate,ACC-100576
41,4.94612768230879,4.7762599764642975,0.8184850333544134,2,0.9740276545703372,6,PIN,1,Fast Burner,ACC-100577
4,1.7820469895505187,358.110463530725,0.11490086550027956,90,0.09625522064040963,0,Biometric,0,Legitimate,ACC-100578
39,6.932162263543085,4.633658067713116,0.7119284126781372,2,0.7662537707809475,7,OTP,1,Fast Burner,ACC-100579
5,0.6363057165738518,1512.9114617996609,0.18832106738119891,79,0.03613883887073671,0,Biometric,0,Legitimate,ACC-100580
29,3.119041348979507,15.982364395181673,0.8954769492215615,84,0.6177822774979207,7,PIN,1,Sleeper Mule,ACC-100581
2,0.9722449361497487,148.92763613540365,0.06030290704790671,59,0.1460645175019075,1,Biometric,0,Legitimate,ACC-100582
44,6.798471097809484,8.060228320362958,0.7832821417634209,1,0.6452064736229038,9,OTP,1,Fast Burner,ACC-100583
3,1.2429254811083983,637.0703652424445,0.1702942027773755,109,0.01509932474451684,0,Biometric,0,Legitimate,ACC-100584
5,1.2444172241672444,260.4315431134596,0.17794712050078104,11,0.03504840693865736,0,Biometric,0,Legitimate,ACC-100585
59,5.7450279075594635,10.369477740742006,0.7862910918781862,100,0.500827556573736,2,OTP,1,Sleeper Mule,ACC-100586
4,0.955322468634255,183.25114682443484,0.08622257756366994,8,0.05678502752837049,0,Biometric,0,Legitimate,ACC-100587
2,1.2879026421775965,477.1349535050644,0.14009518026430812,65,0.1421023494531801,0,Biometric,0,Legitimate,ACC-100588
32,5.471565935716183,23.477984771131315,0.6841204635273163,112,0.7824662813920378,4,OTP,1,Sleeper Mule,ACC-100589
51,6.859490793924196,25.65369454676712,0.9491310749084749,2,0.6196117944698329,5,PIN,1,Fast Burner,ACC-100590
5,0.9344020703345819,149.69534048057147,0.09289853392566312,82,0.028969086573407975,0,Biometric,0,Legitimate,ACC-100591
4,1.1509098987427526,77.4433298814067,0.10244461148950779,83,0.04293056106833846,1,PIN,0,Legitimate,ACC-100592
35,4.793129246326108,13.13719765820265,0.8591795319241755,115,0.5303216037999346,5,OTP,1,Sleeper Mule,ACC-100593
41,5.02589777957827,47.954763730843986,0.7377535690191612,41,0.6591189265936287,3,OTP,1,Sleeper Mule,ACC-100594
5,1.8531880342647196,280.85670984118866,0.13942891008207703,50,0.09068019391267447,0,Biometric,0,Legitimate,ACC-100595
4,1.1808750234962466,440.36808318276746,0.17854980090407033,103,0.037165580447338045,3,Biometric,0,Legitimate,ACC-100596
1,0.6773838174684509,2048.1368022067254,0.1800275902586007,18,0.07618158237834337,0,Biometric,0,Legitimate,ACC-100597
4,0.7647261214217962,2436.789765582734,0.0800809474420074,119,0.011125492317624308,1,Biometric,0,Legitimate,ACC-100598
1,1.3199339752850552,1130.0104325800814,0.1905649433872272,110,0.017664325020197817,0,Biometric,0,Legitimate,ACC-100599
4,1.5334894422423155,302.0231636073076,0.14222222681011493,23,0.09538506291235781,1,Biometric,0,Legitimate,ACC-100600
50,3.1012655740229036,15.010550589372695,0.7615605841176099,1,0.9571597170601116,6,PIN,1,Fast Burner,ACC-100601
2,1.412734316889985,1105.3867070722506,0.013626852755296737,76,0.13210632482991777,0,Biometric,0,Legitimate,ACC-100602
32,5.411158275849746,23.445748784871395,0.6133709426724154,47,0.6449457533341895,7,OTP,1,Sleeper Mule,ACC-100603
29,6.0509563594885165,6.875784339535842,0.8333167647699324,111,0.5203243034211145,3,OTP,1,Sleeper Mule,ACC-100604
48,5.387100111328802,13.897324401014853,0.7493315604806402,1,0.6593657438730341,3,OTP,1,Fast Burner,ACC-100605
6,0.8345471799578044,302.96851590936933,0.14792199972066533,62,0.09408791820280511,0,Biometric,0,Legitimate,ACC-100606
2,0.9213791053401645,312.1500257811309,0.04227332876302264,10,0.11217363167774495,0,PIN,0,Legitimate,ACC-100607
31,6.492719338378965,3.0149783264034147,0.880107588251082,1,0.7967144698042696,0,PIN,1,Fast Burner,ACC-100608
31,3.5667528419174817,6.947377023054152,0.6938993232431967,43,0.5073747918140754,3,PIN,1,Sleeper Mule,ACC-100609
1,1.145129529772822,132.73376909019618,0.12608529294273144,12,0.10163973161826634,1,Biometric,0,Legitimate,ACC-100610
30,5.886376195955912,8.452189877260066,0.6567913784666942,117,0.8658106478516983,4,OTP,1,Sleeper Mule,ACC-100611
0,0.6984082584622344,645.9679766745267,0.14544313760372848,10,0.04023070282837508,1,Biometric,0,Legitimate,ACC-100612
5,1.4072102668045912,396.86982404021927,0.06983108029357037,24,0.031957012015823794,1,Biometric,0,Legitimate,ACC-100613
46,6.627489162301199,4.541998710610356,0.769092873125891,0,0.9148553354140119,3,OTP,1,Fast Burner,ACC-100614
6,1.3604111848908593,677.6665417814119,0.012274585962695773,9,0.006350767051772665,0,PIN,0,Legitimate,ACC-100615
7,1.3562382917078257,364.6264353158464,0.16972767959061186,94,0.032945698715235706,0,Biometric,0,Legitimate,ACC-100616
5,1.280092734938268,576.4448827625538,0.04571741174096338,100,0.10961203752712426,0,OTP,0,Legitimate,ACC-100617
2,1.1220836486770402,471.23725817205656,0.08819507768928175,99,0.049825993168272846,0,Biometric,0,Legitimate,ACC-100618
1,1.157905131585852,1452.9770497641048,0.13315861903952317,40,0.0657455820603136,2,PIN,0,Legitimate,ACC-100619
3,1.3095543120907938,1559.5523846460137,0.04014843663314867,36,0.10409824263887482,0,PIN,0,Legitimate,ACC-100620
4,1.0246770675935284,692.4418318155649,0.10048044394143665,119,0.14721421207201446,0,PIN,0,Legitimate,ACC-100621
5,1.3775403573435048,671.345433600818,0.12302465793032343,39,0.12757352828738452,0,PIN,0,Legitimate,ACC-100622
2,1.607787427300953,131.76355307131507,0.13350559385263,42,0.14444962311883594,0,Biometric,0,Legitimate,ACC-100623
45,6.207967549832912,40.67840019272201,0.7424592396554992,0,0.6505272764694188,4,PIN,1,Fast Burner,ACC-100624
29,2.944030864940071,20.05486020826146,0.6539315908066912,57,0.8413371200052628,2,OTP,1,Sleeper Mule,ACC-100625
3,0.98395380689353,406.2642888531953,0.06409792745307245,101,0.08166798231701765,1,PIN,0,Legitimate,ACC-100626
3,1.550616838269371,438.319580421122,0.10098955255801692,15,0.04141841750160397,0,Biometric,0,Legitimate,ACC-100627
5,1.234127305044083,879.8065407342621,0.09834937002083205,20,0.05504356691286822,0,Biometric,0,Legitimate,ACC-100628
3,1.203410972639548,455.71311004106303,0.16211863217540193,104,0.005373538135587752,0,Biometric,0,Legitimate,ACC-100629
1,1.275154261126679,388.78504026130247,0.1347839748169073,42,0.05519079175164191,1,Biometric,0,Legitimate,ACC-100630
2,1.758860736420053,1110.5134914575765,0.0033861500515316003,118,0.12498201272562051,1,PIN,0,Legitimate,ACC-100631
5,1.555548909431802,293.2266063515685,0.18341031840807592,65,0.09671410728406318,0,Biometric,0,Legitimate,ACC-100632
3,0.8521393348648534,991.6125636921771,0.09581838420984581,22,0.07238946574187508,1,Biometric,0,Legitimate,ACC-100633
3,1.2694623206441416,447.5631649710206,0.08879772539375502,92,0.0447439017646165,1,Biometric,0,Legitimate,ACC-100634
3,1.311316121464609,675.8363612013678,0.17402260822177307,60,0.05483892643133673,0,Biometric,0,Legitimate,ACC-100635
4,1.5524442172757076,187.02513201635205,0.030120054685518552,110,0.0828065185308627,0,PIN,0,Legitimate,ACC-100636
46,5.755611675733966,6.015717033493402,0.949405986158846,1,0.922156937148057,3,PIN,1,Fast Burner,ACC-100637
38,5.241004396851539,32.5919094862875,0.6544747571776722,38,0.8392741163418265,2,OTP,1,Sleeper Mule,ACC-100638
47,6.767392687634939,22.600383524192893,0.9550410667370203,0,0.8980558249753292,7,PIN,1,Fast Burner,ACC-100639
5,0.981901552284883,171.21493945944633,0.1353371266857297,18,0.10210681809200706,0,Biometric,0,Legitimate,ACC-100640
6,1.77057394459875,602.8216618761122,0.15451042685324054,96,0.04720923605937225,2,Biometric,0,Legitimate,ACC-100641
8,1.1050189671290778,209.82174149250798,0.07982038787416315,60,0.07127435765668397,0,PIN,0,Legitimate,ACC-100642
3,1.638204099638741,126.71081054034372,0.10687759285715337,77,0.06280095589072734,1,Biometric,0,Legitimate,ACC-100643
35,6.752130171031861,65.52921057024477,0.9924004922222883,0,0.9460285965519132,6,PIN,1,Fast Burner,ACC-100644
45,6.850940854736662,2.79184914107001,0.7765086410236633,2,0.6832286792765261,5,PIN,1,Fast Burner,ACC-100645
3,1.8444717605872922,162.37349386177794,0.12837751542969586,71,0.03934018582487625,1,Biometric,0,Legitimate,ACC-100646
53,5.194787880937777,15.551538508376312,0.7501700046206026,0,0.7543758605748672,6,PIN,1,Fast Burner,ACC-100647
2,1.1704174802985967,263.10633650915156,0.12215685396090754,66,0.10487983541358496,1,Biometric,0,Legitimate,ACC-100648
41,7.1885163862202495,9.21577080839927,0.8615667482359348,0,0.8726772294175831,4,OTP,1,Fast Burner,ACC-100649
44,4.8333227891717465,29.58062113258054,0.9288188278821773,2,0.8685723843032791,6,OTP,1,Fast Burner,ACC-100650
5,1.527761350082491,924.1793792063186,0.07881872971441346,115,0.07838028533776774,0,Biometric,0,Legitimate,ACC-100651
45,6.670773287563291,26.59962222051508,0.8435346028476313,97,0.7023834200062717,5,PIN,1,Sleeper Mule,ACC-100652
5,1.4502166355548107,105.49806245288252,0.0660141600898309,38,0.05134743014570276,0,Biometric,0,Legitimate,ACC-100653
2,1.3181971716525023,89.5505186654937,0.18349304511096076,37,0.09241593100543198,0,Biometric,0,Legitimate,ACC-100654
0,1.2320008966101135,2177.2273009905684,0.022642935321979075,55,0.05088878816016914,1,Biometric,0,Legitimate,ACC-100655
43,4.950553831811753,5.916728564967407,0.7231467479619071,1,0.7152069856266378,7,OTP,1,Fast Burner,ACC-100656
6,0.8511868682016716,648.7164286976632,0.15019465193342119,105,0.05410934767441292,1,PIN,0,Legitimate,ACC-100657
3,1.1695776510834408,298.9414455254036,0.10938180385304562,36,0.088224616512031,2,PIN,0,Legitimate,ACC-100658
3,1.3475218922268661,363.65484268153057,0.12358148482372973,51,0.06367147527734242,0,Biometric,0,Legitimate,ACC-100659
2,0.3018880192018132,470.495235238212,0.08938760747301766,88,0.09449204410475083,0,Biometric,0,Legitimate,ACC-100660
5,1.2673260115146752,213.33757907936857,0.1836456111393214,108,0.10346741267100668,0,Biometric,0,Legitimate,ACC-100661
52,6.818139908089673,9.071630427010795,0.7330358571770117,1,0.8062839754108513,3,OTP,1,Fast Burner,ACC-100662
6,1.5822190750548448,312.5427209006666,0.17124538835261666,79,0.1489735557338303,0,Biometric,0,Legitimate,ACC-100663
5,1.0574029746953433,702.8794593038048,0.17565173828782932,19,0.1066102768032087,1,Biometric,0,Legitimate,ACC-100664
1,1.211674748405199,468.34538456228637,0.18862161354402643,90,0.11954721022608306,0,Biometric,0,Legitimate,ACC-100665
4,1.1941408831598692,1137.8186826018555,0.1401604962603888,115,0.11703500507277013,1,Biometric,0,Legitimate,ACC-100666
0,1.1952936099729186,69.26016189101735,0.1387172164528334,29,0.05354606988019252,0,PIN,0,Legitimate,ACC-100667
41,8.039684747099589,2.4387805176434014,0.8788954702256292,0,0.8950756466082557,0,OTP,1,Fast Burner,ACC-100668
3,1.2756101939804632,1014.7186285330064,0.010755025589743152,112,0.044260534012480375,2,Biometric,0,Legitimate,ACC-100669
42,3.2425691596989714,10.213026245328203,0.86552868900305,0,0.6253469585830057,3,OTP,1,Fast Burner,ACC-100670
3,0.9025996823297249,310.53120596232276,0.05837039318331794,45,0.05806562375533093,1,PIN,0,Legitimate,ACC-100671
3,1.3585904446003676,585.1447347260082,0.051895129914363694,70,0.0642268557171541,2,Biometric,0,Legitimate,ACC-100672
2,1.2023019579964518,90.88701347278548,0.14210583452999243,16,0.027483880035803154,2,Biometric,0,Legitimate,ACC-100673
0,1.7268304769080602,130.23036349275617,0.08543495793460187,110,0.146997120956263,0,Biometric,0,Legitimate,ACC-100674
1,1.0528212774289705,208.3215001992169,0.11260095279613942,37,0.06085071793196157,1,Biometric,0,Legitimate,ACC-100675
2,0.9972187005588519,734.2384162850947,0.0998367048910177,17,0.13563303826905848,0,OTP,0,Legitimate,ACC-100676
1,1.3467702040650107,61.68402191009575,0.1601382927148571,17,0.05741574833160435,0,Biometric,0,Legitimate,ACC-100677
54,6.248043736325379,31.13397453041062,0.8226384019024243,0,0.9694191399354202,5,PIN,1,Fast Burner,ACC-100678
1,1.136749584403626,438.4230989827517,0.06384078716510615,26,0.14763255218471602,0,PIN,0,Legitimate,ACC-100679
4,1.2688929166703389,639.6379835445337,0.03461238984014099,74,0.11239072285135977,0,Biometric,0,Legitimate,ACC-100680
2,1.5759174630731743,1156.1243094928193,0.1713775908410714,66,0.022230619900307003,0,Biometric,0,Legitimate,ACC-100681
1,1.05271531508044,322.00859509287966,0.14159430152797647,32,0.02315602368611081,0,PIN,0,Legitimate,ACC-100682
44,3.6627282174141165,12.90650841428944,0.7107631889139939,1,0.9426901343220678,6,PIN,1,Fast Burner,ACC-100683
48,8.831131209791323,99.2734796115083,0.7190697938574084,0,0.6217900964100086,4,OTP,1,Fast Burner,ACC-100684
52,6.127551018659891,2.001403973576762,0.9522767357365584,1,0.6334181858243536,7,OTP,1,Fast Burner,ACC-100685
5,1.2650158926368649,215.74711399646742,0.00899622754910161,77,0.07325542304322764,0,PIN,0,Legitimate,ACC-100686
3,1.5082658141025471,570.6818056783551,0.1671891074821621,46,0.005231674907126183,1,Biometric,0,Legitimate,ACC-100687
37,6.692693501921562,11.572141848480648,0.9803911620465471,1,0.6775723923162563,5,OTP,1,Fast Burner,ACC-100688
37,4.8495936911540465,37.933302132136596,0.7439662395120397,107,0.8169955660086965,1,OTP,1,Sleeper Mule,ACC-100689
49,5.308755172873843,2.7405004565249875,0.806022393919283,0,0.9778160175980166,2,Biometric,1,Fast Burner,ACC-100690
38,3.8240894231720755,8.85986306369213,0.6609141678556335,86,0.8784715511113073,4,OTP,1,Sleeper Mule,ACC-100691
1,1.0481732126424335,254.9222077350781,0.1042159392208033,72,0.0348163444319664,1,Biometric,0,Legitimate,ACC-100692
2,1.095603135121325,261.93547878072025,0.113949646232658,101,0.016804223296999814,0,Biometric,0,Legitimate,ACC-100693
3,1.691987004548598,403.68022171045664,0.04460979366440476,90,0.002865312674527587,1,PIN,0,Legitimate,ACC-100694
3,1.1531418299708411,2085.292416229222,0.018272347461775352,21,0.12326184728073517,1,Biometric,0,Legitimate,ACC-100695
2,1.3473011837873259,1066.6351045308702,0.13983667499805907,35,0.13832341392662284,0,Biometric,0,Legitimate,ACC-100696
5,0.9664238859564865,227.43345997179722,0.03588655442709643,10,0.049496344264153766,0,Biometric,0,Legitimate,ACC-100697
5,1.1142383235062638,578.7575286331945,0.12273216148186544,75,0.12578379641192108,3,OTP,0,Legitimate,ACC-100698
1,1.0466221626391419,259.3892312154102,0.05531296248312492,98,0.0952480634793661,0,Biometric,0,Legitimate,ACC-100699
35,5.6155146982997035,28.54390314850195,0.8581278876918337,89,0.6384580598974934,1,PIN,1,Sleeper Mule,ACC-100700
32,6.02966364066728,22.256045059841703,0.8878174426899168,0,0.6843973690483671,4,PIN,1,Fast Burner,ACC-100701
3,0.9673552053946759,802.5432529641189,0.19662528199632284,40,0.1062798790339745,1,Biometric,0,Legitimate,ACC-100702
0,1.156594271777297,410.26475493197734,0.1803326829353516,25,0.01565653932293764,0,Biometric,0,Legitimate,ACC-100703
40,5.751745531041305,97.34241776337129,0.6990020255263041,79,0.6257356433574883,3,PIN,1,Sleeper Mule,ACC-100704
32,5.407288015917414,20.25407465693808,0.6229999343456284,118,0.5368699914191095,4,PIN,1,Sleeper Mule,ACC-100705
7,1.9032161336497877,119.82582937292612,0.1622787424688822,19,0.07989183219615047,2,PIN,0,Legitimate,ACC-100706
4,1.1492013428654857,2398.632103707221,0.08410971982401035,73,0.04784906612596081,1,Biometric,0,Legitimate,ACC-100707
44,6.322718594590823,19.489047907557563,0.9568625567966682,2,0.7398804434277678,6,OTP,1,Fast Burner,ACC-100708
39,5.698804900375505,7.561826422417874,0.9460441196903328,2,0.9014197388350997,7,OTP,1,Fast Burner,ACC-100709
46,7.035057137976796,11.804613046567777,0.9047325773879935,0,0.6337574532047524,5,OTP,1,Fast Burner,ACC-100710
4,1.3811751124450122,648.6691921138264,0.14425710971956515,107,0.1250682496947963,0,Biometric,0,Legitimate,ACC-100711
1,1.3095507003144962,799.7015044860145,0.12258497010454782,52,0.13267531218397388,0,Biometric,0,Legitimate,ACC-100712
49,8.786323297394581,6.538430198739064,0.7351980831597458,2,0.79529589551946,5,OTP,1,Fast Burner,ACC-100713
3,1.2197545492697754,121.0025068390151,0.05387295550970979,55,0.07517294442169256,1,Biometric,0,Legitimate,ACC-100714
4,1.580642296895087,87.46865444561861,0.05876858375193306,57,0.09917494639016648,0,PIN,0,Legitimate,ACC-100715
40,4.142825575120331,24.839519384155956,0.7348203113111029,0,0.8529020363542283,6,PIN,1,Fast Burner,ACC-100716
2,1.1515068616564166,1164.085039536815,0.14217133469325624,14,0.04816742014487744,1,Biometric,0,Legitimate,ACC-100717
0,1.280450084946592,90.14426335887339,0.0508777616566098,43,0.11008316116348114,0,Biometric,0,Legitimate,ACC-100718
2,1.1186670922059616,283.97212675223136,0.09881451548664136,100,0.043821577830794635,1,Biometric,0,Legitimate,ACC-100719
47,6.059127836707159,2.4314187285764493,0.8986291649037589,0,0.6443347462769674,2,Biometric,1,Fast Burner,ACC-100720
1,0.8391985476684023,563.9989267760585,0.12754228477734272,86,0.0766375894977929,0,Biometric,0,Legitimate,ACC-100721
1,0.678694140526397,115.95709511383967,0.0655103529681524,117,0.0904531272430683,0,Biometric,0,Legitimate,ACC-100722
49,6.5024004351480365,4.067162027932445,0.8042103319587659,1,0.8282408453558856,4,OTP,1,Fast Burner,ACC-100723
2,0.9699391424646264,616.1955071938394,0.0818936896685239,112,0.0841558087834609,0,Biometric,0,Legitimate,ACC-100724
26,5.4201365507784205,20.147361109431067,0.6122398642666833,75,0.6911241231824236,0,OTP,1,Sleeper Mule,ACC-100725
2,1.785578726855227,707.6442101836657,0.13319312366140665,42,0.135828056775703,2,PIN,0,Legitimate,ACC-100726
0,0.9783783824085217,1827.6056136386505,0.056916147809529784,100,0.030068319195806992,0,Biometric,0,Legitimate,ACC-100727
4,1.3085723509082965,904.609953586497,0.05153238396733706,30,0.042384479807874915,0,OTP,0,Legitimate,ACC-100728
3,1.2152741086606418,1129.02576768666,0.15078730885327335,93,0.03924708780954131,1,PIN,0,Legitimate,ACC-100729
39,4.645682790865001,112.35813935210538,0.6462350944066798,106,0.5109810192245441,1,OTP,1,Sleeper Mule,ACC-100730
2,1.5555020950749046,222.37421429586541,0.08265463547577381,25,0.02690395343254945,0,OTP,0,Legitimate,ACC-100731
37,6.958532080136634,25.0620276795323,0.7460569912982067,2,0.9100494557410962,5,PIN,1,Fast Burner,ACC-100732
5,0.5377357302985935,252.31703455633874,0.1434071843173368,18,0.14235443130672112,1,Biometric,0,Legitimate,ACC-100733
38,5.06724658601065,13.938071404016366,0.7295487166336513,90,0.5538475906160407,4,PIN,1,Sleeper Mule,ACC-100734
33,5.249423722057031,11.041881751415676,0.7849774989123595,119,0.8294586035741234,3,OTP,1,Sleeper Mule,ACC-100735
4,1.458099767825016,1027.12554233717,0.17817299140715523,25,0.014407839537570587,0,PIN,0,Legitimate,ACC-100736
3,0.9681498807333109,122.62188591570214,0.08731422466171822,81,0.05294380911890086,0,Biometric,0,Legitimate,ACC-100737
5,1.8258792302424243,1577.068239985579,0.037895924019103445,72,0.0753295370720346,1,Biometric,0,Legitimate,ACC-100738
2,0.18732626994671997,553.9023912159282,0.12600894412827066,89,0.0008019493505908747,0,Biometric,0,Legitimate,ACC-100739
0,1.111763045887149,200.86152503183484,0.0542968693638225,93,0.14778063223099544,0,Biometric,0,Legitimate,ACC-100740
3,1.382852968863732,923.3929951408483,0.08168733537841132,31,0.07919572647125489,0,PIN,0,Legitimate,ACC-100741
39,5.2330065064968965,71.67526565856355,0.8040585938506554,2,0.7375200351334051,4,PIN,1,Fast Burner,ACC-100742
44,6.00874633249674,3.3907187391281894,0.8345591240196478,1,0.9478497956578624,4,PIN,1,Fast Burner,ACC-100743
40,5.428122548407378,15.207355213764984,0.7839216089646139,89,0.7867997196074248,2,OTP,1,Sleeper Mule,ACC-100744
5,1.6562553696191338,547.028616812383,0.08882657015160536,71,0.1376426820266859,0,Biometric,0,Legitimate,ACC-100745
3,1.2282209523574572,1242.9626332437758,0.1902274092883573,119,0.04718505994895054,4,Biometric,0,Legitimate,ACC-100746
2,1.0461077268096564,1384.293705161916,0.1283422964568576,90,0.04112661595115156,0,Biometric,0,Legitimate,ACC-100747
2,1.182948944337915,220.84477013572263,0.0769341249594868,45,0.005867336820595614,0,Biometric,0,Legitimate,ACC-100748
45,4.449548080038769,25.549396548223136,0.6562171527866847,70,0.7979704536417211,4,PIN,1,Sleeper Mule,ACC-100749
2,1.0733397945585768,618.5776403020867,0.0517660620138561,14,0.0816952481094493,1,Biometric,0,Legitimate,ACC-100750
3,1.1262542619866827,283.21394362339095,0.005050912338231184,74,0.044188832881630315,1,Biometric,0,Legitimate,ACC-100751
37,4.538870384628878,55.03047847245449,0.7950638231695348,93,0.629700556225516,1,OTP,1,Sleeper Mule,ACC-100752
42,5.174292986718667,30.33543047356193,0.6783256280334738,52,0.6038234067660586,4,OTP,1,Sleeper Mule,ACC-100753
45,3.99123344169512,8.952724448172923,0.7284216904787888,2,0.686210924361757,4,OTP,1,Fast Burner,ACC-100754
4,1.6096681111296531,425.93928141700735,0.15943355444507476,33,0.14720230756307343,2,Biometric,0,Legitimate,ACC-100755
4,1.5185354300874963,437.74437605548934,0.06594449176553352,32,0.07614732445264497,2,Biometric,0,Legitimate,ACC-100756
3,1.2187295109982328,1399.5835752463893,0.19754591106128824,41,0.015198362456873858,1,OTP,0,Legitimate,ACC-100757
50,6.580100973088413,2.575454808133061,0.7911589229894022,1,0.7520274207249742,8,OTP,1,Fast Burner,ACC-100758
2,1.5174408337702265,1185.0924837583589,0.06694869339146506,97,0.06591986089709242,0,Biometric,0,Legitimate,ACC-100759
43,8.344853952827354,12.245941129249685,0.9221420515592306,2,0.8380451235890666,2,PIN,1,Fast Burner,ACC-100760
5,0.9928944401621133,1406.7179897352707,0.025313004762796076,34,0.06269065603888728,0,Biometric,0,Legitimate,ACC-100761
4,1.277460820410341,1179.06837923123,0.18970974347217517,53,0.07238642755815111,0,Biometric,0,Legitimate,ACC-100762
3,0.9393505536330868,1236.3953394340797,0.19036770939333203,88,0.13772588148661113,0,Biometric,0,Legitimate,ACC-100763
44,6.704305285812835,62.68886880700829,0.8069179052898923,1,0.630021884443767,7,PIN,1,Fast Burner,ACC-100764
3,1.6644024662456076,1044.3091920386114,0.18818709522506288,18,0.08706150347669589,0,Biometric,0,Legitimate,ACC-100765
2,1.4321631520328466,635.1000612424967,0.13430555756281354,76,0.04797018689219828,0,OTP,0,Legitimate,ACC-100766
2,0.9943336285549484,996.14319718306,0.1894071575674109,91,0.040397474265865936,1,Biometric,0,Legitimate,ACC-100767
4,1.2166360005473098,156.84562874918626,0.0996020787668867,7,0.0353764498414913,1,OTP,0,Legitimate,ACC-100768
3,0.8744478964992766,1241.019459090815,0.10821024456611608,110,0.11410928205833704,0,OTP,0,Legitimate,ACC-100769
4,1.3448138281668414,352.17976631676913,0.09132018484116317,67,0.003229890044789707,0,OTP,0,Legitimate,ACC-100770
6,1.4178107997688,683.9724302592031,0.19384918684221808,108,0.049879253963185606,1,Biometric,0,Legitimate,ACC-100771
1,1.882228070742972,744.4510538608315,0.07759326667676486,94,0.07031411887128361,0,Biometric,0,Legitimate,ACC-100772
7,1.1075352215517509,957.9045682565842,0.012605213966307649,64,0.14643861595761315,1,Biometric,0,Legitimate,ACC-100773
43,5.111571509974888,32.867242014932806,0.7236992416637782,1,0.8682732008949758,5,PIN,1,Fast Burner,ACC-100774
43,6.9538843178569545,6.502954873115746,0.8779027684223955,2,0.6904628613699848,9,Biometric,1,Fast Burner,ACC-100775
5,1.3540827883245665,129.39300413264647,0.1307842739851503,116,0.005173457951918053,1,Biometric,0,Legitimate,ACC-100776
3,1.0065312424066986,1395.9056152900869,0.13062715455631502,49,0.07987203102908826,1,Biometric,0,Legitimate,ACC-100777
3,1.402028643826108,328.71690775982836,0.14534782634592552,63,0.02372241908542829,0,OTP,0,Legitimate,ACC-100778
40,8.851728921793551,27.473042942900417,0.7121636861224454,0,0.9982784827083355,6,OTP,1,Fast Burner,ACC-100779
6,0.9114712737680395,431.3869521689897,0.16240904771031184,53,0.023738933971547953,1,Biometric,0,Legitimate,ACC-100780
3,1.3049483738040264,302.44131778076417,0.19791643846375567,55,0.05747297339671053,0,Biometric,0,Legitimate,ACC-100781
49,7.900542812991782,48.421481953771405,0.9241852764271185,1,0.8933476998010059,4,PIN,1,Fast Burner,ACC-100782
1,1.0185957449617766,156.7569586051299,0.1326651715763335,55,0.03397554831673437,0,PIN,0,Legitimate,ACC-100783
35,7.4733149081914885,51.38495346746295,0.9641779163961504,2,0.8842328014049361,4,PIN,1,Fast Burner,ACC-100784
3,1.2333805557502469,65.88582075597613,0.17015987566392277,110,0.03507648833941944,0,Biometric,0,Legitimate,ACC-100785
38,6.133914020497008,2.2697689238643153,0.760088626886011,1,0.8987596651518369,3,PIN,1,Fast Burner,ACC-100786
0,1.8053327439525195,592.7808165917909,0.10892781112357162,27,0.11596062188525541,0,Biometric,0,Legitimate,ACC-100787
2,1.26097431939162,118.32045327691503,0.18405165002235485,106,0.11027381968791007,0,Biometric,0,Legitimate,ACC-100788
1,1.477789838955669,806.1447925152817,0.0998924268345828,43,0.0095131986870496,1,Biometric,0,Legitimate,ACC-100789
2,1.325464523479859,441.46464296561146,0.1923573228617121,68,0.1351820039631505,0,Biometric,0,Legitimate,ACC-100790
2,1.0991388789999708,1586.7292714442865,0.189578764536935,113,0.09089412112361919,0,Biometric,0,Legitimate,ACC-100791
41,4.448866856110582,11.096775294711277,0.7450755944626813,36,0.8236173556127335,3,OTP,1,Sleeper Mule,ACC-100792
2,1.7191553855483876,85.98640810180497,0.13057461859403197,45,0.03249421313740207,0,Biometric,0,Legitimate,ACC-100793
38,5.7897804598201015,32.641048409645734,0.8662509457537275,41,0.5600601190888979,5,OTP,1,Sleeper Mule,ACC-100794
5,1.0156729426656474,254.07104586197727,0.03833287740316156,81,0.011037223070816215,0,Biometric,0,Legitimate,ACC-100795
2,1.5078262322880012,616.6602567020276,0.10409668287810968,17,0.09073177211256604,1,OTP,0,Legitimate,ACC-100796
3,1.1554711796807442,197.135573817887,0.17549680826350672,41,0.0185030419768607,0,Biometric,0,Legitimate,ACC-100797
32,4.224643734680493,11.007159777703349,0.8245473086604947,118,0.853698805636213,1,PIN,1,Sleeper Mule,ACC-100798
4,1.1146469086982334,460.81681610764446,0.10823476602762108,49,0.01416421195404533,1,Biometric,0,Legitimate,ACC-100799
1,1.4467026896062654,252.69911580623886,0.09593343657201697,107,0.02626661539407864,0,OTP,0,Legitimate,ACC-100800
4,1.6769686784432083,309.52453340563017,0.16077527542883988,110,0.030844212220615556,0,Biometric,0,Legitimate,ACC-100801
4,1.355163064847688,752.1392081747091,0.19155732722202032,101,0.09467149339341532,0,Biometric,0,Legitimate,ACC-100802
4,0.9815012194734778,383.5572992221173,0.12467415204417945,6,0.1124630148488343,2,PIN,0,Legitimate,ACC-100803
3,1.3695741371924188,65.11356088570021,0.025810677301881225,98,0.05402335343336585,0,Biometric,0,Legitimate,ACC-100804
41,6.323905603273207,11.328636943687664,0.7943521017907346,0,0.8792954901548256,5,PIN,1,Fast Burner,ACC-100805
2,1.9441952752536427,418.7208142437076,0.19850761398109554,74,0.062243059750817786,0,Biometric,0,Legitimate,ACC-100806
31,4.173327200408891,22.72699917423771,0.899722786560353,97,0.8268897149826802,2,OTP,1,Sleeper Mule,ACC-100807
2,0.6821358114126331,1245.0607563083236,0.0074971894250680515,108,0.09389856986415533,0,PIN,0,Legitimate,ACC-100808
34,2.644293324736611,28.110773036554512,0.6636615438621403,92,0.5326169674983409,7,PIN,1,Sleeper Mule,ACC-100809
3,1.2899384622489491,267.8872466260859,0.10845802780227339,32,0.061475980244931894,0,OTP,0,Legitimate,ACC-100810
1,1.1489482405797649,361.9765035570816,0.1934406911684387,77,0.05329222538876471,1,Biometric,0,Legitimate,ACC-100811
2,0.8866000408106269,275.6357683950753,0.0017988585634862277,108,0.00928203168692987,2,PIN,0,Legitimate,ACC-100812
3,1.144616701668885,1453.7241066207944,0.029083230018522976,70,0.09729982086939618,3,Biometric,0,Legitimate,ACC-100813
3,1.0160238556049785,1387.4739499685652,0.18197417481608943,117,0.14223631268712697,0,Biometric,0,Legitimate,ACC-100814
2,1.1369533187427376,142.77265024917554,0.08024729079262559,33,0.015992737069469742,0,PIN,0,Legitimate,ACC-100815
4,0.9404372838443259,526.5678401029877,0.1761544217453378,8,0.00795776488675209,0,OTP,0,Legitimate,ACC-100816
38,7.889906608088747,9.882595875041723,0.8849613914112301,2,0.7911054498639758,6,OTP,1,Fast Burner,ACC-100817
34,3.646563582115575,29.664839008486016,0.8892030248294509,79,0.5110129126901907,1,PIN,1,Sleeper Mule,ACC-100818
3,1.2114234058189377,605.1581513746935,0.13098070645702803,69,0.054153309538295814,1,PIN,0,Legitimate,ACC-100819
3,1.0823856651998656,1228.180077727608,0.16457110472904812,30,0.04264030394918282,0,PIN,0,Legitimate,ACC-100820
35,4.3726493957088,32.261421418370276,0.6546900799767369,54,0.578738786447674,5,PIN,1,Sleeper Mule,ACC-100821
6,1.2119398362348048,994.6313020569135,0.039926129734634254,86,0.08442900112271601,0,Biometric,0,Legitimate,ACC-100822
30,3.7947673548023424,16.895831069698595,0.6922066574507972,98,0.6104364800210892,2,OTP,1,Sleeper Mule,ACC-100823
7,1.654886535166804,536.797263971539,0.055175975943402095,106,0.04447685274550761,0,Biometric,0,Legitimate,ACC-100824
5,1.1522014267471947,176.39158699776684,0.1299361675890768,80,0.024870670623987016,1,Biometric,0,Legitimate,ACC-100825
2,0.7188811574910314,170.07239158429255,0.06237753684298955,20,0.1211435147252696,1,Biometric,0,Legitimate,ACC-100826
1,1.4157982805488314,1140.6716671552847,0.08160204629950735,108,0.12128291943411318,1,Biometric,0,Legitimate,ACC-100827
41,4.448783964834619,60.81584130958865,0.9422728282771338,2,0.6155973811607457,5,PIN,1,Fast Burner,ACC-100828
43,7.339942500514912,7.456209716654141,0.8760561420030403,1,0.610497794796893,3,PIN,1,Fast Burner,ACC-100829
48,6.782613140583895,13.646609027273016,0.8526962451562508,1,0.9548437100041929,0,OTP,1,Fast Burner,ACC-100830
4,0.7596245467083598,88.75537996960675,0.036258494402782504,35,0.0029813393792667672,0,OTP,0,Legitimate,ACC-100831
4,1.201561578568484,662.6287031090313,0.1233878276096096,22,0.03528160863181245,0,Biometric,0,Legitimate,ACC-100832
46,4.354157644370512,42.452276614926916,0.6856560225195555,95,0.7649455215368625,3,PIN,1,Sleeper Mule,ACC-100833
2,1.9234920575365706,483.1822711575512,0.17474253698117775,71,0.12277478388255157,0,Biometric,0,Legitimate,ACC-100834
3,1.6218697077787658,2283.5958217736184,0.07289196958792869,23,0.048545576286035876,0,OTP,0,Legitimate,ACC-100835
33,4.800094680881715,107.75803074911825,0.8257270361467455,46,0.7959841827560707,2,PIN,1,Sleeper Mule,ACC-100836
3,1.8531961143126663,494.96155490333484,0.19539463254510384,66,0.11188764164443495,0,PIN,0,Legitimate,ACC-100837
10,1.0630113642834285,562.3257643842725,0.031731033992618785,99,0.11648918844079112,0,Biometric,0,Legitimate,ACC-100838
4,1.3326906468406021,852.1135699985429,0.031979472058787616,12,0.11857676476369429,1,Biometric,0,Legitimate,ACC-100839
41,6.507014807869037,22.798735239091506,0.8113543583149627,114,0.8361917804101192,2,OTP,1,Sleeper Mule,ACC-100840
4,1.3519763015091826,233.29560341333385,0.07683531104088348,76,0.08065164253113845,1,OTP,0,Legitimate,ACC-100841
4,1.0826100330304866,342.8209695914878,0.04615678450273504,99,0.0900310286389007,0,Biometric,0,Legitimate,ACC-100842
4,1.240440426987061,357.0510930989782,0.14256111847833808,90,0.001526072710121845,2,Biometric,0,Legitimate,ACC-100843
3,0.984454804451665,90.20927479652647,0.11830204395380035,80,0.07781046536834914,0,Biometric,0,Legitimate,ACC-100844
33,5.1191671468961815,9.179912069313566,0.8544261137929423,81,0.5581193672617519,5,PIN,1,Sleeper Mule,ACC-100845
1,1.4443606379085971,445.6956529802002,0.062053723735976486,32,0.0969335291737019,1,Biometric,0,Legitimate,ACC-100846
45,7.280057408011012,17.12861127509016,0.9700245480324952,0,0.8901244563589723,6,PIN,1,Fast Burner,ACC-100847
32,5.351948646557902,5.069273390205069,0.826990169275228,100,0.802389763141304,0,OTP,1,Sleeper Mule,ACC-100848
50,6.891830383136005,3.5955543403808736,0.8425204150257899,1,0.8167611521081104,3,OTP,1,Fast Burner,ACC-100849
4,1.65277200594825,70.183698254272,0.06204928493752211,15,0.08388870195590148,0,Biometric,0,Legitimate,ACC-100850
2,0.8739867565845818,178.8845724874871,0.052125302667415135,83,0.14483624695901076,1,OTP,0,Legitimate,ACC-100851
1,1.4900752203226402,1119.279193286598,0.1171114374639737,105,0.10652366719008462,0,Biometric,0,Legitimate,ACC-100852
61,4.140740310416886,33.56001201148691,0.7953478853081439,2,0.6811889510736233,3,OTP,1,Fast Burner,ACC-100853
0,0.8828245613939689,470.42259770261063,0.1923690809053669,25,0.01940388424074747,0,PIN,0,Legitimate,ACC-100854
3,1.5182400215417842,166.74019800383257,0.12406777281239989,43,0.055579399916956714,1,PIN,0,Legitimate,ACC-100855
4,0.967386291098218,929.9870297713825,0.09742907255616179,70,0.11857161737127853,0,OTP,0,Legitimate,ACC-100856
2,1.2335945797863772,1908.3028337204278,0.03098593736894466,89,0.12482216810155687,0,PIN,0,Legitimate,ACC-100857
51,6.7893448538700865,21.109058434861716,0.825967049584329,2,0.6314452578264134,6,PIN,1,Fast Burner,ACC-100858
5,1.8164429455915945,1324.5082591921494,0.18309027372301967,50,0.009648792522367222,1,Biometric,0,Legitimate,ACC-100859
1,0.8609650102893154,125.76456909453492,0.1755638345140143,97,0.00248039672898136,1,Biometric,0,Legitimate,ACC-100860
2,1.558845066457838,787.5381934095773,0.022836753597591852,59,0.09339590290539171,1,Biometric,0,Legitimate,ACC-100861
2,1.5121927328399003,148.44732174634186,0.12753285691789137,44,0.12106243797039307,0,Biometric,0,Legitimate,ACC-100862
35,4.055249605041292,37.02312560860553,0.833498146961065,45,0.6980624611055994,5,OTP,1,Sleeper Mule,ACC-100863
46,6.997154686242094,7.5838382636889365,0.7534025528411795,1,0.656749455280143,1,OTP,1,Fast Burner,ACC-100864
2,1.6606892936433093,76.956136828111,0.029496906160941694,6,0.08488914668179959,0,Biometric,0,Legitimate,ACC-100865
2,1.5379180349166197,1368.2416647029681,0.18822898944077598,116,0.09812183883619083,0,Biometric,0,Legitimate,ACC-100866
5,0.9600771335668404,129.5192982593124,0.17020531926034832,84,0.10769566601115432,2,Biometric,0,Legitimate,ACC-100867
4,1.1541810165059532,303.9354988784979,0.13112397608899776,22,0.02736985121878973,0,Biometric,0,Legitimate,ACC-100868
35,4.539415338461095,128.93093647360686,0.824629224041324,81,0.527045122885064,4,PIN,1,Sleeper Mule,ACC-100869
3,1.4371853156519931,181.2974447644267,0.0291413223495018,50,0.10112811162129826,0,OTP,0,Legitimate,ACC-100870
1,1.0118847463657947,205.33608187924958,0.024548189291796564,30,0.12170793353819936,0,Biometric,0,Legitimate,ACC-100871
3,0.7981446229304888,785.3914476673668,0.13757043700843075,72,0.026434925722637524,0,Biometric,0,Legitimate,ACC-100872
45,7.583146024563289,24.540575802565993,0.8914403777937712,1,0.6528664425499439,4,PIN,1,Fast Burner,ACC-100873
5,1.6354126383211145,373.2304886537844,0.13497392118073193,75,0.06385278586776506,1,Biometric,0,Legitimate,ACC-100874
5,1.6904588553481041,77.11139950250296,0.024113803391023026,50,0.02742031204339212,0,Biometric,0,Legitimate,ACC-100875
5,0.8488012409399432,762.0805711741291,0.17076447490924532,56,0.03721621285422032,1,PIN,0,Legitimate,ACC-100876
4,1.0509371617975414,1591.7528456391824,0.07966201140267666,103,0.021114632804883026,1,Biometric,0,Legitimate,ACC-100877
2,1.4808460782384631,233.01426294502997,0.02805646171993539,113,0.07521560403168484,1,Biometric,0,Legitimate,ACC-100878
4,1.007666503754169,155.1917416109247,0.17676886083686857,34,0.06915985338144244,0,PIN,0,Legitimate,ACC-100879
1,0.49922079088347104,388.9683625608599,0.163618979009176,28,0.009280764133762259,1,Biometric,0,Legitimate,ACC-100880
3,1.0722226202047302,216.86555749133584,0.10533196522228319,86,0.14478867467328177,1,Biometric,0,Legitimate,ACC-100881
3,0.9344914103211603,2151.312787811577,0.057384902751338035,117,0.13457557493952904,1,Biometric,0,Legitimate,ACC-100882
2,1.4523244615819246,1389.766171427305,0.19230336132536385,59,0.06877728088014083,0,Biometric,0,Legitimate,ACC-100883
3,1.0973947962585675,286.4575417685651,0.16422842537973592,10,0.004122906943155568,0,Biometric,0,Legitimate,ACC-100884
2,1.3146351511777552,199.53051085736655,0.01588473992651529,116,0.046056288823488806,0,Biometric,0,Legitimate,ACC-100885
37,4.431904548602494,5.280777465949699,0.8029108252139083,63,0.6260356311192824,3,OTP,1,Sleeper Mule,ACC-100886
41,6.333203969162105,9.788906866071148,0.8984786323709459,0,0.7251204094919004,3,OTP,1,Fast Burner,ACC-100887
1,1.0226559510223168,120.38471370662717,0.19525396100659045,28,0.07287244292601308,0,PIN,0,Legitimate,ACC-100888
44,3.4606448388948756,16.89124699805523,0.8928146064316207,0,0.9215089205409183,4,OTP,1,Fast Burner,ACC-100889
5,0.97404332616346,283.04825753149976,0.04013000309553525,27,0.12749089661336194,2,PIN,0,Legitimate,ACC-100890
35,5.571378394896481,20.077099391029456,0.8968147446819141,105,0.7008397473895275,5,OTP,1,Sleeper Mule,ACC-100891
1,1.103243364267883,170.7353725994983,0.17745920210084162,89,0.10701120955663787,0,Biometric,0,Legitimate,ACC-100892
2,0.6686829592988454,248.8487899076718,0.0462052351688586,86,0.05506205603891424,1,Biometric,0,Legitimate,ACC-100893
34,6.001453905634547,10.346152739030192,0.9041507328621736,1,0.7176429722629395,4,OTP,1,Fast Burner,ACC-100894
5,1.176483990081182,391.8453258473466,0.02249013464670664,111,0.08310147815912194,0,Biometric,0,Legitimate,ACC-100895
3,1.3530296193621818,1389.369913136547,0.03176782954124937,50,0.09092515520026433,0,Biometric,0,Legitimate,ACC-100896
1,1.6272850242821573,968.8450940581484,0.1902793912521836,70,0.1174453607485884,1,Biometric,0,Legitimate,ACC-100897
3,1.705802084931133,997.8984711429503,0.1869665148543818,39,0.0398597365766351,1,Biometric,0,Legitimate,ACC-100898
2,1.5604251095361072,175.8184208508068,0.02152848436669277,45,0.14611021745995517,0,Biometric,0,Legitimate,ACC-100899
2,0.9738877065414762,111.14064064401552,0.18091820317063367,90,0.031127193787534535,0,OTP,0,Legitimate,ACC-100900
1,0.595433428370287,313.45818603110934,0.001939033666874912,22,0.10684415813497337,0,PIN,0,Legitimate,ACC-100901
49,5.977586843385756,3.3230348490360027,0.9601575033464876,0,0.7277268265361804,4,PIN,1,Fast Burner,ACC-100902
4,1.3042169525125664,489.9785782996847,0.13090289334842345,45,0.1178054957566634,0,PIN,0,Legitimate,ACC-100903
37,6.877712808230387,10.180303161819023,0.86052816995026,62,0.5974784143147056,3,OTP,1,Sleeper Mule,ACC-100904
2,1.6703374529386992,86.15852429038293,0.02681655439099664,101,0.06090928125786061,0,PIN,0,Legitimate,ACC-100905
2,1.261457190065307,68.42614970464773,0.10679094607958489,77,0.1478277748435676,0,PIN,0,Legitimate,ACC-100906
1,1.3240116087391187,692.3788527434854,0.13805790598671666,68,0.11751532037498563,0,Biometric,0,Legitimate,ACC-100907
2,1.1186654554914273,156.30587236432513,0.08590908974372058,77,0.08628798601396655,0,Biometric,0,Legitimate,ACC-100908
45,6.595042024445986,37.482650121953505,0.7469160995300572,0,0.868840345889301,6,PIN,1,Fast Burner,ACC-100909
1,1.1638507758301921,83.88210705416253,0.018325296899858245,81,0.050993384735730306,1,Biometric,0,Legitimate,ACC-100910
0,0.6400655541709573,347.25920784882726,0.07401241257399511,16,0.008358034796806984,1,Biometric,0,Legitimate,ACC-100911
4,0.9767269899133286,167.31817712517898,0.032357717004726054,21,0.052003556554387764,1,Biometric,0,Legitimate,ACC-100912
4,1.2401281722162687,1526.5410686800697,0.16633069752203902,70,0.0030919738253797012,0,OTP,0,Legitimate,ACC-100913
50,7.659844333485817,25.429968164453662,0.8820914283883701,1,0.6090801463017509,3,PIN,1,Fast Burner,ACC-100914
3,1.143245899452324,992.5278354005567,0.08586854745993114,112,0.12340986134872042,0,Biometric,0,Legitimate,ACC-100915
48,7.142296970488313,2.466397796820249,0.9335329824066105,0,0.9699485366615476,8,OTP,1,Fast Burner,ACC-100916
49,8.385877743591697,2.6504952530285246,0.7493167211324028,1,0.7092596154567739,4,OTP,1,Fast Burner,ACC-100917
41,7.492386144372324,11.618228744348666,0.9344704208644768,1,0.791394936511324,5,PIN,1,Fast Burner,ACC-100918
5,0.9102519687312107,516.2781244367579,0.009777645901037047,117,0.002808922898979499,1,Biometric,0,Legitimate,ACC-100919
33,4.531979899163251,16.63874198610279,0.8947857557648866,40,0.8900555960655336,1,OTP,1,Sleeper Mule,ACC-100920
2,1.166890572212442,2292.8376147646527,0.15950419986360187,51,0.13403997280230165,0,Biometric,0,Legitimate,ACC-100921
1,1.8905024556152323,276.43794806377866,0.10364537869497555,80,0.11342235179077556,0,Biometric,0,Legitimate,ACC-100922
1,1.2694944214832768,550.1479270774275,0.04090879150898701,29,0.148331867888252,0,OTP,0,Legitimate,ACC-100923
30,6.391213893973143,33.249066112797266,0.6386326337862849,64,0.754137849285931,3,OTP,1,Sleeper Mule,ACC-100924
46,3.5264023719983273,20.744956096258264,0.744965460641311,0,0.6026382293678333,5,PIN,1,Fast Burner,ACC-100925
48,5.559254969863105,10.082862458707641,0.7878791426671661,0,0.7383008908042824,9,OTP,1,Fast Burner,ACC-100926
48,4.487134377574787,116.06483060407588,0.6125974295743646,48,0.7689480924906456,1,PIN,1,Sleeper Mule,ACC-100927
1,1.2056371533923822,159.2558970967629,0.03058108881004571,93,0.13427256001354204,0,Biometric,0,Legitimate,ACC-100928
5,0.8108507110902834,167.23980921218174,0.14513109272877328,104,0.025092710894011837,2,PIN,0,Legitimate,ACC-100929
5,0.9094992410239323,139.95770989105392,0.1404128516054573,38,0.04685959258007923,1,OTP,0,Legitimate,ACC-100930
42,6.420349533751831,16.95313982680393,0.8601786909872606,2,0.9239354964485458,3,PIN,1,Fast Burner,ACC-100931
3,1.1361420351730898,1036.2390884898755,0.08679098404990356,58,0.02858914058589568,0,Biometric,0,Legitimate,ACC-100932
4,1.0606794655770266,1096.1719060044038,0.04076373603697665,24,0.00018643179730185033,1,Biometric,0,Legitimate,ACC-100933
4,1.3380593043690123,329.64740912135215,0.13138934784227038,10,0.0640907859755029,0,Biometric,0,Legitimate,ACC-100934
1,1.5332259517243925,515.6744375399362,0.10464884786181138,46,0.1058650153961459,1,Biometric,0,Legitimate,ACC-100935
46,3.2362960342546634,9.614921187598245,0.9075038027839333,2,0.9280830906185449,6,PIN,1,Fast Burner,ACC-100936
6,1.2376675567420734,473.43192804804363,0.15092127312727074,118,0.11362322581234546,1,PIN,0,Legitimate,ACC-100937
2,1.4578242764278357,975.8471892860725,0.03646575251101425,11,0.11945328401897728,1,Biometric,0,Legitimate,ACC-100938
29,5.654872250781311,35.002504725124155,0.7155235359334263,94,0.8152921207295494,3,OTP,1,Sleeper Mule,ACC-100939
2,0.8631296531769501,2381.67091909417,0.15515115812404093,63,0.001687578352192881,0,Biometric,0,Legitimate,ACC-100940
45,6.547984253492886,15.654771894077896,0.7438169241672437,1,0.9251992954430259,3,PIN,1,Fast Burner,ACC-100941
38,4.871657059509734,37.39825830137088,0.8431813963709351,48,0.845805701677915,5,PIN,1,Sleeper Mule,ACC-100942
4,1.0937344152250077,417.5798523293235,0.08248589800255174,98,0.08462692918941896,0,Biometric,0,Legitimate,ACC-100943
4,0.7399823733243809,689.6283642133712,0.199362188065158,13,0.03309612596351451,1,Biometric,0,Legitimate,ACC-100944
1,1.7886205085695583,287.3323481335069,0.17463681840012646,40,0.08444700909029225,0,Biometric,0,Legitimate,ACC-100945
3,1.5756477110898328,92.61562152399452,0.16097709959830575,17,0.10179357851104175,0,Biometric,0,Legitimate,ACC-100946
3,1.0125682251667154,959.6813663438284,0.10664420046162629,13,0.10520891494291087,0,PIN,0,Legitimate,ACC-100947
2,1.5761204358659202,422.33947730731006,0.052712777837103486,59,0.019817346656851503,1,Biometric,0,Legitimate,ACC-100948
3,0.5511962968456411,135.24297944245,0.1477748454092746,95,0.09990351627131382,1,Biometric,0,Legitimate,ACC-100949
1,1.3706309086018345,506.3326134629166,0.03014621685518755,55,0.14395158511038839,1,Biometric,0,Legitimate,ACC-100950
26,5.789567045914581,5.183877595931853,0.6824164135275896,98,0.5235986773781508,1,OTP,1,Sleeper Mule,ACC-100951
2,1.3660882228074696,625.549540045162,0.11511954975335909,85,0.10359654197092515,0,Biometric,0,Legitimate,ACC-100952
50,6.2482262370919335,4.537922894362444,0.8017513897212362,2,0.6381703682570307,4,OTP,1,Fast Burner,ACC-100953
2,1.3188959046023587,823.3183710796554,0.021399994296719863,56,0.1211414548552506,2,Biometric,0,Legitimate,ACC-100954
2,1.2160152817437064,157.05135943919646,0.1861484436562856,99,0.07706177167206923,0,Biometric,0,Legitimate,ACC-100955
5,1.2311487705098092,608.2024102908082,0.015806535146582413,117,0.12437602229987382,0,OTP,0,Legitimate,ACC-100956
4,0.9520525872869295,415.66028189096744,0.009702374005257442,19,0.1325549886896304,0,OTP,0,Legitimate,ACC-100957
26,6.493862693282619,15.136700413688475,0.8209696302358576,68,0.551100040927874,2,OTP,1,Sleeper Mule,ACC-100958
5,1.4118200849566291,531.4937544673161,0.07688661948583005,118,0.09346070932244212,0,Biometric,0,Legitimate,ACC-100959
2,1.6128695911906716,269.6873236335167,0.055742420749389156,65,0.00695522532204752,1,PIN,0,Legitimate,ACC-100960
2,1.495377868468739,1292.8799409729834,0.18915825438834077,8,0.11790222133026496,0,Biometric,0,Legitimate,ACC-100961
45,5.075069712809356,33.856800079901966,0.7137801421167355,1,0.8528169448217062,4,OTP,1,Fast Burner,ACC-100962
0,1.1514405703926807,97.51601701079977,0.0934624756310136,74,0.07411290648467417,0,Biometric,0,Legitimate,ACC-100963
47,4.147891889205378,26.602582035943417,0.909688117755216,2,0.7539088842740742,5,PIN,1,Fast Burner,ACC-100964
31,7.434115187390985,22.80644222622914,0.6062385880028875,50,0.8712216806383088,2,OTP,1,Sleeper Mule,ACC-100965
2,0.9481174883877983,90.08535645576066,0.10648406710666083,64,0.04203302304160556,1,Biometric,0,Legitimate,ACC-100966
5,0.84104548555472,236.3054059250251,0.15621955102483934,88,0.07968495914843926,1,PIN,0,Legitimate,ACC-100967
3,1.1220939409676793,847.1922310552102,0.055542806503713064,76,0.14372762339633527,1,Biometric,0,Legitimate,ACC-100968
5,0.7289290037754466,645.066284597396,0.10160546311076418,54,0.0256090397613706,0,Biometric,0,Legitimate,ACC-100969
3,1.094063945999266,737.035399489366,0.11718084712550879,89,0.1496910624426204,0,Biometric,0,Legitimate,ACC-100970
3,0.8062533928991062,653.601595855499,0.19973078372177555,11,0.13165016444002736,1,OTP,0,Legitimate,ACC-100971
2,1.229246681707109,136.40965472487545,0.08663164386943947,17,0.02924459461855636,0,Biometric,0,Legitimate,ACC-100972
4,1.198099757860423,419.0431057925014,0.15000443807755615,21,0.017996296223895,0,OTP,0,Legitimate,ACC-100973
1,1.2823380532841524,442.9989566449019,0.03520563055754538,60,0.12243482561091823,1,Biometric,0,Legitimate,ACC-100974
4,1.6475829177484922,247.464952039783,0.018474167855179326,36,0.08180508790040733,1,Biometric,0,Legitimate,ACC-100975
0,0.8940093843696933,564.790054212802,0.19496155345001548,77,0.1193346692087684,0,Biometric,0,Legitimate,ACC-100976
1,1.095460142591406,828.2524680017367,0.060598186132870935,74,0.09619201124790683,0,PIN,0,Legitimate,ACC-100977
50,6.709372217954419,30.083795810020433,0.8827070569029348,2,0.7783283727889307,5,PIN,1,Fast Burner,ACC-100978
58,7.717473734641996,6.656294762043806,0.9585915682545938,2,0.6659553689450051,6,Biometric,1,Fast Burner,ACC-100979
4,1.7858833661998519,986.3398773446457,0.10952159721693536,48,0.11610064532331599,2,Biometric,0,Legitimate,ACC-100980
5,1.4694907649067106,198.99420307943768,0.13666508650717696,107,0.13056876249376517,0,Biometric,0,Legitimate,ACC-100981
42,4.40408472327392,43.664332038068125,0.8849912739731125,76,0.7559878803134736,5,OTP,1,Sleeper Mule,ACC-100982
1,1.5965642976479406,128.01135995489622,0.07630411043786406,45,0.11459641269678617,2,Biometric,0,Legitimate,ACC-100983
4,1.1766275861006044,579.6013228479067,0.1124745564742399,17,0.07949841567075129,1,Biometric,0,Legitimate,ACC-100984
4,0.9653461638142098,1082.6726512710175,0.057347937887858996,114,0.02302328356946366,1,PIN,0,Legitimate,ACC-100985
0,1.310195816354759,460.96148263703026,0.025128195421919287,25,0.05796729877254346,3,Biometric,0,Legitimate,ACC-100986
3,1.3684720411713314,514.9045058249837,0.09214110538427432,54,0.12551491653824312,0,Biometric,0,Legitimate,ACC-100987
39,7.071581531949549,12.820039620287336,0.6142813956047642,79,0.7894295192510158,2,OTP,1,Sleeper Mule,ACC-100988
33,4.3083696078323985,98.90291904928823,0.7066219495957433,54,0.5234817678512045,4,PIN,1,Sleeper Mule,ACC-100989
6,1.3405593770715372,161.96949575330126,0.08086522456989576,93,0.11760285806568138,1,Biometric,0,Legitimate,ACC-100990
0,0.6202883737512574,331.3909672957492,0.15111414061990486,53,0.12401438729754784,1,Biometric,0,Legitimate,ACC-100991
46,5.295345253538231,41.4788369328196,0.832924504637035,2,0.8290546826290099,3,Biometric,1,Fast Burner,ACC-100992
4,0.7487554407156063,262.79605917132375,0.011605925418856146,71,0.12730060483112107,1,PIN,0,Legitimate,ACC-100993
53,6.794759816015371,66.38825174557195,0.961614354991186,2,0.8335544302102431,8,PIN,1,Fast Burner,ACC-100994
27,5.794387997556734,12.177787221726176,0.8869748025368583,51,0.8237404033335274,2,OTP,1,Sleeper Mule,ACC-100995
5,0.7838140459707401,71.44067498629671,0.10639379215583669,84,0.14310746398918772,0,PIN,0,Legitimate,ACC-100996
4,0.39600465421065933,402.9614770903794,0.0714470833233564,48,0.007920851987465805,0,Biometric,0,Legitimate,ACC-100997
3,1.703389751090609,1518.718111008206,0.06838604351968446,70,0.13886084815999963,1,Biometric,0,Legitimate,ACC-100998
7,1.1516143699016563,366.98533044404996,0.04629063426392808,93,0.041131880755601605,0,Biometric,0,Legitimate,ACC-100999
53,6.386802534864133,21.766528458606,0.8791264117475376,0,0.6112193846477026,8,OTP,1,Fast Burner,ACC-101000
34,5.689493481020254,36.91125825517916,0.7981367010527497,81,0.8814588424811222,3,OTP,1,Sleeper Mule,ACC-101001
2,0.9724004395371683,1400.6929478338607,0.03563372320456766,66,0.11188193179811821,3,PIN,0,Legitimate,ACC-101002
44,4.6689197414197,11.185668757625752,0.9266093311234812,2,0.7686907182749261,3,PIN,1,Fast Burner,ACC-101003
40,5.476441766782671,10.382946064616112,0.7729914742347901,2,0.9173201909641244,7,OTP,1,Fast Burner,ACC-101004
2,1.2388339927642331,701.2381195607229,0.16204968888480342,113,0.12327748955942835,1,PIN,0,Legitimate,ACC-101005
37,3.2116331778265406,13.199484418194158,0.6473432023634748,76,0.7429092899078846,1,OTP,1,Sleeper Mule,ACC-101006
38,5.411558585615769,14.101635958633386,0.9848748546837256,1,0.6115309420689973,5,PIN,1,Fast Burner,ACC-101007
0,0.9911119262842816,1529.5656301808035,0.019317446053789135,90,0.018315930634619147,0,OTP,0,Legitimate,ACC-101008
2,0.5058421513179375,70.93914187772766,0.1566960297017622,6,0.13359252469002184,0,Biometric,0,Legitimate,ACC-101009
49,5.177790052378981,25.170678490866603,0.8996690648738745,2,0.9732369149000385,2,OTP,1,Fast Burner,ACC-101010
2,1.6156725701824444,1076.2767181696554,0.10492422032387497,55,0.08824318257532444,0,Biometric,0,Legitimate,ACC-101011
43,8.787137458593268,4.630339323899144,0.9367993163529773,1,0.9911466111801989,5,OTP,1,Fast Burner,ACC-101012
54,7.674309086978594,17.75901227319107,0.9710291957008195,1,0.9648642198403791,4,OTP,1,Fast Burner,ACC-101013
4,0.9841582846986188,350.0277479334612,0.013432998521111017,48,0.06168237142237185,0,Biometric,0,Legitimate,ACC-101014
5,1.2735830796652823,337.8414743019526,0.19606582657527621,6,0.07418749470685047,1,PIN,0,Legitimate,ACC-101015
2,1.1364331406405273,627.9454234862359,0.04918060851265334,66,0.01310700937792364,1,Biometric,0,Legitimate,ACC-101016
36,5.830125482515582,18.0195515810666,0.6731526054226695,81,0.6567922897530827,3,OTP,1,Sleeper Mule,ACC-101017
1,1.1307453096288869,146.17147339838806,0.19025295979674517,51,0.09974228496819577,0,Biometric,0,Legitimate,ACC-101018
36,6.5254464600013,15.755160015516408,0.7836497653394014,1,0.7803558460379468,8,PIN,1,Fast Burner,ACC-101019
39,5.918903528093339,10.963687693074846,0.8828751334576308,79,0.6546296731449266,6,OTP,1,Sleeper Mule,ACC-101020
26,3.899635078179465,22.0623032206206,0.7208776040609473,37,0.7150484430528887,4,OTP,1,Sleeper Mule,ACC-101021
4,1.255820529741164,104.50696312803429,0.16127019516108676,16,0.1309159088330131,1,PIN,0,Legitimate,ACC-101022
42,5.870507014475683,11.069505219103245,0.8439860708767715,118,0.7659561436680762,4,OTP,1,Sleeper Mule,ACC-101023
2,1.0784966785647907,269.26438768942097,0.034627358254766503,29,0.11650717876926074,4,Biometric,0,Legitimate,ACC-101024
3,1.2691379641882898,1196.3341565948094,0.0923896096249524,50,0.02156857137610995,0,Biometric,0,Legitimate,ACC-101025
2,1.1783122020856542,516.2901613154954,0.17233345173565068,67,0.14788432813826335,0,Biometric,0,Legitimate,ACC-101026
60,5.081330217801995,6.145628434426196,0.7100298923061484,0,0.9010816577915856,3,OTP,1,Fast Burner,ACC-101027
45,5.161334443779696,59.930182719067986,0.817034102043375,52,0.7798492308937588,4,PIN,1,Sleeper Mule,ACC-101028
3,1.158449693418014,1404.460931710436,0.1261982308427285,10,0.00679426932637518,1,PIN,0,Legitimate,ACC-101029
3,1.6760698971099273,190.9059097075562,0.07339527467929001,107,0.13591573340324642,0,Biometric,0,Legitimate,ACC-101030
32,5.886838463488864,21.40409765746268,0.7532650602270368,107,0.6906125428263619,3,OTP,1,Sleeper Mule,ACC-101031
0,1.8331027956289132,446.39532680934616,0.10604713854517825,47,0.09234748474347912,1,PIN,0,Legitimate,ACC-101032
2,1.0995680025885517,430.46290165367026,0.05668917190108909,83,0.046889040101661485,0,PIN,0,Legitimate,ACC-101033
48,4.768302325187308,19.3629539978288,0.9687824543941913,0,0.9821685850575659,4,OTP,1,Fast Burner,ACC-101034
45,6.286729501741295,9.988195820212573,0.9649233882753018,1,0.7644848005851217,2,OTP,1,Fast Burner,ACC-101035
2,0.8654621212009537,295.36284097730123,0.014538401183759287,6,0.07915581314014407,2,PIN,0,Legitimate,ACC-101036
4,1.395399285598561,375.12399707398146,0.11717644899791842,47,0.10466219995212775,0,Biometric,0,Legitimate,ACC-101037
2,1.1771437166126948,462.7810150030358,0.13577667337786048,63,0.02613501613266269,1,PIN,0,Legitimate,ACC-101038
4,1.052470016203139,139.42431486497236,0.19735798911401659,40,0.0360539724732951,0,Biometric,0,Legitimate,ACC-101039
4,0.9949856890439611,516.986098795662,0.1174778948912426,72,0.002894756310238877,0,Biometric,0,Legitimate,ACC-101040
1,0.9095961106232158,701.4011770076272,0.03090036229906068,55,0.006214686919265494,0,Biometric,0,Legitimate,ACC-101041
0,1.3678066229146308,1243.6964363324387,0.1473802744343416,87,0.12454434744044096,1,Biometric,0,Legitimate,ACC-101042
4,1.2148775482984757,484.86918393069635,0.07436257458613293,74,0.0366060800763365,0,PIN,0,Legitimate,ACC-101043
2,1.159319628029735,302.26635732702107,0.0772959499974917,67,0.12389545422532029,1,Biometric,0,Legitimate,ACC-101044
2,1.2956512210141276,217.72183828289735,0.08032371481584742,31,0.05935532172510474,1,Biometric,0,Legitimate,ACC-101045
2,1.4155470891951387,245.915733931727,0.0543914229820657,71,0.0013213511090274465,0,PIN,0,Legitimate,ACC-101046
1,1.0284214361404702,1688.1705386939952,0.18449530675619596,98,0.10616878910642653,1,PIN,0,Legitimate,ACC-101047
4,1.5818730651742272,283.3574405977272,0.18177027557646433,48,0.10115037056092521,2,Biometric,0,Legitimate,ACC-101048
49,4.201824072444618,51.43184219756488,0.8895899931374388,37,0.7792276077255386,2,OTP,1,Sleeper Mule,ACC-101049
5,1.2406554008375386,515.7085915482087,0.017144593685856458,76,0.09070115342531877,0,Biometric,0,Legitimate,ACC-101050
2,1.218520402938089,518.8429223716421,0.01623634107833858,92,0.08694064317448429,1,Biometric,0,Legitimate,ACC-101051
3,1.0239232183664715,173.89170670815687,0.12612620943083264,33,0.06104565456420106,2,Biometric,0,Legitimate,ACC-101052
2,1.2491614205209367,781.29078999727,0.08214889356707838,8,0.12582995486465942,0,PIN,0,Legitimate,ACC-101053
5,1.5411176580136567,153.6894219731829,0.12140644765261924,44,0.06283116085238326,0,Biometric,0,Legitimate,ACC-101054
0,1.4563881931652107,322.3638331412785,0.08975277768536694,40,0.014376808002724766,1,OTP,0,Legitimate,ACC-101055
32,6.743099575176927,9.10474211482705,0.7307523351901026,94,0.5946905771595234,7,OTP,1,Sleeper Mule,ACC-101056
8,1.704798874394434,159.75870373477,0.1525657732788589,64,0.015069986895654197,0,OTP,0,Legitimate,ACC-101057
1,1.2952087899766083,751.1672145022799,0.12793762042908582,32,0.04193025367601119,0,Biometric,0,Legitimate,ACC-101058
1,1.0805018961355115,239.48419042587375,0.07840541121579542,29,0.06490894139001593,0,Biometric,0,Legitimate,ACC-101059
5,1.0420827404667967,301.86072043955556,0.1762710480611499,29,0.03544315620592819,0,Biometric,0,Legitimate,ACC-101060
2,1.1761810855843517,341.7107382162127,0.1721580762060929,41,0.06840567972216817,1,PIN,0,Legitimate,ACC-101061
4,1.1454419802629514,882.8767793420437,0.04633619308467292,18,0.03125135465145716,1,OTP,0,Legitimate,ACC-101062
3,0.9860067299159365,106.14243467593694,0.1258093987174101,116,0.020090504830908646,0,Biometric,0,Legitimate,ACC-101063
4,1.5335860082581225,716.7657060575561,0.11702446501143088,119,0.12291953762650971,2,Biometric,0,Legitimate,ACC-101064
36,4.486792297443232,36.778734789657896,0.8324712195989399,62,0.6028921942324037,4,OTP,1,Sleeper Mule,ACC-101065
7,1.2020954748767816,972.7147508805587,0.11564133305960367,25,0.014573961518578503,0,PIN,0,Legitimate,ACC-101066
4,1.160005258044568,500.65531405396604,0.1250796485982905,114,0.09283383467077125,1,PIN,0,Legitimate,ACC-101067
2,0.9850817118897761,229.72236325866768,0.15378188790949504,97,0.018646252485819453,1,Biometric,0,Legitimate,ACC-101068
6,1.4898375976590934,64.88930767709826,0.0419854854558986,42,0.13773129013631613,0,Biometric,0,Legitimate,ACC-101069
7,0.8205333467691874,681.0807175881448,0.16381437692230177,35,0.09482477472598863,0,Biometric,0,Legitimate,ACC-101070
2,1.4724667572275187,582.7490886521135,0.09721906063900465,110,0.11742405299376735,1,OTP,0,Legitimate,ACC-101071
46,8.58567681287397,5.339879275127229,0.752348157371909,2,0.7717417156203819,3,PIN,1,Fast Burner,ACC-101072
3,1.1755632036666361,417.86063035521556,0.1424901529423955,84,0.058694750397460305,0,Biometric,0,Legitimate,ACC-101073
45,7.170801337163938,3.6879384559540647,0.8771759818141551,1,0.9048294892154736,0,PIN,1,Fast Burner,ACC-101074
1,1.4455646149319994,322.4509997050145,0.05845895317236316,109,0.07647931926670011,0,Biometric,0,Legitimate,ACC-101075
7,1.6632277990572135,2895.6681798460704,0.14557552441423466,86,0.010547488907663105,1,PIN,0,Legitimate,ACC-101076
3,0.7033081919489752,375.2346861639996,0.1324831492162317,87,0.10706856757374168,0,Biometric,0,Legitimate,ACC-101077
39,4.078312324972757,31.102073977723155,0.8667106947085814,2,0.8833706788341013,7,OTP,1,Fast Burner,ACC-101078
6,1.765736554945658,105.97880435777239,0.06965988347723764,50,0.08859678764814878,1,Biometric,0,Legitimate,ACC-101079
3,1.1774918998809596,143.5369789257675,0.16329205068656694,50,0.0063919932556245175,1,Biometric,0,Legitimate,ACC-101080
51,6.707090354859846,14.125518184999562,0.7450383857835837,1,0.6918534422323759,12,PIN,1,Fast Burner,ACC-101081
2,1.5249785328882912,203.6870685072592,0.10530530663503508,27,0.08338120377400718,1,Biometric,0,Legitimate,ACC-101082
2,1.1626354560940728,494.61396525289484,0.031848478801978546,24,0.10433213766232939,1,Biometric,0,Legitimate,ACC-101083
1,1.241327521552211,76.03414194576806,0.01517075715898415,26,0.024388583367186856,0,PIN,0,Legitimate,ACC-101084
42,7.5596565603991674,20.886366056501057,0.7929368541017412,1,0.9288816603395208,5,PIN,1,Fast Burner,ACC-101085
1,1.0182029861745263,372.82713544698197,0.15823795311265998,75,0.03393086487054699,0,PIN,0,Legitimate,ACC-101086
2,1.2662525310871056,396.2718067132176,0.1172553696839237,70,0.1247459438991965,1,Biometric,0,Legitimate,ACC-101087
48,9.544954836139818,7.5256312689134806,0.8685458359147714,0,0.8423223497038475,7,PIN,1,Fast Burner,ACC-101088
3,0.9066736796873854,1089.5314734381545,0.03278344058871698,37,0.0874016812075241,0,Biometric,0,Legitimate,ACC-101089
4,1.4694733718568687,835.3400172318414,0.038991899206702096,76,0.07691171144401122,1,Biometric,0,Legitimate,ACC-101090
46,9.26822313659724,5.859692212886628,0.8376223291689076,1,0.7921275508800724,7,PIN,1,Fast Burner,ACC-101091
3,1.0601317824848664,106.1861287708152,0.11327636012204148,99,0.11283328826465643,0,Biometric,0,Legitimate,ACC-101092
45,8.44980159022645,13.471910257945424,0.9617114298656605,2,0.987114674928467,4,OTP,1,Fast Burner,ACC-101093
35,3.2340363574898543,28.038949132482564,0.6289348519143358,116,0.8878099473027647,5,OTP,1,Sleeper Mule,ACC-101094
4,2.213330472386809,316.61271884104934,0.09777867662424795,55,0.14385603246708706,0,Biometric,0,Legitimate,ACC-101095
1,1.4548934348119955,269.9615440718003,0.05435875052473498,15,0.09167317353394508,1,Biometric,0,Legitimate,ACC-101096
4,1.4720611603830855,79.34468002883042,0.1965605079410038,99,0.09460497100165403,0,OTP,0,Legitimate,ACC-101097
5,0.9859113320386598,834.8980181745076,0.11002793496506336,29,0.10125759347195452,1,Biometric,0,Legitimate,ACC-101098
36,8.819269694483697,25.261063195479473,0.8369766358845545,0,0.8612873413551319,7,PIN,1,Fast Burner,ACC-101099
4,1.0208163192461257,676.9705562024474,0.15000681958938078,68,0.06615622833847902,4,Biometric,0,Legitimate,ACC-101100
2,1.5088700771468253,333.9167036741211,0.06219894040239074,61,0.057984670753919304,0,OTP,0,Legitimate,ACC-101101
44,5.62672418236126,5.524312188931221,0.9940617822710054,1,0.7112574435914132,5,PIN,1,Fast Burner,ACC-101102
1,1.126978057561464,710.5934603374964,0.06800185338158107,34,0.0657830072232469,1,Biometric,0,Legitimate,ACC-101103
1,1.2786049723075428,631.5597452257069,0.15292719885699474,40,0.12642020752936195,0,Biometric,0,Legitimate,ACC-101104
4,1.2071839147347783,327.47413451494253,0.04907241119728718,87,0.14001548857994292,0,OTP,0,Legitimate,ACC-101105
45,7.249882462342132,3.7480234303097237,0.7496328032961207,1,0.7100651619942637,2,PIN,1,Fast Burner,ACC-101106
3,1.5450410411038846,487.73022346026994,0.025006323121724506,76,0.00880844015614971,1,PIN,0,Legitimate,ACC-101107
44,4.277677108229,32.06463511766836,0.9748893241469738,1,0.8332949215448808,4,PIN,1,Fast Burner,ACC-101108
3,0.9757712240252385,375.7287593124385,0.16566524921854917,108,0.0036612267888912363,1,Biometric,0,Legitimate,ACC-101109
3,1.712264666796528,313.8729221913944,0.059623110678820694,39,0.021177074810485034,0,Biometric,0,Legitimate,ACC-101110
2,0.8945238295746814,145.4907433597541,0.11227380344367335,59,0.024017932085407954,0,Biometric,0,Legitimate,ACC-101111
5,0.7288574863896088,1926.837564784593,0.02628107436109275,24,0.044679673083763256,1,PIN,0,Legitimate,ACC-101112
2,1.3561537489884838,87.47404785165945,0.06746356520193482,19,0.05339095650259538,0,PIN,0,Legitimate,ACC-101113
2,1.2785571621737175,1294.4776967078444,0.09498045836619254,18,0.14105946488612578,0,Biometric,0,Legitimate,ACC-101114
4,1.2166190735350002,294.5082860451788,0.033251885660279305,38,0.01096953596181911,0,Biometric,0,Legitimate,ACC-101115
1,1.0111217304408606,115.06245582311973,0.09129068063914568,95,0.04669840190225077,1,Biometric,0,Legitimate,ACC-101116
38,6.1772688535564795,16.981164096680075,0.9080634374988888,2,0.878896519576442,2,OTP,1,Fast Burner,ACC-101117
2,1.715531884680814,672.8987656170897,0.03699993950039589,86,0.10571650936724263,0,Biometric,0,Legitimate,ACC-101118
48,5.591630040865999,3.626654959335146,0.9511480611521337,2,0.6899061318449808,4,Biometric,1,Fast Burner,ACC-101119
5,1.4487295320055007,166.89420358318597,0.08316681005360593,12,0.02034249278145243,2,OTP,0,Legitimate,ACC-101120
3,0.9266489819925465,1099.5207768039866,0.1268794518994169,109,0.04451217496597791,1,Biometric,0,Legitimate,ACC-101121
3,1.0057041730865863,173.40380646219555,0.16623759120328896,97,0.11178507795854836,1,Biometric,0,Legitimate,ACC-101122
5,1.4035648963863154,294.9599901631331,0.09662021841878202,52,0.049408513772590326,0,Biometric,0,Legitimate,ACC-101123
2,1.2795865034351424,177.62697348353066,0.13200259884169208,27,0.06942851673232107,0,Biometric,0,Legitimate,ACC-101124
3,1.052758060051074,737.139890495279,0.08338840325421187,35,0.03559485541403779,0,PIN,0,Legitimate,ACC-101125
41,6.7345164593301785,23.7552563924196,0.8458391042340435,2,0.8424975291371528,0,PIN,1,Fast Burner,ACC-101126
33,8.702323508703184,13.98915064277361,0.9892726619611503,2,0.8808370347678646,3,OTP,1,Fast Burner,ACC-101127
43,4.280612445162289,16.07019279869637,0.6665852126914076,57,0.6040785409982588,1,OTP,1,Sleeper Mule,ACC-101128
2,1.3582315955579989,228.27434992615696,0.16547378227323764,20,0.0990087258875802,0,Biometric,0,Legitimate,ACC-101129
2,0.9590746257842822,1541.965917804938,0.08252393501180699,76,0.046565137977410166,0,Biometric,0,Legitimate,ACC-101130
44,8.253452291622974,70.99367427329446,0.8367387290578454,2,0.6205455529827564,1,PIN,1,Fast Burner,ACC-101131
2,1.3267885851577697,62.53999792727938,0.09161377247376122,109,0.09617440587677656,0,PIN,0,Legitimate,ACC-101132
1,1.0898657489783066,77.2034129556396,0.06043425266105758,96,0.08286156700732891,0,Biometric,0,Legitimate,ACC-101133
3,1.1013825561101127,259.26762796058085,0.02917111177670091,37,0.08075108982156638,0,Biometric,0,Legitimate,ACC-101134
44,4.646854048783728,7.990763597409143,0.7827070813363416,0,0.7256008927704668,6,PIN,1,Fast Burner,ACC-101135
4,1.4210511372315537,221.23630629913407,0.0832439361515254,89,0.04310360561442823,0,Biometric,0,Legitimate,ACC-101136
2,1.2206042128951615,74.75952508915586,0.12691335986899885,119,0.05230011153176218,0,OTP,0,Legitimate,ACC-101137
3,1.3069431314008475,154.530999926353,0.0953541041212852,12,0.14344967998559105,0,Biometric,0,Legitimate,ACC-101138
1,0.9230782811053266,263.89111539197603,0.1455254581142018,114,0.007313714818529864,1,Biometric,0,Legitimate,ACC-101139
34,5.892004370280774,5.114115532367563,0.7163959248754626,1,0.7860306412628415,6,PIN,1,Fast Burner,ACC-101140
35,4.333616137349512,37.34932381684123,0.6139275364990772,71,0.6618959825721973,2,PIN,1,Sleeper Mule,ACC-101141
2,1.5923892577648031,789.6605778115469,0.0591228720421692,114,0.02013480817972007,0,Biometric,0,Legitimate,ACC-101142
2,1.1800196918934078,683.7064066716647,0.15253448479531084,62,0.07491413954967642,0,PIN,0,Legitimate,ACC-101143
5,1.2252030572773054,824.5380865739174,0.009852146942146423,18,0.006607250424382466,0,PIN,0,Legitimate,ACC-101144
4,1.0136004829434062,94.59317000271565,0.028703932828451253,12,0.0955379258073765,0,Biometric,0,Legitimate,ACC-101145
3,1.2061505188103006,437.3656653021634,0.05732311168994553,12,0.08664163568606252,0,PIN,0,Legitimate,ACC-101146
1,1.0887906254351454,480.6621325318761,0.09439544058753083,62,0.10603980447034853,0,Biometric,0,Legitimate,ACC-101147
32,4.298500943016343,7.379207129540079,0.6353069978274203,87,0.8436057922162375,4,OTP,1,Sleeper Mule,ACC-101148
2,1.4063291545685306,422.89905628736517,0.19651207238529403,7,0.031239778280205716,0,Biometric,0,Legitimate,ACC-101149
1,0.5516832007952187,147.2985860453526,0.0045641460029694604,85,0.09291871509865615,0,Biometric,0,Legitimate,ACC-101150
7,0.6147298599631856,65.39035322144979,0.10421921379855076,112,0.1271962618316848,0,OTP,0,Legitimate,ACC-101151
2,0.8641827360762271,183.65077421071584,0.000663340880980301,37,0.14718299080857855,1,Biometric,0,Legitimate,ACC-101152
37,5.851842785357395,42.43161893041868,0.6819172901130388,80,0.7561131919237025,2,OTP,1,Sleeper Mule,ACC-101153
5,1.2286822632337733,96.63966153685828,0.1930000418953438,51,0.07645202002924968,1,Biometric,0,Legitimate,ACC-101154
4,1.0363157531013742,400.3319158596811,0.09462017229801817,23,0.01863575949548993,0,PIN,0,Legitimate,ACC-101155
5,0.6038069310820714,150.49313221169143,0.10464941504799596,106,0.07627785474188785,1,Biometric,0,Legitimate,ACC-101156
42,4.841789774895135,8.5668796359046,0.9276365026457388,2,0.7976524206446801,1,OTP,1,Fast Burner,ACC-101157
30,4.948116181354634,11.684127240848241,0.7098277150071621,104,0.8693001237064554,4,OTP,1,Sleeper Mule,ACC-101158
30,4.282112760036171,109.44809105890182,0.8535240192377442,105,0.7079209464582517,3,PIN,1,Sleeper Mule,ACC-101159
38,5.86448745578088,8.654741960692082,0.9422164520341942,1,0.6846690995351715,2,PIN,1,Fast Burner,ACC-101160
3,1.373991651310083,182.4093533686325,0.11842911999777278,58,0.03183018283206273,0,Biometric,0,Legitimate,ACC-101161
5,0.9175398239196769,230.73252560824764,0.19166187254058697,84,0.06737645942345016,1,Biometric,0,Legitimate,ACC-101162
4,1.3466537669438963,134.59902275356427,0.11564092113531924,29,0.06315313418447148,0,OTP,0,Legitimate,ACC-101163
43,7.272649075766392,2.0091962255218765,0.7611494367433583,0,0.6634320059836688,10,OTP,1,Fast Burner,ACC-101164
46,4.317701424443957,11.97677744406484,0.7827115585849739,0,0.663590499028352,9,PIN,1,Fast Burner,ACC-101165
1,1.1862867736062517,840.3875963886036,0.15850974825864428,106,0.011224895267620045,1,Biometric,0,Legitimate,ACC-101166
2,1.2810253234043292,64.04260954873986,0.0022746732009297334,76,0.08468447117662124,1,Biometric,0,Legitimate,ACC-101167
4,0.8959182472936593,124.72174563771112,0.1544644090452732,52,0.12218798092580123,0,Biometric,0,Legitimate,ACC-101168
43,7.208621796615511,9.097846798088945,0.804444804294089,0,0.6035593626727962,9,PIN,1,Fast Burner,ACC-101169
3,1.5893820580605396,559.4148632097041,0.10108833134356095,97,0.05897871867959442,1,Biometric,0,Legitimate,ACC-101170
2,0.6062010915010794,65.02202392581265,0.14667679187300117,25,0.006455127496004159,0,Biometric,0,Legitimate,ACC-101171
4,1.1789910669575865,147.8377882747489,0.1993456428158926,49,0.12626406123199377,0,PIN,0,Legitimate,ACC-101172
5,0.6368882536109073,129.7250619774474,0.012150745917604011,34,0.04801496502476615,0,Biometric,0,Legitimate,ACC-101173
48,6.096831745801582,2.2874443599275796,0.7379066554043079,1,0.6248957228496238,9,OTP,1,Fast Burner,ACC-101174
0,1.3146101117148032,1081.3719802616038,0.17736197313188035,66,0.0020064359113164784,1,Biometric,0,Legitimate,ACC-101175
1,1.341965119743595,1007.6043881392098,0.11889280970544723,96,0.06959958365504326,0,OTP,0,Legitimate,ACC-101176
4,0.47096328728179315,389.23899771103186,0.08997293907228394,30,0.07208386871916471,1,Biometric,0,Legitimate,ACC-101177
44,5.129488493958526,5.025829883148562,0.8308851673504488,0,0.6901976885594198,2,OTP,1,Fast Burner,ACC-101178
32,5.7350718040829936,67.20486039081621,0.6182099607432341,66,0.636728507334069,1,OTP,1,Sleeper Mule,ACC-101179
48,9.596478218422915,3.334970289004662,0.7318491632748124,0,0.7259850184842456,5,OTP,1,Fast Burner,ACC-101180
39,4.405643544595475,28.887773853892696,0.7048545366350479,119,0.575541507542291,1,PIN,1,Sleeper Mule,ACC-101181
33,6.070755727372399,5.907017104052008,0.8801794971840273,0,0.6805799825325116,0,OTP,1,Fast Burner,ACC-101182
3,1.4376412197436408,348.32915280561855,0.05504398468761711,13,0.11525521028861446,2,Biometric,0,Legitimate,ACC-101183
5,1.7488687788963717,511.8536722810191,0.09213980262330052,83,0.043351206651142726,0,PIN,0,Legitimate,ACC-101184
3,1.3398200244835812,141.9070363725611,0.18658952151125544,80,0.04697525326241213,0,Biometric,0,Legitimate,ACC-101185
5,1.1522551585386815,65.12830345449446,0.07016956481043594,43,0.046571734967591726,1,Biometric,0,Legitimate,ACC-101186
2,1.5673916193645525,467.85168760880964,0.020736058074205845,80,0.05435514892755545,2,PIN,0,Legitimate,ACC-101187
50,6.434444490718583,19.73807033088359,0.7591703160066601,2,0.900404908142661,5,Biometric,1,Fast Burner,ACC-101188
44,4.428881196927221,14.21235585056581,0.766202679187664,0,0.6652635836764805,3,PIN,1,Fast Burner,ACC-101189
4,1.411436832731696,2809.1946123385824,0.15205424868056674,57,0.0008876307896538093,1,PIN,0,Legitimate,ACC-101190
46,7.396264038910043,16.331219292723162,0.7446676604012182,0,0.6257940458951201,7,OTP,1,Fast Burner,ACC-101191
3,1.51077486282961,429.15994741938897,0.16087392500164804,25,0.022893196177534547,2,Biometric,0,Legitimate,ACC-101192
40,3.950811422389214,26.46075999321197,0.8037569996567264,69,0.668835426070418,3,PIN,1,Sleeper Mule,ACC-101193
4,1.6484193021807911,990.5866662332178,0.01924114833251891,28,0.05335178460464738,0,OTP,0,Legitimate,ACC-101194
5,1.2037963392445963,115.68564653733893,0.13351242035723432,48,0.05499259546627286,1,Biometric,0,Legitimate,ACC-101195
3,0.9540854931397831,2075.9499622280446,0.056400513885240366,53,0.10139572880868998,0,Biometric,0,Legitimate,ACC-101196
1,1.0959408036226168,211.9693472137463,0.10543091791612678,16,0.09694941682457096,2,Biometric,0,Legitimate,ACC-101197
38,6.148605113661417,5.573937960582169,0.95265319884798,1,0.9114333887405383,4,PIN,1,Fast Burner,ACC-101198
3,0.7636315784265826,186.105254475832,0.09502219169667177,65,0.1391931273587672,0,PIN,0,Legitimate,ACC-101199
2,1.4357978438109393,548.0986328807251,0.10715981311312904,70,0.05452936123343658,2,Biometric,0,Legitimate,ACC-101200
1,0.9364503627091485,80.47807940486535,0.11895403345543143,24,0.08520592538051343,0,Biometric,0,Legitimate,ACC-101201
4,1.4474105222358291,1815.8515990485184,0.024057718685142306,19,0.13661613662060323,0,PIN,0,Legitimate,ACC-101202
6,1.0004904329088224,593.5780025201761,0.12196534308849201,52,0.10948299967841203,1,OTP,0,Legitimate,ACC-101203
2,1.0225951860605167,180.7135114791741,0.020059393385577853,97,0.08567050641920403,0,Biometric,0,Legitimate,ACC-101204
2,0.9525117940226278,82.41867823203317,0.18354516181824715,32,0.05620825652885067,0,Biometric,0,Legitimate,ACC-101205
3,1.3888675098197507,144.6531676011844,0.0038014800051342727,55,0.10823927562727631,1,PIN,0,Legitimate,ACC-101206
2,1.1856042615448257,694.9928846789588,0.08937883201131523,12,0.10944723126318286,1,OTP,0,Legitimate,ACC-101207
5,1.3488745698736284,127.6382722958617,0.1307465000252287,14,0.14314881985181752,1,Biometric,0,Legitimate,ACC-101208
4,1.2223220015778442,141.82743022938502,0.15352382456531932,57,0.007569345484984313,0,Biometric,0,Legitimate,ACC-101209
2,1.5736670444050875,105.70030971708388,0.13258985468592224,99,0.04328652793790453,1,Biometric,0,Legitimate,ACC-101210
3,0.9238533636781265,153.4645908793127,0.03353946458245873,54,0.12427298720844462,0,Biometric,0,Legitimate,ACC-101211
44,7.843392962842902,15.2502544300078,0.9030289275753896,1,0.780619999305277,4,OTP,1,Fast Burner,ACC-101212
29,7.055025901626717,23.283820909748577,0.7289457467885165,40,0.5225707857516725,4,OTP,1,Sleeper Mule,ACC-101213
36,3.7732380298939256,5.6461701790241845,0.8657718977981486,54,0.8881046735681823,2,OTP,1,Sleeper Mule,ACC-101214
41,6.7008040875977155,31.24738488557083,0.71395031917761,2,0.7372294938951838,5,OTP,1,Fast Burner,ACC-101215
3,1.2511454042090742,2902.1240673950742,0.019685973797868052,97,0.02947074762742978,1,Biometric,0,Legitimate,ACC-101216
5,1.48434623292374,1189.167398521747,0.041617038096253035,49,0.06488617828408247,0,Biometric,0,Legitimate,ACC-101217
3,1.249034323985243,122.10877461122382,0.044655825386480386,66,0.1431842618022357,0,Biometric,0,Legitimate,ACC-101218
45,6.122869230741048,2.7400973185669115,0.8470100888688474,2,0.8660626095622452,2,Biometric,1,Fast Burner,ACC-101219
33,5.688208427028028,20.37759995475826,0.7271601275107471,0,0.8095213592828718,5,PIN,1,Fast Burner,ACC-101220
3,0.5314972680150659,250.30147407584863,0.001945175026238877,40,0.06558301914873019,0,Biometric,0,Legitimate,ACC-101221
51,5.059870919000113,50.70311176052254,0.7348601881511587,2,0.6788470888839265,7,PIN,1,Fast Burner,ACC-101222
6,1.4109654764570232,721.4608820712195,0.14542056554273125,62,0.11495219457465837,1,PIN,0,Legitimate,ACC-101223
1,1.3639769177065917,171.35183602597365,0.1698823175898639,40,0.10151639276870461,0,Biometric,0,Legitimate,ACC-101224
1,1.080278838227072,326.2453722378792,0.10360917688227833,32,0.005932609400438288,1,Biometric,0,Legitimate,ACC-101225
39,6.922873184122665,3.9026177429547113,0.8531760417986923,1,0.9019869590423855,3,OTP,1,Fast Burner,ACC-101226
1,0.8985885417879612,476.5408398566664,0.06740356243215753,8,0.1014887984200485,3,PIN,0,Legitimate,ACC-101227
3,1.6376656165897407,650.7955404316565,0.06549740177462618,71,0.11265182591326652,2,Biometric,0,Legitimate,ACC-101228
4,1.280140888938519,742.6202318757944,0.054809561639587084,9,0.11606827636170745,0,Biometric,0,Legitimate,ACC-101229
2,1.361550946991713,412.4410628984171,0.1282172567919317,30,0.03863031753608751,2,Biometric,0,Legitimate,ACC-101230
3,1.275663901008859,881.5907427564074,0.1640548587819493,113,0.0493766533801682,0,PIN,0,Legitimate,ACC-101231
7,0.9957673301024459,541.2338426675997,0.06807734198169675,82,0.06602244470189378,1,Biometric,0,Legitimate,ACC-101232
1,1.1075557111640588,545.2713083832703,0.06644731904937189,89,0.045070589179229334,0,Biometric,0,Legitimate,ACC-101233
36,7.532853680232088,22.743822048297364,0.931414518028034,2,0.8822148706841384,3,OTP,1,Fast Burner,ACC-101234
2,1.5841056062511407,242.9175954694399,0.03902116113456551,92,0.12126718802386784,0,PIN,0,Legitimate,ACC-101235
4,1.6875990927225584,231.59967956737637,0.058549965037401286,49,0.024107911514899247,1,Biometric,0,Legitimate,ACC-101236
49,7.432805108736504,21.09168185495967,0.8646405179803245,1,0.9658411165401029,1,Biometric,1,Fast Burner,ACC-101237
0,1.24568081274225,291.9987983901455,0.09799303526542598,103,0.01939059418798181,1,Biometric,0,Legitimate,ACC-101238
2,0.45674816441129495,211.8446820525805,0.04921572099044336,51,0.04435636434074892,2,Biometric,0,Legitimate,ACC-101239
36,4.9508939213659655,13.277984437546737,0.8317495291692041,112,0.7024097223512765,3,OTP,1,Sleeper Mule,ACC-101240
7,1.2842785490843478,145.74441490505777,0.08334465622720016,111,0.005455625062084906,0,Biometric,0,Legitimate,ACC-101241
30,5.733409474691288,17.96768158181993,0.8241642621091672,98,0.7470983606199356,3,PIN,1,Sleeper Mule,ACC-101242
3,1.2009593971845864,663.6257634366095,0.15726342893985243,86,0.1261413036737738,0,Biometric,0,Legitimate,ACC-101243
3,1.5770634095024765,175.30357031456282,0.08421702686772398,28,0.11189570071206549,0,Biometric,0,Legitimate,ACC-101244
44,8.180068527397262,5.554934725262067,0.9185708787156976,1,0.6137950345727868,9,PIN,1,Fast Burner,ACC-101245
4,1.8787706425005952,1001.8143392382344,0.023814685196548193,77,0.1154825411965696,0,Biometric,0,Legitimate,ACC-101246
5,0.7261964513789219,438.6487763290717,0.01473221440341188,79,0.12649663413918616,0,Biometric,0,Legitimate,ACC-101247
48,8.202721189155108,3.427411726662479,0.8336324811766379,2,0.6720640532082527,5,OTP,1,Fast Burner,ACC-101248
51,6.138218220864586,14.28309131148043,0.7547330871530553,2,0.8322922115568827,5,PIN,1,Fast Burner,ACC-101249
34,3.5753617368915855,37.517362085333154,0.819411003372203,96,0.7272038138918016,2,OTP,1,Sleeper Mule,ACC-101250
2,0.9250083919909358,970.3642032615493,0.11898798779879882,62,0.023969790568353848,0,Biometric,0,Legitimate,ACC-101251
3,1.2355050603370308,1362.25994593602,0.05058291889955309,95,0.10857232858618145,0,Biometric,0,Legitimate,ACC-101252
2,1.2022052024759098,134.22158876502283,0.09795719561225327,82,0.08184813114215232,1,PIN,0,Legitimate,ACC-101253
4,1.5592465620114524,254.23819128328037,0.09064643301998548,12,0.016306760891547378,0,Biometric,0,Legitimate,ACC-101254
42,7.117939019156351,6.061255205267251,0.9478419960463169,0,0.9828459905342364,4,PIN,1,Fast Burner,ACC-101255
45,10.288382478190599,11.45705427460486,0.8545825300923234,1,0.7377119967812339,3,Biometric,1,Fast Burner,ACC-101256
1,1.4815713201179816,126.7107880839726,0.17142318846347346,29,0.03866515382783609,1,Biometric,0,Legitimate,ACC-101257
41,6.965551921621181,97.56159261318349,0.9799852424653026,0,0.6629954554142202,9,OTP,1,Fast Burner,ACC-101258
3,1.3206593474737054,362.627913735783,0.17802852869597754,14,0.028056774550489227,0,Biometric,0,Legitimate,ACC-101259
3,1.604863894150123,588.9680458275801,0.1952540126482244,89,0.11612900641912345,0,Biometric,0,Legitimate,ACC-101260
6,1.1321474136957717,1597.75553667252,0.008235459792603162,7,0.12193557819753362,2,Biometric,0,Legitimate,ACC-101261
5,0.7280361181314878,83.23675678286259,0.13893648348706092,119,0.12585329375013088,1,Biometric,0,Legitimate,ACC-101262
2,1.5518903097492798,349.9388493991521,0.12978838719046656,8,0.05218523108217626,0,Biometric,0,Legitimate,ACC-101263
1,1.2638178363575354,831.7406750081442,0.16381149113386997,95,0.056806186312187104,2,Biometric,0,Legitimate,ACC-101264
1,1.1090721840924822,98.86627817027696,0.07330781088179121,79,0.07650453132048819,1,Biometric,0,Legitimate,ACC-101265
6,0.9858862608403194,183.45483689754357,0.18977193003556042,50,0.028221703177932777,2,Biometric,0,Legitimate,ACC-101266
4,0.9957700660262919,941.735907563074,0.12500264982320916,77,0.06669393954181164,0,Biometric,0,Legitimate,ACC-101267
44,4.939351688659753,47.04661038641046,0.847491855258391,86,0.656642090878105,3,PIN,1,Sleeper Mule,ACC-101268
3,1.3547158857510406,435.8109773420118,0.10438317413646372,94,0.05648404973436266,1,Biometric,0,Legitimate,ACC-101269
4,1.0579429855337408,104.76800744422692,0.15381941851706077,83,0.13522342947640437,1,Biometric,0,Legitimate,ACC-101270
4,1.5250645569983607,461.3640051688944,0.15420885958779632,92,0.07227421647263862,0,Biometric,0,Legitimate,ACC-101271
3,0.9026417347126336,493.97386157540086,0.04052314013923535,107,0.0508340135217954,1,Biometric,0,Legitimate,ACC-101272
3,1.6628664316617354,300.8108432301742,0.17674719122721094,7,0.12208552084087401,0,Biometric,0,Legitimate,ACC-101273
3,0.32645881658482023,961.6537930539454,0.057568058615360386,108,0.12374320713249472,0,PIN,0,Legitimate,ACC-101274
1,0.9031022137466194,950.5720704057431,0.028872911773934876,9,0.0025316086286909065,2,Biometric,0,Legitimate,ACC-101275
2,1.1384122435114457,706.5207796441489,0.08549599419716708,110,0.04505397325849513,0,Biometric,0,Legitimate,ACC-101276
43,4.898284051435322,9.786443675962424,0.8368754587079952,2,0.9256543516049058,4,PIN,1,Fast Burner,ACC-101277
2,1.1886846150703225,310.0368275047033,0.14333437365658752,22,0.029353376037062905,0,PIN,0,Legitimate,ACC-101278
7,1.0895825153568957,507.10651105487756,0.07679069057668442,63,0.04988734357400421,1,PIN,0,Legitimate,ACC-101279
1,1.4773072104078016,69.3775584315266,0.14780807749969108,30,0.11472855736575617,1,Biometric,0,Legitimate,ACC-101280
5,1.1634788238649123,428.99900748770017,0.011244983164838641,103,0.06721041045680196,0,PIN,0,Legitimate,ACC-101281
24,7.304107304511751,14.143577515810692,0.8739406811150571,105,0.7512596643856445,4,OTP,1,Sleeper Mule,ACC-101282
41,4.919056503802741,26.453547180330343,0.9258512762805169,0,0.8215217649454135,4,OTP,1,Fast Burner,ACC-101283
3,0.6632962828495677,431.71411756578254,0.1309525057012501,78,0.10090322093885386,0,Biometric,0,Legitimate,ACC-101284
1,1.6147300022716298,154.69224072608478,0.12629965653745764,24,0.08438953293679843,1,Biometric,0,Legitimate,ACC-101285
3,1.2604588817347506,604.2527229394377,0.15521885724366488,104,0.12253440559079812,0,Biometric,0,Legitimate,ACC-101286
2,0.3274017766558489,1078.6394970986735,0.004589685887988937,6,0.10956397217457843,0,OTP,0,Legitimate,ACC-101287
1,0.9157407777083664,107.21209005347559,0.17371782831220037,67,0.10587645927957501,1,Biometric,0,Legitimate,ACC-101288
4,0.8498371543156922,218.90184329845158,0.1713082441377589,98,0.09916282007534814,1,OTP,0,Legitimate,ACC-101289
42,5.211939295902048,10.544266153044362,0.956948532437059,2,0.7151772518412832,10,PIN,1,Fast Burner,ACC-101290
1,1.0009985029463093,259.6985746488185,0.1585062117812941,66,0.10446619066610548,0,OTP,0,Legitimate,ACC-101291
50,6.499831440527412,11.780684805413008,0.9313049514387608,0,0.6325558062666375,3,OTP,1,Fast Burner,ACC-101292
33,8.438672274077717,14.849013269087237,0.7407740653144191,1,0.6904284310714713,4,OTP,1,Fast Burner,ACC-101293
45,5.442071689953925,7.1741984929652745,0.7778422077565034,0,0.8628966240544693,5,OTP,1,Fast Burner,ACC-101294
39,4.656155728645052,61.49790272011577,0.740736084511814,52,0.557507369817893,4,OTP,1,Sleeper Mule,ACC-101295
1,0.8059416604938017,817.5265732028003,0.09198643932507776,107,0.031901464424231446,0,OTP,0,Legitimate,ACC-101296
2,1.679594278077333,207.94522860168922,0.09048537729334112,55,0.10740498524119912,0,Biometric,0,Legitimate,ACC-101297
3,1.0425993658303907,1406.279721468513,0.11568944860055506,52,0.07433756339885492,0,Biometric,0,Legitimate,ACC-101298
4,0.9962334188345698,886.1787083181051,0.004195998966786663,84,0.04653790293757361,1,PIN,0,Legitimate,ACC-101299
4,1.378824448239746,134.8073743005438,0.17906543598878222,83,0.02353374374608746,0,Biometric,0,Legitimate,ACC-101300
3,0.8946151661594548,618.0334723062216,0.03813371620423465,77,0.033248201240567515,0,OTP,0,Legitimate,ACC-101301
1,1.7025389819070678,640.5957549917226,0.1688081826892151,32,0.021961798186225002,0,OTP,0,Legitimate,ACC-101302
38,6.764027438178935,30.196255749817947,0.7192334656904773,49,0.8281130987332967,5,OTP,1,Sleeper Mule,ACC-101303
56,12.523366381353323,4.212258364018826,0.8900385776509961,1,0.8287655840527035,5,PIN,1,Fast Burner,ACC-101304
2,1.3444841537064283,1137.050433212148,0.05724462020514279,34,0.10486941239451529,1,Biometric,0,Legitimate,ACC-101305
36,5.619141389571856,39.0619689155332,0.7097398057701106,1,0.98429801310579,5,PIN,1,Fast Burner,ACC-101306
41,5.074215732455627,52.70933878590554,0.760008420399264,1,0.6084736376851426,5,Biometric,1,Fast Burner,ACC-101307
4,1.022635314227288,587.9357025916936,0.12996446732999353,79,0.04482932377899652,0,Biometric,0,Legitimate,ACC-101308
1,0.8539552407334069,152.32621936865013,0.17231807055449988,100,0.015425612245403241,0,Biometric,0,Legitimate,ACC-101309
32,6.902533736934361,43.44171436395545,0.9656022852542404,0,0.7321657883810323,6,PIN,1,Fast Burner,ACC-101310
7,0.4522831045250798,101.81271704894573,0.10524173534480322,34,0.003859818447386215,0,Biometric,0,Legitimate,ACC-101311
1,1.2054355432877613,181.4583539059302,0.13948509163111106,25,0.13558935792691323,1,Biometric,0,Legitimate,ACC-101312
7,1.2657612562900764,414.2928685205863,0.015790965386313638,41,0.028777671430778282,1,OTP,0,Legitimate,ACC-101313
6,1.6473499212840539,281.5584302986307,0.1631809172762914,33,0.005876056062328589,1,Biometric,0,Legitimate,ACC-101314
4,1.4050244020680092,87.26652213159119,0.008413169443034009,100,0.14895366602544113,0,PIN,0,Legitimate,ACC-101315
6,1.5588401151273321,236.1785377901921,0.11426405031120697,50,0.018589876898090416,1,Biometric,0,Legitimate,ACC-101316
47,8.85499906179616,42.91501189940843,0.9195725833035535,0,0.7754393894409571,3,OTP,1,Fast Burner,ACC-101317
2,1.5858756259364575,87.74189034925769,0.08604001934853152,37,0.045407199753565594,2,OTP,0,Legitimate,ACC-101318
4,1.592140626945214,100.2918196139383,0.1669881606427425,37,0.04567108524235726,2,Biometric,0,Legitimate,ACC-101319
3,1.273835311912975,791.5471628753488,0.16199757500341805,35,0.0785187125797349,0,Biometric,0,Legitimate,ACC-101320
6,1.2770055692674436,243.51301374942918,0.14756546546875746,59,0.01834702261256178,0,Biometric,0,Legitimate,ACC-101321
2,0.7970371828248297,405.9695544572832,0.19709635011432036,118,0.01359877404887565,0,Biometric,0,Legitimate,ACC-101322
3,1.225603186656153,1188.3033159146344,0.08187736736328984,106,0.12372821616206084,1,Biometric,0,Legitimate,ACC-101323
3,1.0242147693858563,319.5513764401578,0.0856946196313164,117,0.022610322522117487,0,Biometric,0,Legitimate,ACC-101324
28,4.965041462535602,6.131578377153218,0.7815679374663986,1,0.9162309173802876,4,PIN,1,Fast Burner,ACC-101325
2,1.1539497913290648,937.7486024225401,0.12808122338393482,84,0.04145712316594029,1,Biometric,0,Legitimate,ACC-101326
3,1.0341227951291299,859.6120529300783,0.10947624669388703,63,0.04239777277588081,0,Biometric,0,Legitimate,ACC-101327
3,1.083447879864344,511.72473911046865,0.1879966570781653,33,0.13607779826012634,0,Biometric,0,Legitimate,ACC-101328
4,1.7233486648079663,166.35122337496537,0.15955806120124988,15,0.00044010867040147894,1,Biometric,0,Legitimate,ACC-101329
6,1.474486599903067,335.54299358631306,0.009943658497593821,100,0.07275310615343944,1,Biometric,0,Legitimate,ACC-101330
2,1.5014487448449712,289.2547084880077,0.09547230539213908,111,0.10654777862865654,2,Biometric,0,Legitimate,ACC-101331
3,1.114894133721848,474.6759804295424,0.1312351261932834,102,0.12306428384391577,1,PIN,0,Legitimate,ACC-101332
1,1.0950412010770687,586.5829817755549,0.013444646990919563,57,0.039205063873260344,0,Biometric,0,Legitimate,ACC-101333
2,1.2478179593328667,1185.381547277731,0.000920109145176884,48,0.05473807715999766,3,PIN,0,Legitimate,ACC-101334
5,0.8352186546072295,179.74156532035914,0.1913270026955226,60,0.01225277183799115,2,Biometric,0,Legitimate,ACC-101335
5,1.098892087595587,835.9242731579471,0.024911077679897864,100,0.0956755698015141,0,Biometric,0,Legitimate,ACC-101336
59,7.031916397607872,6.872853492899162,0.8374065608101873,0,0.9784024897050467,4,OTP,1,Fast Burner,ACC-101337
3,1.6852076092335162,467.6560057774558,0.056251858105025955,9,0.13906611911183805,2,PIN,0,Legitimate,ACC-101338
43,8.415516894628015,28.50584913284938,0.737906864704758,2,0.9650483372338998,7,PIN,1,Fast Burner,ACC-101339
2,1.3457241442366379,2400.157608438728,0.010992812275730368,104,0.10767658069031012,0,PIN,0,Legitimate,ACC-101340
2,1.3183932250069998,621.5678637206498,0.1506770848031219,105,0.14317632109074568,0,Biometric,0,Legitimate,ACC-101341
4,1.1113557558297653,220.2456312171034,0.03169786463645572,73,0.10616837353648549,0,Biometric,0,Legitimate,ACC-101342
3,1.5860841858349257,121.01777111138117,0.02306250443640159,27,0.11557988205572184,2,PIN,0,Legitimate,ACC-101343
38,8.01126857209304,12.021112072376027,0.8856480383926943,1,0.877001721111148,6,OTP,1,Fast Burner,ACC-101344
49,6.699347355221299,7.714408514605307,0.924686714334217,2,0.9740484922157929,4,PIN,1,Fast Burner,ACC-101345
4,1.631986212428589,347.5603653560689,0.1899574202616013,8,0.05808194940034922,0,Biometric,0,Legitimate,ACC-101346
3,0.652315446430606,374.2546035609519,0.0954154343118427,93,0.03268395962837583,1,Biometric,0,Legitimate,ACC-101347
5,0.9342195223604668,222.94211713320578,0.16889465350276953,35,0.04744767555160018,0,Biometric,0,Legitimate,ACC-101348
2,1.6512638702055689,338.2976174847332,0.1335803025469719,119,0.09124925188567398,0,PIN,0,Legitimate,ACC-101349
37,4.3565073790346105,17.269707429986937,0.8508582651462003,37,0.6122660288869469,3,OTP,1,Sleeper Mule,ACC-101350
1,1.1195902238017168,757.6835500618582,0.002209272011329677,113,0.0909944772079083,0,PIN,0,Legitimate,ACC-101351
3,1.4018910618095752,232.36286303531153,0.036127310189506504,32,0.031964727172271966,1,Biometric,0,Legitimate,ACC-101352
49,4.206615727637626,11.20089579821833,0.8266964690297454,2,0.8961959073919445,9,OTP,1,Fast Burner,ACC-101353
4,1.3118382475587618,110.86125591913282,0.1776852284375714,22,0.08653588553173047,0,Biometric,0,Legitimate,ACC-101354
44,6.563620328679841,13.777882296978357,0.9452064101210926,1,0.780853263335959,8,OTP,1,Fast Burner,ACC-101355
3,1.702927025353222,482.64909119043136,0.1851218896713875,110,0.03335723702686392,0,PIN,0,Legitimate,ACC-101356
2,1.4012061512178697,1053.9819341692205,0.09617349172724515,43,0.10538805848279771,0,Biometric,0,Legitimate,ACC-101357
0,1.0232518836033173,2632.694432215123,0.042023537246471725,114,0.1430963571120814,0,Biometric,0,Legitimate,ACC-101358
3,1.3189883817664372,1743.2666677275436,0.020509625184929315,112,0.1483877592719332,0,Biometric,0,Legitimate,ACC-101359
3,1.71029145582495,622.2150017119728,0.12747083157367858,6,0.00029430274664329903,2,Biometric,0,Legitimate,ACC-101360
34,4.170400672956702,5.982752211105829,0.6962334041010462,65,0.7644986195766383,5,OTP,1,Sleeper Mule,ACC-101361
47,9.234272676381131,14.075293348223877,0.8158942052378828,1,0.929573716487267,6,PIN,1,Fast Burner,ACC-101362
2,1.7003393799013544,664.2747335317397,0.1297204245274558,49,0.03921461758036124,0,OTP,0,Legitimate,ACC-101363
2,1.292817132737946,548.900310797824,0.17687723349077167,6,0.07792305476109367,0,Biometric,0,Legitimate,ACC-101364
2,1.1550365899433495,64.07597201397222,0.03385295014308381,35,0.08340274146914282,0,Biometric,0,Legitimate,ACC-101365
4,1.2870113409161705,1914.1737146405203,0.021338014109854277,91,0.12024440931943134,0,Biometric,0,Legitimate,ACC-101366
4,1.8169757462122786,3234.581489102951,0.07915012105719754,7,0.026479365607900363,0,Biometric,0,Legitimate,ACC-101367
5,1.5294707410570278,443.1163544711492,0.19007742883582254,49,0.04989077238480628,0,Biometric,0,Legitimate,ACC-101368
4,1.2684561866882866,631.855419158914,0.14471564232822987,105,0.03413402446430273,1,Biometric,0,Legitimate,ACC-101369
2,1.17171818483071,632.3515541013546,0.08542878502199568,24,0.06506601024907083,0,Biometric,0,Legitimate,ACC-101370
3,1.3290428922946114,236.57597377476625,0.17510957449308617,117,0.1064822169913005,0,Biometric,0,Legitimate,ACC-101371
3,1.0669435200488655,354.64510247961596,0.06545872871417745,26,0.03331135499158942,0,Biometric,0,Legitimate,ACC-101372
42,6.85070750055774,2.4924353027832566,0.9652314426399073,1,0.7078217073291815,5,OTP,1,Fast Burner,ACC-101373
2,1.4847789522846926,314.04907856581156,0.12170381964207806,65,0.009670881699952666,2,Biometric,0,Legitimate,ACC-101374
4,1.0099080402268268,1591.107333459776,0.1518538839326784,10,0.1406569925479462,0,Biometric,0,Legitimate,ACC-101375
40,4.94863018613421,43.035672967328196,0.6777850712248268,40,0.6372179090655944,1,OTP,1,Sleeper Mule,ACC-101376
29,3.3050874386600677,5.883171314400698,0.7913526644729916,85,0.5858259603585693,4,PIN,1,Sleeper Mule,ACC-101377
46,4.246009884545352,19.034202123523137,0.8980762952230232,116,0.5416738592345439,2,PIN,1,Sleeper Mule,ACC-101378
46,7.042015507855831,7.665337096726552,0.9700596705733892,2,0.633848536857031,7,OTP,1,Fast Burner,ACC-101379
5,0.8526861228176192,417.0880622309428,0.13791945806554662,73,0.10056507660941127,0,PIN,0,Legitimate,ACC-101380
4,1.4299367879549125,1043.2346017006507,0.1053838734608865,43,0.03178352335706032,0,OTP,0,Legitimate,ACC-101381
6,1.2243373750255508,362.26590504779733,0.032690221796185394,23,0.025987483158582892,1,Biometric,0,Legitimate,ACC-101382
5,1.622713789923627,427.39332330217815,0.014542242868918344,61,0.013050988058409051,0,Biometric,0,Legitimate,ACC-101383
50,7.502035502910696,15.852333753885528,0.9559731379500788,2,0.6589862631883776,5,PIN,1,Fast Burner,ACC-101384
4,0.9502831665091671,371.1059674700177,0.1595407860599537,34,0.045378573148453165,1,Biometric,0,Legitimate,ACC-101385
1,1.4452603529535892,308.25704429385985,0.06020521740833978,90,0.06964956620943939,0,PIN,0,Legitimate,ACC-101386
29,5.398153386619388,40.86131903422214,0.7642383809293198,100,0.7997508073403765,4,OTP,1,Sleeper Mule,ACC-101387
3,1.054956559501687,346.2083698837176,0.17103916123939575,98,0.057603687296443495,1,Biometric,0,Legitimate,ACC-101388
2,1.1866299301723553,149.00495308259224,0.08125085328556553,52,0.04111991382200501,1,PIN,0,Legitimate,ACC-101389
1,1.091673850983939,372.0595971091363,0.18064472499418724,13,0.005447210900360288,1,Biometric,0,Legitimate,ACC-101390
6,0.6986003197095684,72.88505827503495,0.002179094605068599,32,0.027498456333744113,0,Biometric,0,Legitimate,ACC-101391
3,1.7048665166843495,1281.5491835615253,0.10080903662469226,35,0.05472609806512851,0,Biometric,0,Legitimate,ACC-101392
2,1.212156882695103,334.06421849375516,0.03920372906097163,60,0.028152095148146622,2,Biometric,0,Legitimate,ACC-101393
33,5.537173271692057,25.92983238582445,0.72967672814761,86,0.7159880918845584,1,PIN,1,Sleeper Mule,ACC-101394
37,4.280553697509819,7.946780864911576,0.6447102819778288,105,0.8464493319442743,4,OTP,1,Sleeper Mule,ACC-101395
3,0.8510991426649668,104.77113973813806,0.11506491574861273,16,0.11790379080742032,0,OTP,0,Legitimate,ACC-101396
35,4.097294310726915,31.473472250447205,0.6235667375085481,115,0.8200466184971444,0,PIN,1,Sleeper Mule,ACC-101397
1,0.9135392755247771,1161.8065544212343,0.13232229930167846,45,0.10002671393525993,0,Biometric,0,Legitimate,ACC-101398
2,1.0234979828076942,132.1486337035954,0.022865998932567067,92,0.1285113723610887,3,Biometric,0,Legitimate,ACC-101399
5,1.3119367191273028,300.3173440008308,0.03671422053062943,7,0.07124505575853514,0,Biometric,0,Legitimate,ACC-101400
34,4.450631523538186,29.93450600294552,0.6927558120047332,92,0.8952196640866004,3,OTP,1,Sleeper Mule,ACC-101401
3,1.1482821900572306,240.98623922817055,0.10680186346143786,31,0.14692227428496937,0,Biometric,0,Legitimate,ACC-101402
1,1.4666963247550928,88.48581607363937,0.139102095291655,34,0.004986048747991517,0,PIN,0,Legitimate,ACC-101403
4,0.7388921996616212,462.26932983397876,0.1803290846510177,53,0.0318429913147774,0,Biometric,0,Legitimate,ACC-101404
52,6.577456583490289,19.094304836870204,0.7365693294744932,1,0.8736681391156926,4,PIN,1,Fast Burner,ACC-101405
0,1.0360355111290573,373.9201721235792,0.11722142358744457,54,0.06233770511169086,3,PIN,0,Legitimate,ACC-101406
42,8.264592139135514,27.076783147728424,0.9088291714860524,2,0.9448817297144816,6,OTP,1,Fast Burner,ACC-101407
3,1.294280226540355,351.7228976493772,0.11007664706167458,93,0.07813155686371603,2,PIN,0,Legitimate,ACC-101408
59,7.320339752747261,25.81335197801309,0.8151179470472504,2,0.8552208435822923,4,PIN,1,Fast Burner,ACC-101409
45,6.7336461120485165,4.428442014315296,0.847884586655644,0,0.8963009588114292,4,Biometric,1,Fast Burner,ACC-101410
1,0.7089594407067625,365.43401788221166,0.004730874619662551,102,0.10625206192473864,1,PIN,0,Legitimate,ACC-101411
6,1.3057268743152943,581.4872651712325,0.10639420341287842,10,0.11413110781159116,0,OTP,0,Legitimate,ACC-101412
2,1.156653647566671,92.77594968346557,0.04204024289050406,58,0.14025461600036998,1,OTP,0,Legitimate,ACC-101413
1,1.0201051465647204,389.57586134463145,0.13514773293070836,27,0.08728727326898666,0,Biometric,0,Legitimate,ACC-101414
1,1.0060414561570457,416.55011744046607,0.008577351967882186,50,0.06150322849680964,0,PIN,0,Legitimate,ACC-101415
2,1.5326023259867172,198.34715124375376,0.180067992774859,37,0.035209482223555834,0,Biometric,0,Legitimate,ACC-101416
1,1.1701347950445093,125.1664063864503,0.14806569695107172,6,0.031381122362831415,1,Biometric,0,Legitimate,ACC-101417
4,1.031894053182047,1119.9099126318763,0.17902760519230324,99,0.042398244634119626,0,Biometric,0,Legitimate,ACC-101418
4,1.4355379756380162,1598.4978585781414,0.07890451890725242,61,0.115288643815471,0,OTP,0,Legitimate,ACC-101419
67,7.547255110522583,2.922288295933265,0.7142896626035053,1,0.8873222484997036,5,PIN,1,Fast Burner,ACC-101420
39,5.370472510103868,10.951624969202001,0.9006717996061832,0,0.9563101803132377,8,PIN,1,Fast Burner,ACC-101421
2,1.0876131542021834,2187.7888351424826,0.16827191979186648,116,0.024188452128747744,2,PIN,0,Legitimate,ACC-101422
3,1.2723228236409885,1272.6535493707213,0.14398792886949205,32,0.003611650248974224,1,Biometric,0,Legitimate,ACC-101423
45,6.705548863476173,5.419954198191618,0.9668587704948644,0,0.8507902236839798,10,OTP,1,Fast Burner,ACC-101424
6,1.4371173229606409,480.08488152730087,0.08142739877545546,74,0.14867970154787852,0,Biometric,0,Legitimate,ACC-101425
4,1.5968778481006596,466.6481420270752,0.1332912499149667,70,0.12606325388111916,0,Biometric,0,Legitimate,ACC-101426
3,1.0434508375535554,92.37361219669518,0.09747087417572715,72,0.02339460288274434,1,Biometric,0,Legitimate,ACC-101427
4,1.3639196855001814,644.7682274778944,0.008385270875596706,74,0.09209364788520168,0,PIN,0,Legitimate,ACC-101428
3,0.573879226287145,1310.8081602791797,0.02075003538410678,51,0.03490578134086854,1,PIN,0,Legitimate,ACC-101429
1,0.8098649313234259,322.2634164803053,0.08943139135435173,109,0.1120903482275151,1,Biometric,0,Legitimate,ACC-101430
4,1.0175282555806382,647.9829786675283,0.04895858128315414,92,0.07523924999369631,0,Biometric,0,Legitimate,ACC-101431
4,1.3858047886304095,406.13593781047774,0.06747616909662912,78,0.120897569224249,0,PIN,0,Legitimate,ACC-101432
5,1.1650534942106896,361.425366866032,0.14934997650306953,36,0.004677129620214426,2,Biometric,0,Legitimate,ACC-101433
4,1.1873004313019362,1615.9184255890802,0.16050040677308808,86,0.0395990376810764,1,PIN,0,Legitimate,ACC-101434
2,1.3473822062178848,3005.3702674855795,0.11165192624971987,51,0.09097512945151975,1,Biometric,0,Legitimate,ACC-101435
2,1.3448546237244325,615.1100981789468,0.007829102721803306,94,0.11157371555776983,0,Biometric,0,Legitimate,ACC-101436
3,1.1823220936430845,1157.095812858868,0.10235117751143491,115,0.14539415435480324,1,PIN,0,Legitimate,ACC-101437
5,1.9573527829822484,318.3275203247604,0.07017006915369738,104,0.13476348642963965,0,Biometric,0,Legitimate,ACC-101438
3,1.1006282073364815,175.43972608759555,0.11754507853825745,20,0.014429954070344496,1,Biometric,0,Legitimate,ACC-101439
54,8.0385974946238,9.490772543499205,0.8233874826658582,0,0.6203425694914708,6,OTP,1,Fast Burner,ACC-101440
5,0.9150012889440914,145.77047746458763,0.07168988942671273,87,0.041988522899883016,0,PIN,0,Legitimate,ACC-101441
3,0.8810223940406166,943.2466214691045,0.06512290142549249,112,0.0029405352069423072,0,PIN,0,Legitimate,ACC-101442
31,2.943126570845262,15.54994734116086,0.6155490926428708,38,0.6258237636851655,4,PIN,1,Sleeper Mule,ACC-101443
2,0.7563979211069107,929.0602688195211,0.18033476504539703,48,0.031338101654263185,0,PIN,0,Legitimate,ACC-101444
42,6.306864735398635,35.36366387134555,0.925129053038488,1,0.6317232529286865,7,OTP,1,Fast Burner,ACC-101445
8,1.2609828663172387,131.484230455744,0.08280013657694499,21,0.05977388805966067,0,Biometric,0,Legitimate,ACC-101446
4,1.0273987895870762,176.30039985558898,0.13537710335131545,49,0.022720483539053742,0,PIN,0,Legitimate,ACC-101447
3,1.0851002356549626,204.68118399039616,0.012415696806407217,110,0.058404126192132366,1,Biometric,0,Legitimate,ACC-101448
3,1.2565360789287847,362.3383087928533,0.14049942336478236,19,0.1296924547233035,2,OTP,0,Legitimate,ACC-101449
2,1.0177437270237868,564.9392680106912,0.06452241228828352,103,0.014074335175062713,0,PIN,0,Legitimate,ACC-101450
3,0.7268311091603634,121.95841633265583,0.13863740075747888,74,0.08894391832459317,1,Biometric,0,Legitimate,ACC-101451
39,4.6948892890588985,12.028773767521324,0.8389390563770698,75,0.6882298378577608,3,PIN,1,Sleeper Mule,ACC-101452
2,1.3942817947701212,714.663532205313,0.15678772707248625,115,0.022310149962357206,2,PIN,0,Legitimate,ACC-101453
48,8.235947389708269,2.243384571411377,0.7929290585176243,2,0.764514371665904,3,PIN,1,Fast Burner,ACC-101454
4,1.3048845993085156,105.89139422456424,0.19931082163517622,29,0.012056000683619922,1,Biometric,0,Legitimate,ACC-101455
4,1.4559330793349219,285.6521343989277,0.04387934211271521,63,0.05734088925599637,1,Biometric,0,Legitimate,ACC-101456
46,5.358752736064352,26.94167306492767,0.815912849653559,81,0.6525994095820558,5,OTP,1,Sleeper Mule,ACC-101457
37,5.527112326754486,29.74906687958797,0.796307970950036,0,0.9956003149650842,2,PIN,1,Fast Burner,ACC-101458
2,1.2869353435974664,108.92300507922347,0.12306228144548786,7,0.11238871730188932,1,PIN,0,Legitimate,ACC-101459
0,1.0351949726396008,637.8655068326458,0.1913213010927144,49,0.013585271025279155,2,Biometric,0,Legitimate,ACC-101460
0,1.040973124198539,1486.9546173422211,0.12604205247985698,10,0.043109890997918704,0,Biometric,0,Legitimate,ACC-101461
1,1.6976609083365988,138.60923594607516,0.16839213624675886,75,0.04954406063891251,0,PIN,0,Legitimate,ACC-101462
3,1.1875019929855994,454.8225817268403,0.16941422753822738,21,0.057429419504241436,0,Biometric,0,Legitimate,ACC-101463
4,0.698074796248278,484.00925635106785,0.18668228591035024,95,0.12357397677199353,0,OTP,0,Legitimate,ACC-101464
2,1.0793069931741832,1331.4844707982375,0.09990035399979097,54,0.0284705937999582,0,PIN,0,Legitimate,ACC-101465
2,1.6784285967131591,526.49246871862,0.06989659544480283,34,0.024218864228663182,1,PIN,0,Legitimate,ACC-101466
46,5.688663105872997,4.444432556489309,0.8714813782861806,0,0.7877112204529415,4,OTP,1,Fast Burner,ACC-101467
3,1.4060482486358514,322.4780852580756,0.1910573227698991,30,0.009195573260169603,1,OTP,0,Legitimate,ACC-101468
3,1.1008024012871005,1219.7087107240661,0.11779508695230403,25,0.03241075990100593,1,Biometric,0,Legitimate,ACC-101469
39,5.033213852942928,41.693470157552724,0.7532006273872585,55,0.8592936874201179,1,PIN,1,Sleeper Mule,ACC-101470
31,2.5284199270780703,46.537540535099495,0.8738464949314872,82,0.7600124759510208,7,PIN,1,Sleeper Mule,ACC-101471
50,5.354164111747638,17.828123554204307,0.7232716031325128,1,0.6487156331033238,1,OTP,1,Fast Burner,ACC-101472
1,1.3519160241698684,357.77503692695683,0.10147270864491272,54,0.09544662233088848,0,OTP,0,Legitimate,ACC-101473
5,0.9684328874442136,191.97225028536317,0.1368240541411758,114,0.0444244095391126,0,OTP,0,Legitimate,ACC-101474
1,1.0559513150420867,532.3537862185285,0.045495129329258255,61,0.007117121229007528,0,Biometric,0,Legitimate,ACC-101475
2,1.071050153055644,1126.906377643756,0.15850744522286467,52,0.11697442592745662,0,Biometric,0,Legitimate,ACC-101476
1,1.2361825642840736,633.9871630960732,0.042232093992550485,112,0.10216365595947706,0,Biometric,0,Legitimate,ACC-101477
47,7.756773160949187,47.966370496530104,0.8693394760452138,2,0.7535928311645675,5,PIN,1,Fast Burner,ACC-101478
42,5.375550864809277,5.666253150964562,0.8429660745374317,2,0.8792624012818595,8,PIN,1,Fast Burner,ACC-101479
42,5.190499841355568,20.612388317488254,0.8219512978653878,64,0.5985379457079428,4,PIN,1,Sleeper Mule,ACC-101480
42,5.1569042886048315,26.326916926217216,0.7382784680953841,0,0.9632945975106086,7,OTP,1,Fast Burner,ACC-101481
1,0.6642776154161211,1269.9739910611174,0.15445532514038862,86,0.12892458764482195,0,OTP,0,Legitimate,ACC-101482
40,5.696386648052837,18.592238961809155,0.8373275387398889,61,0.5899122318982954,3,OTP,1,Sleeper Mule,ACC-101483
2,1.0942220708806778,316.15779850136744,0.038196406108040586,43,0.06286177950680763,0,Biometric,0,Legitimate,ACC-101484
2,1.4608717555960262,552.2386722414994,0.1873009961803691,75,0.1101775161410654,0,Biometric,0,Legitimate,ACC-101485
42,6.754320438018062,16.824555889275445,0.7964299416992571,2,0.6533599401447006,6,PIN,1,Fast Burner,ACC-101486
2,0.9404102174595446,598.6993795666077,0.12556248581400106,38,0.11772564488867915,0,Biometric,0,Legitimate,ACC-101487
0,0.8571627915010798,608.8711199237947,0.16697069810735035,37,0.12029134403841725,1,Biometric,0,Legitimate,ACC-101488
2,1.274563531535696,222.32865942263464,0.18239371597264514,102,0.10481098609949235,0,OTP,0,Legitimate,ACC-101489
8,0.7910690758255219,712.3783088598736,0.18964388949900654,61,0.032602331935621925,2,Biometric,0,Legitimate,ACC-101490
1,1.681420503688456,2122.577437548172,0.010951877222061347,18,0.03553375398919958,0,Biometric,0,Legitimate,ACC-101491
2,1.6435541635720627,526.794371265184,0.1841376882339391,119,0.04996835463649856,0,Biometric,0,Legitimate,ACC-101492
3,1.2207010502211184,69.607849118668,0.056303818493283454,83,0.12408505092062137,0,Biometric,0,Legitimate,ACC-101493
3,1.6505637401388955,1015.5074969035466,0.04671417960934743,99,0.1332591626320534,0,Biometric,0,Legitimate,ACC-101494
42,7.38003532483077,3.00936992041796,0.8659218637870064,2,0.961424377027401,7,PIN,1,Fast Burner,ACC-101495
3,0.9438239107437845,777.6642391892365,0.11050395607339558,87,0.028813047353403624,1,Biometric,0,Legitimate,ACC-101496
3,1.1156362613135133,570.3595449377583,0.07805577279771046,89,0.029884116568503014,0,Biometric,0,Legitimate,ACC-101497
2,1.5552898293470176,286.43144830868107,0.14977625593318686,109,0.14891269098779267,1,Biometric,0,Legitimate,ACC-101498
2,0.8614945987467666,399.5029995671092,0.004385285957784646,113,0.02884985544592153,0,Biometric,0,Legitimate,ACC-101499
1,1.7917739713340797,332.3513451603298,0.05326246311959493,28,0.11700941135189191,1,PIN,0,Legitimate,ACC-101500
2,1.5038828654009344,480.3274985670089,0.059743037424923,60,0.004236930931511435,1,OTP,0,Legitimate,ACC-101501
39,4.384165526455819,25.490057450103034,0.8689715658613855,0,0.6909473734773278,5,OTP,1,Fast Burner,ACC-101502
3,1.5247611026048729,811.1290670430544,0.018845617788173532,84,0.039538377131002556,1,Biometric,0,Legitimate,ACC-101503
7,1.3362994299456685,117.90408101399774,0.12127589571480675,22,0.11305438389521313,1,Biometric,0,Legitimate,ACC-101504
3,0.9921128986406355,637.6630326947047,0.002423054021920468,104,0.019626615615039037,0,Biometric,0,Legitimate,ACC-101505
3,1.357269053985609,547.3483711695812,0.03246156909929217,14,0.08700729890045598,0,Biometric,0,Legitimate,ACC-101506
3,0.7169934981273011,179.1561094010086,0.050388042481822694,98,0.10755571519880305,1,Biometric,0,Legitimate,ACC-101507
29,4.2910169455632685,19.822179229014885,0.7748453596806916,103,0.7031491874920284,2,OTP,1,Sleeper Mule,ACC-101508
3,1.1581214618652744,644.6435325742127,0.14433711986153958,116,0.09174135941924902,1,Biometric,0,Legitimate,ACC-101509
2,1.2394654920532486,1107.942515099334,0.04313216268073055,52,0.08416995845383847,0,Biometric,0,Legitimate,ACC-101510
2,1.4324808321325422,65.66671377093533,0.02564964112901298,98,0.060786949185958804,1,Biometric,0,Legitimate,ACC-101511
4,0.9607543507968634,300.1791658274289,0.16602867301051885,103,0.11217858283784408,0,Biometric,0,Legitimate,ACC-101512
49,5.682148707368674,10.865747981511467,0.86547261333315,1,0.667823420522715,7,OTP,1,Fast Burner,ACC-101513
4,0.8070037464804697,131.09799912888332,0.16814923093736303,32,0.114314350587258,0,Biometric,0,Legitimate,ACC-101514
3,0.8691670878539042,488.730193188376,0.0975201642797412,36,0.05967820136688557,1,Biometric,0,Legitimate,ACC-101515
3,1.3867137355419357,464.7218340354747,0.11742067101260747,104,0.039310638975322235,1,Biometric,0,Legitimate,ACC-101516
1,1.4123034732081727,184.3889998602089,0.04030758739753335,36,0.08534249561450487,0,Biometric,0,Legitimate,ACC-101517
3,0.959183485132525,528.0219896750385,0.02367344791511632,73,0.14030164629865022,0,Biometric,0,Legitimate,ACC-101518
3,1.283946478783283,375.39834386671913,0.0185272737375612,26,0.10954926325891065,1,Biometric,0,Legitimate,ACC-101519
1,0.9375671327236896,1471.1476732437534,0.09114387601305736,17,0.1022817939039083,1,Biometric,0,Legitimate,ACC-101520
4,1.5133158155629736,1244.443291039064,0.08777100563360117,34,0.12783719579745192,0,OTP,0,Legitimate,ACC-101521
4,0.617228828568778,162.22063911689094,0.18301998152157256,84,0.0756329799149104,0,PIN,0,Legitimate,ACC-101522
37,2.319182724151902,21.647293327888544,0.8104005582526635,111,0.8002885361308338,9,OTP,1,Sleeper Mule,ACC-101523
1,1.616087967081984,408.70622774870037,0.1541791366559164,104,0.008140466057483092,0,Biometric,0,Legitimate,ACC-101524
3,1.6784760624258044,66.4044836853848,0.1373660791503098,73,0.09810495104723611,0,PIN,0,Legitimate,ACC-101525
47,6.299547711260211,3.4999454673738866,0.7642481031799513,0,0.8250394511351216,3,OTP,1,Fast Burner,ACC-101526
1,1.5404305844600295,2400.617378828478,0.04941332908484178,94,0.022615726021665145,1,Biometric,0,Legitimate,ACC-101527
4,1.1138753390654972,149.76708332587665,0.1672686391571675,37,0.07239106208885084,1,OTP,0,Legitimate,ACC-101528
3,0.5846842776438435,196.41315607448396,0.15170898417932274,48,0.06016014413342115,2,Biometric,0,Legitimate,ACC-101529
1,0.5896932396346911,948.1790056203467,0.12922607367344108,75,0.08140849480574651,0,Biometric,0,Legitimate,ACC-101530
52,7.290429967360083,31.955953222573058,0.7071818399724323,2,0.7661582825252723,5,PIN,1,Fast Burner,ACC-101531
2,1.1482120940974565,168.83490247524801,0.06466461990534977,32,0.041106433788989434,1,PIN,0,Legitimate,ACC-101532
3,1.5386870205548842,231.03113028541262,0.12715126687350384,47,0.022303845933990502,0,Biometric,0,Legitimate,ACC-101533
1,1.2695018052585183,441.3821817228732,0.15538285985090128,82,0.013520229713119086,2,Biometric,0,Legitimate,ACC-101534
3,1.0117616500572895,297.58680972662467,0.08646015399683922,101,0.039561929291523995,1,PIN,0,Legitimate,ACC-101535
51,7.74088315021824,10.612186873008,0.9015088854316899,0,0.8436514041350575,6,OTP,1,Fast Burner,ACC-101536
1,1.4448243132341816,694.5398596180316,0.12312302187775773,101,0.12348546588166098,1,PIN,0,Legitimate,ACC-101537
9,0.8014944625461398,521.2213874262235,0.08903992925412688,57,0.11233353409781596,0,Biometric,0,Legitimate,ACC-101538
2,0.8004260668826741,890.6989645472507,0.09300040260533858,111,0.019838038823407872,0,Biometric,0,Legitimate,ACC-101539
5,1.3607570827465914,231.42210140731135,0.14849921210147296,88,0.06651985736351668,0,Biometric,0,Legitimate,ACC-101540
8,1.1661056630680169,580.5950071847176,0.0696077886843078,33,0.10730303194018286,1,Biometric,0,Legitimate,ACC-101541
2,1.3932194768871669,888.9046973129482,0.04091667443008771,58,0.12459991722351618,0,OTP,0,Legitimate,ACC-101542
1,1.0893590204433394,587.870977061493,0.1434410959788877,42,0.1103329983424957,0,Biometric,0,Legitimate,ACC-101543
5,1.1978232904603017,227.1952978162646,0.19512774381952677,37,0.10340710025047505,1,Biometric,0,Legitimate,ACC-101544
5,1.2999175305201143,902.384915619755,0.1869241680707816,62,0.05767900755397986,0,Biometric,0,Legitimate,ACC-101545
2,0.9755727051454012,83.95328118006704,0.11813722927645041,106,0.027068507517252125,1,Biometric,0,Legitimate,ACC-101546
0,1.069994833474642,183.63284608107207,0.17801663390935163,86,0.11967588521680611,1,PIN,0,Legitimate,ACC-101547
3,1.3458861914222684,278.27533790405835,0.010156727847350267,75,0.01564504844810019,0,Biometric,0,Legitimate,ACC-101548
2,1.233791004547692,92.9851749852251,0.1697330623574359,99,0.1258398110343999,0,Biometric,0,Legitimate,ACC-101549
4,1.1562466701083431,801.0612148189848,0.13956396861726206,37,0.07488585104125133,0,OTP,0,Legitimate,ACC-101550
2,1.0417909986839673,407.3536894589379,0.14936939497879542,100,0.09326252953960172,1,Biometric,0,Legitimate,ACC-101551
45,7.905944601156086,5.9402214786072545,0.8367092278338861,0,0.7767362222288317,8,PIN,1,Fast Burner,ACC-101552
2,0.36980237321928056,85.73552009100901,0.015206812661726899,38,0.06171641500206162,2,Biometric,0,Legitimate,ACC-101553
34,5.158647161389648,3.0301663137060517,0.9028141451778025,1,0.8706153060734065,3,PIN,1,Fast Burner,ACC-101554
2,1.1077267831308768,4539.5507060141335,0.177947795246084,7,0.14061602623258884,0,OTP,0,Legitimate,ACC-101555
59,7.206420308578903,22.930224980417634,0.984696644289909,0,0.7224236582615606,4,PIN,1,Fast Burner,ACC-101556
3,0.9389510526660293,425.27736619608237,0.194182414072553,34,0.14031842334089642,0,Biometric,0,Legitimate,ACC-101557
3,1.3945640242898993,937.8241006388616,0.07584822395241358,37,0.02757999621719116,0,PIN,0,Legitimate,ACC-101558
26,4.346447369516613,25.086678947690313,0.7799183179773079,96,0.5467433015836276,2,OTP,1,Sleeper Mule,ACC-101559
46,6.465286174055625,31.55581298654111,0.8872809403590152,1,0.967669443298056,6,PIN,1,Fast Burner,ACC-101560
3,1.115828488020434,691.6830067677679,0.1594413143412065,98,0.0871123164460471,0,PIN,0,Legitimate,ACC-101561
5,1.9509713415208463,100.67088388787309,0.09222063704010408,69,0.049383159151017306,1,Biometric,0,Legitimate,ACC-101562
2,0.5954974681478727,267.48909950937593,0.06790118145436877,21,0.04681957301077714,0,PIN,0,Legitimate,ACC-101563
5,0.9008819017910212,1188.6220678841366,0.11561836775373693,59,0.025284769592016688,0,Biometric,0,Legitimate,ACC-101564
2,1.2484540497715222,162.4159428119025,0.09005972524874935,27,0.10874091609156832,1,PIN,0,Legitimate,ACC-101565
3,1.5708614934778788,935.787002051732,0.194442930189254,72,0.08593452925251219,0,PIN,0,Legitimate,ACC-101566
2,1.4122461621616085,83.26245932318152,0.09948657352661523,45,0.09665458100248514,4,Biometric,0,Legitimate,ACC-101567
37,5.7111607020452055,6.199185056302616,0.7725780867957137,0,0.8514379709772019,3,OTP,1,Fast Burner,ACC-101568
1,1.3365527009606473,1549.2621214873693,0.1509047353126578,118,0.0019210998945640488,0,PIN,0,Legitimate,ACC-101569
3,1.6528571978096562,71.13104363516217,0.15374218175348286,50,0.1366967373263439,0,Biometric,0,Legitimate,ACC-101570
45,3.2873072576908884,132.44017860040992,0.8612298082834234,51,0.5826879720739069,3,OTP,1,Sleeper Mule,ACC-101571
1,1.0939042335355347,752.3900652003396,0.15780216861096608,45,0.1404189031322701,1,Biometric,0,Legitimate,ACC-101572
5,1.4301188068469106,1761.0631584092444,0.14051531399284403,59,0.13522044919606427,0,Biometric,0,Legitimate,ACC-101573
0,1.2256019327384682,388.06479220150595,0.17854126281901694,78,0.1263411153949674,0,Biometric,0,Legitimate,ACC-101574
46,7.646861129173168,13.645359651782197,0.9259963862706332,2,0.6602858792796847,4,Biometric,1,Fast Burner,ACC-101575
48,6.822395019210451,3.1413364989696024,0.8234060251764571,1,0.8094707888251915,7,Biometric,1,Fast Burner,ACC-101576
3,0.7767593144727123,698.0622485845139,0.16099771179522443,107,0.03633264654953886,0,PIN,0,Legitimate,ACC-101577
1,1.603762500953315,231.3863684315952,0.07559785011384701,55,0.12679747193987786,0,PIN,0,Legitimate,ACC-101578
3,0.8260819504382513,129.8968292553975,0.10634179931621049,115,0.08977189317250783,0,PIN,0,Legitimate,ACC-101579
61,5.312218554700735,6.3723517012162585,0.7880349910849411,0,0.6711689683061756,8,OTP,1,Fast Burner,ACC-101580
31,9.646829042975131,8.434335495223541,0.8105875327244991,0,0.6864464489165438,12,OTP,1,Fast Burner,ACC-101581
41,5.933609502503581,12.467144172182806,0.800802823252143,2,0.906686609525106,5,OTP,1,Fast Burner,ACC-101582
54,5.021615897672536,12.916507869478805,0.9484579764725889,1,0.8688250856844925,7,OTP,1,Fast Burner,ACC-101583
2,0.7850946573766578,1009.7551037284159,0.09968008513240384,72,0.1441438027593214,0,Biometric,0,Legitimate,ACC-101584
3,0.9912571168121503,1299.9524096082405,0.0009219871946336334,54,0.06649297253283443,0,OTP,0,Legitimate,ACC-101585
4,1.3140202321721495,183.48816519278694,0.10511721853986011,107,0.004046192978379604,0,PIN,0,Legitimate,ACC-101586
39,8.8414790147981,44.86077141470854,0.8803478090032617,2,0.9974362389272076,7,PIN,1,Fast Burner,ACC-101587
5,1.2765984515235134,1061.2388154815164,0.12767071683052553,66,0.05523653177176742,0,Biometric,0,Legitimate,ACC-101588
5,1.2107529884574146,468.96194594814443,0.09794385076819,80,0.14507642674345553,0,Biometric,0,Legitimate,ACC-101589
3,1.645564975244135,179.04391882153914,0.11064737422792453,88,0.001066162063178949,0,Biometric,0,Legitimate,ACC-101590
6,1.10799353534385,1378.8097486619508,0.035574126706845614,17,0.049450350824755025,3,Biometric,0,Legitimate,ACC-101591
36,5.435387107039578,7.4806320206476205,0.9475681473895989,0,0.9931608304671924,6,PIN,1,Fast Burner,ACC-101592
3,1.4371047026076866,66.85383477319613,0.18593729049283017,93,0.011147387075387644,0,Biometric,0,Legitimate,ACC-101593
54,4.997269760713667,20.17192647554462,0.8771713860731183,0,0.9393430170518677,7,PIN,1,Fast Burner,ACC-101594
42,7.116127692119675,22.319187198762048,0.9283615512843022,0,0.9763593120122949,5,Biometric,1,Fast Burner,ACC-101595
2,1.2280375475299057,93.46416246341249,0.047837289787716064,21,0.08608845403044744,0,PIN,0,Legitimate,ACC-101596
6,1.0166434493249141,252.58826359636743,0.1699563397480461,82,0.059812396387658784,0,Biometric,0,Legitimate,ACC-101597
2,1.456937943944636,2655.196198980472,0.0034062922176007152,112,0.08206919313457986,0,Biometric,0,Legitimate,ACC-101598
31,5.5741988576180574,19.480974237489225,0.6729100661011161,115,0.8079171117211799,5,OTP,1,Sleeper Mule,ACC-101599
47,6.9918860306785335,8.559802248930769,0.9793734089722408,0,0.7061752765085085,7,OTP,1,Fast Burner,ACC-101600
5,0.8968228190524216,165.1068337872257,0.09406792292519642,46,0.06495159683855993,0,Biometric,0,Legitimate,ACC-101601
43,3.7875021511205897,20.058097648322278,0.7448006368811259,1,0.6260389655102574,6,PIN,1,Fast Burner,ACC-101602
6,1.1240739476957666,610.1964054021641,0.08233222103399729,84,0.0039048974735408468,1,PIN,0,Legitimate,ACC-101603
52,9.669004307106801,6.387122500513783,0.8019254886087434,0,0.8430231529769977,11,PIN,1,Fast Burner,ACC-101604
4,1.3170577831816208,1086.8443570226004,0.004884020528786271,78,0.12963542548967713,0,Biometric,0,Legitimate,ACC-101605
1,1.3034324917776883,1032.8679093095295,0.19923205924333484,8,0.032072761703986076,1,Biometric,0,Legitimate,ACC-101606
48,5.791329579669333,4.395507314752043,0.8704145539596212,1,0.9491880496965445,3,OTP,1,Fast Burner,ACC-101607
1,0.9682474180823519,631.9814423586413,0.18029551629400328,111,0.14052683944267444,0,PIN,0,Legitimate,ACC-101608
3,1.0164920634894605,92.97962736480522,0.04902960397949026,78,0.07789659620953084,0,Biometric,0,Legitimate,ACC-101609
0,0.7470020488262379,1425.8880884970538,0.1444377224951349,110,0.004574908447182202,0,PIN,0,Legitimate,ACC-101610
5,1.039568323182659,1498.4157016468223,0.19785334904368354,59,0.02173823285072048,0,Biometric,0,Legitimate,ACC-101611
1,1.3507724323114312,73.76849399169528,0.15948978401526204,90,0.006293185693594344,0,PIN,0,Legitimate,ACC-101612
2,0.987977045507294,67.20541439585593,0.15965705532969818,37,0.08115587207529064,0,PIN,0,Legitimate,ACC-101613
5,0.6342406146407372,1336.773754268878,0.12853016661611363,119,0.048914955088454594,0,Biometric,0,Legitimate,ACC-101614
4,1.0543229663864973,774.6718922797434,0.05983910122634509,50,0.05387813301248476,1,PIN,0,Legitimate,ACC-101615
4,1.0381710618664743,326.82585288118474,0.13233687124733298,91,0.12241914238463647,1,PIN,0,Legitimate,ACC-101616
3,1.1292385606398967,730.1233208948692,0.1452014769310392,47,0.07270541380153879,0,Biometric,0,Legitimate,ACC-101617
4,1.0772039356239944,489.2296065200788,0.17739755157439785,89,0.061330584143034696,0,PIN,0,Legitimate,ACC-101618
4,1.6448498599157722,531.1990174318853,0.05914478099033493,28,0.034586258268834394,1,Biometric,0,Legitimate,ACC-101619
4,1.313883016924344,529.8287549623766,0.07112336604111405,31,0.06645682615371999,0,PIN,0,Legitimate,ACC-101620
2,0.8442555266955164,2341.212548698294,0.1372868263805081,55,0.016767644865741303,0,Biometric,0,Legitimate,ACC-101621
5,1.602399020864904,319.0730102343323,0.10315445753474473,12,0.05543286310092315,0,PIN,0,Legitimate,ACC-101622
3,1.0211025932724238,166.00609314713765,0.1775160097179136,44,0.11246509887762565,1,Biometric,0,Legitimate,ACC-101623
0,1.3424226314519672,369.0693282162692,0.1672006077617259,52,0.0902330474465277,0,Biometric,0,Legitimate,ACC-101624
2,1.2363546455702035,1062.787216079756,0.03048857688158071,67,0.11309751153377495,1,PIN,0,Legitimate,ACC-101625
0,0.9444086264850077,126.31064285661358,0.1679568071234781,48,0.06987084815039037,2,Biometric,0,Legitimate,ACC-101626
4,0.541905622122338,456.39542525243667,0.1727740295262491,117,0.13660436946395682,0,Biometric,0,Legitimate,ACC-101627
1,0.7666076240794757,307.47152206155454,0.0481598619876277,39,0.04319240544489556,0,Biometric,0,Legitimate,ACC-101628
3,1.3207970944941483,124.05975934041413,0.1085736279956427,95,0.05213081598937789,1,Biometric,0,Legitimate,ACC-101629
2,0.7538130620377714,118.14214563730465,0.19184771693009509,53,0.13443401606675284,1,PIN,0,Legitimate,ACC-101630
3,1.0001209840917626,773.5235317261839,0.1590766348245236,52,0.1230086684961996,0,OTP,0,Legitimate,ACC-101631
3,0.9552636824494283,190.45170670868194,0.061810848400069965,25,0.054386437375351246,1,Biometric,0,Legitimate,ACC-101632
30,5.873345638326608,10.539439215924991,0.872282320024631,59,0.5251580879425588,3,OTP,1,Sleeper Mule,ACC-101633
2,0.963734567811388,256.905131445486,0.053648538632811583,108,0.1286913797661624,0,Biometric,0,Legitimate,ACC-101634
3,1.6808532741533908,314.7791882558569,0.12470990988352715,17,0.06902631204764022,2,Biometric,0,Legitimate,ACC-101635
5,1.176422761209354,342.85453147959737,0.19993126179126774,9,0.06987579583788689,0,Biometric,0,Legitimate,ACC-101636
2,1.4292474899795682,512.9659067332179,0.14276948992574537,27,0.04007082682401905,0,OTP,0,Legitimate,ACC-101637
6,1.0914849036548206,720.8429110903853,0.09540998754337644,40,0.03084678351740931,1,Biometric,0,Legitimate,ACC-101638
2,1.2103181385922748,1300.9331467818686,0.1586479399681137,62,0.0821081368041368,0,Biometric,0,Legitimate,ACC-101639
2,1.3313856788939267,139.56841296550698,0.12205510977786754,57,0.007577533433976352,0,Biometric,0,Legitimate,ACC-101640
28,2.7476756290079862,49.352177627131596,0.8404714122284112,58,0.853948628420232,4,OTP,1,Sleeper Mule,ACC-101641
2,1.025567074097173,316.3046990870009,0.10379477118887753,42,0.1363221064839471,1,Biometric,0,Legitimate,ACC-101642
3,1.4181367444456479,213.92931040734553,0.00791911435981556,22,0.00643438642966142,0,OTP,0,Legitimate,ACC-101643
3,0.8249923033237188,125.56017331600486,0.18777819989306144,87,0.04649612572972515,0,PIN,0,Legitimate,ACC-101644
1,1.3936794236878636,1275.981999131173,0.06280294204896697,27,0.03484315320125118,0,OTP,0,Legitimate,ACC-101645
3,1.152239486524008,1093.1296358423529,0.06439877926535298,42,0.09632995620086225,0,Biometric,0,Legitimate,ACC-101646
45,3.7769606830072178,5.08934303001676,0.8369934213934593,1,0.945940158659869,6,OTP,1,Fast Burner,ACC-101647
0,1.5264277389625767,984.2507948374708,0.00033049762839423293,91,0.13859665220489106,0,Biometric,0,Legitimate,ACC-101648
5,1.2521470575734546,498.33944725217884,0.17578049072917407,28,0.12543287066329803,0,Biometric,0,Legitimate,ACC-101649
1,1.1281634718703248,86.95239322505923,0.18053423405500738,97,0.04361702773995805,0,Biometric,0,Legitimate,ACC-101650
4,1.164776909896539,164.30012784909087,0.15090759523022076,35,0.0584041746746677,0,Biometric,0,Legitimate,ACC-101651
1,1.294882134077914,749.4028359613222,0.09832774322280996,9,0.06558817510246381,0,OTP,0,Legitimate,ACC-101652
6,1.1987211187068372,263.1979130129157,0.09409425021500609,110,0.07278584535454714,0,PIN,0,Legitimate,ACC-101653
0,1.1860510256620327,618.1509699606755,0.19366384124642036,47,0.13902050496596782,0,PIN,0,Legitimate,ACC-101654
1,0.9102996258458307,338.058835864825,0.024659293274249563,55,0.03663823345357604,0,Biometric,0,Legitimate,ACC-101655
2,1.184036269118105,474.66527142909183,0.04420057846492956,109,0.11843259023696501,0,OTP,0,Legitimate,ACC-101656
4,0.9644046239210284,523.8814741668318,0.08847782342149135,49,0.0293187006443389,0,PIN,0,Legitimate,ACC-101657
1,0.8070070336875002,1221.3331604429798,0.1561575691959585,22,0.06467469724665956,2,Biometric,0,Legitimate,ACC-101658
46,7.531216293597966,5.745707709593088,0.7524560599341787,2,0.9771707681402289,4,OTP,1,Fast Burner,ACC-101659
38,7.128788507544282,18.97770368568812,0.7921918711540307,83,0.7277984910681898,2,PIN,1,Sleeper Mule,ACC-101660
4,1.0383821158960675,67.61136278741517,0.05803072699199492,46,0.0638376540212026,1,Biometric,0,Legitimate,ACC-101661
3,1.7006424243902116,201.98163370050023,0.13484805613286754,92,0.09679674488038321,2,OTP,0,Legitimate,ACC-101662
2,1.1738554822993723,229.94069462002741,0.17386986876261637,22,0.0003260675672381252,0,Biometric,0,Legitimate,ACC-101663
0,0.942276805090423,1182.6006163008033,0.013912236697282943,20,0.13934260046236285,0,Biometric,0,Legitimate,ACC-101664
2,1.5900529580439418,820.8994677873661,0.06856902137643373,114,0.12255693816047547,1,Biometric,0,Legitimate,ACC-101665
0,0.7720608265728763,81.4634537659494,0.048670903983656456,116,0.010970943152063789,1,Biometric,0,Legitimate,ACC-101666
3,1.2216747402708608,2105.5928555800256,0.13805194835861617,72,0.08637201477722709,0,Biometric,0,Legitimate,ACC-101667
42,6.0214525519404205,18.9034772933066,0.9181919627538233,1,0.9757697635635623,4,OTP,1,Fast Burner,ACC-101668
48,4.7512024923726575,11.727224174407661,0.7090673536196413,1,0.9329695127741027,6,OTP,1,Fast Burner,ACC-101669
3,1.3655040696767908,1270.51308545337,0.026816628439609393,38,0.01410661139649803,1,OTP,0,Legitimate,ACC-101670
41,4.938477927648149,25.240626409015363,0.8952584881341094,0,0.6032913402187847,3,OTP,1,Fast Burner,ACC-101671
47,8.283375722347477,4.60221831093465,0.9807753412265315,1,0.9088559520473664,5,OTP,1,Fast Burner,ACC-101672
52,9.221209670554106,5.058055334584759,0.9989072385144377,0,0.7551432560081421,3,PIN,1,Fast Burner,ACC-101673
2,1.662437158449676,147.7158436528287,0.0628042501166781,34,0.1190940518861883,0,Biometric,0,Legitimate,ACC-101674
1,1.585224082962686,444.5130392279329,0.10079638513727254,32,0.10933385642246239,0,PIN,0,Legitimate,ACC-101675
5,1.3985209836290844,162.13942477158895,0.08553990294774375,74,0.050903661550776864,0,Biometric,0,Legitimate,ACC-101676
2,1.3703983618572726,1086.5708541712604,0.001960105386794209,86,0.09228738078256464,0,Biometric,0,Legitimate,ACC-101677
2,0.951509238126933,255.44641934742393,0.07806264251029707,31,0.04004280113057889,1,Biometric,0,Legitimate,ACC-101678
30,4.891723632422623,9.787022222187638,0.8819799410487212,39,0.8067483056475049,3,OTP,1,Sleeper Mule,ACC-101679
3,1.2869490125612135,624.4758694037085,0.045822933551335314,33,0.022643218111746955,0,Biometric,0,Legitimate,ACC-101680
5,1.482485704065447,302.40771381271475,0.07794883672539499,26,0.1347478189991979,0,Biometric,0,Legitimate,ACC-101681
38,4.614290261202237,16.290803858383633,0.7982475408064524,51,0.5070845571468596,4,OTP,1,Sleeper Mule,ACC-101682
4,0.8062018317602164,461.6887773039923,0.0848992749054335,55,0.11599629640884324,2,PIN,0,Legitimate,ACC-101683
35,4.930635172650746,50.90484181609366,0.6867866377226373,107,0.7098545849607992,0,OTP,1,Sleeper Mule,ACC-101684
2,1.2868016716928954,942.0232526013297,0.14140986098459768,108,0.08814385176716431,1,Biometric,0,Legitimate,ACC-101685
4,1.0781912536761853,410.66125772070524,0.0005457489026031492,117,0.04745239316445483,1,Biometric,0,Legitimate,ACC-101686
3,0.7016386784448232,174.51270442513174,0.1319093990185279,63,0.12153591943489016,0,Biometric,0,Legitimate,ACC-101687
1,1.41247986589722,660.5531744367908,0.14376794964113335,25,0.06301545471086197,0,Biometric,0,Legitimate,ACC-101688
27,8.867514130982663,34.147389833204514,0.8237879260906441,44,0.6862189997007292,10,PIN,1,Sleeper Mule,ACC-101689
0,1.7287419494608836,229.94891325336454,0.1758537252172936,51,0.08159544536965582,0,Biometric,0,Legitimate,ACC-101690
3,1.5710615680554674,128.80887354958034,0.13703571563604397,114,0.09801651879162002,0,Biometric,0,Legitimate,ACC-101691
9,1.5170191292327033,505.75106984265534,0.07504828137804971,23,0.08627540126363557,0,Biometric,0,Legitimate,ACC-101692
4,0.7848422943012463,847.5489802267381,0.010540418917483385,11,0.13939728893212008,0,Biometric,0,Legitimate,ACC-101693
46,7.757878061101622,3.2827788849162234,0.763724590254147,2,0.6463402089913082,3,OTP,1,Fast Burner,ACC-101694
48,5.933231077628307,7.914011009186375,0.8625556392247868,0,0.6985871268474101,4,OTP,1,Fast Burner,ACC-101695
1,1.0834766277033674,951.5101120115637,0.09224049442642722,103,0.12959538849738633,1,Biometric,0,Legitimate,ACC-101696
2,1.2930206471625452,728.9638799529255,0.012876821185736166,41,0.0454655660702921,0,Biometric,0,Legitimate,ACC-101697
3,0.774952941615243,1158.897520617787,0.005838168098893615,57,0.021319055537381486,2,Biometric,0,Legitimate,ACC-101698
4,0.7700878786146437,862.9316735749935,0.18752739406331614,103,0.016169328251958773,1,Biometric,0,Legitimate,ACC-101699
3,0.7658346662226125,1824.2591873629335,0.04806227022384662,108,0.014718908002024116,0,Biometric,0,Legitimate,ACC-101700
50,5.904851014525133,2.4509197249377435,0.7537838528954537,2,0.8684834246135213,5,PIN,1,Fast Burner,ACC-101701
3,1.4669570855356484,1826.7615953217587,0.09097728981456628,19,0.12715337915469682,0,Biometric,0,Legitimate,ACC-101702
6,1.0190109453665535,92.6054590792697,0.14850743249109308,64,0.10482888457948412,0,OTP,0,Legitimate,ACC-101703
6,1.304894927144242,61.58617034721006,0.1748879970800766,11,0.0561080241783805,0,Biometric,0,Legitimate,ACC-101704
2,0.8731459775179633,806.9303241544238,0.13664710902763355,57,0.08361174864703422,0,Biometric,0,Legitimate,ACC-101705
2,1.2169523023287803,158.47985944475903,0.011708284390015589,91,0.004564280349697447,0,Biometric,0,Legitimate,ACC-101706
0,0.6523463673045871,523.9600106001594,0.052018486906979106,77,0.003236066460947512,0,Biometric,0,Legitimate,ACC-101707
4,0.9454900390730727,813.845731631313,0.07616717603656181,31,0.11774238283197865,2,OTP,0,Legitimate,ACC-101708
31,7.541854884911578,5.314504889766916,0.8410875668114367,1,0.6174586014574742,5,OTP,1,Fast Burner,ACC-101709
4,0.9585744558842586,414.16931942188336,0.15749791372587477,84,0.08617651492872933,0,Biometric,0,Legitimate,ACC-101710
4,0.8633548315540756,298.1167528668732,0.0385662331426683,76,0.12499424572806099,0,Biometric,0,Legitimate,ACC-101711
5,1.435015417246272,1046.0712242899476,0.15948538607663654,116,0.03672172901488364,0,PIN,0,Legitimate,ACC-101712
5,1.798015050174724,1191.954800271284,0.06937237412945683,99,0.0264472161280373,0,Biometric,0,Legitimate,ACC-101713
1,1.0971846669365566,281.49668110533355,0.009286731078209588,58,0.07390433722514243,0,Biometric,0,Legitimate,ACC-101714
2,1.6153514887953102,363.9236058926598,0.04492338329164039,118,0.11353453156633228,2,Biometric,0,Legitimate,ACC-101715
1,1.199545649115586,452.34508435514334,0.03721951355658082,115,0.0636713341606061,1,PIN,0,Legitimate,ACC-101716
40,9.146438103091274,2.397749253074237,0.9786691913586497,2,0.8384934417491592,8,PIN,1,Fast Burner,ACC-101717
0,1.0149809670130794,214.7252793036674,0.015860494950677272,36,0.06452909319018985,0,Biometric,0,Legitimate,ACC-101718
40,9.143593354085285,20.385443052738317,0.7142599809490487,0,0.8250934556051972,4,OTP,1,Fast Burner,ACC-101719
2,1.673942087220465,466.8552002083893,0.113729927235801,16,0.017468213378790464,0,PIN,0,Legitimate,ACC-101720
28,4.606954799188978,34.66805686251434,0.6657318209932137,58,0.7371532958855282,1,OTP,1,Sleeper Mule,ACC-101721
5,1.32523411032324,1175.1856500903853,0.07864435176084723,79,0.12089106044840328,0,Biometric,0,Legitimate,ACC-101722
1,1.6854205443498118,424.1763384735607,0.004844467683627407,86,0.02088281902760653,0,Biometric,0,Legitimate,ACC-101723
1,1.3574377726503966,591.8962967015057,0.061157362797922034,52,0.0017359809734188213,0,Biometric,0,Legitimate,ACC-101724
4,1.1538306678043093,297.109514899848,0.15864310720263783,109,0.11336542586058745,0,Biometric,0,Legitimate,ACC-101725
3,1.3107156145769903,72.35864279376253,0.05684211738381269,23,0.08795287017377083,0,Biometric,0,Legitimate,ACC-101726
59,5.911668069418288,7.859540604787911,0.9320578589127746,1,0.8020284506899423,4,OTP,1,Fast Burner,ACC-101727
1,1.4278326521467748,645.0896147512415,0.06995912615888558,92,0.04818244483445434,3,Biometric,0,Legitimate,ACC-101728
37,6.671764456590192,9.026208175111838,0.9630936952311548,0,0.7258289702075793,8,OTP,1,Fast Burner,ACC-101729
1,1.0758569644134308,975.9906799126144,0.19989010459839274,87,0.0387938088729708,2,Biometric,0,Legitimate,ACC-101730
45,6.258977402529219,4.52773822822408,0.7638896764274746,2,0.7114480590310441,5,OTP,1,Fast Burner,ACC-101731
5,1.290891562076185,284.5575551152384,0.11718744593750136,109,0.02016091903316836,0,OTP,0,Legitimate,ACC-101732
53,6.8386073510873375,7.3280793876205745,0.841306203529393,0,0.703285844181717,8,PIN,1,Fast Burner,ACC-101733
34,4.561446720362738,6.07101959500663,0.7149311832466632,1,0.6018003141933129,4,OTP,1,Fast Burner,ACC-101734
6,1.1815901879700261,215.8079193487277,0.19479561901744902,90,0.05238484363637053,1,PIN,0,Legitimate,ACC-101735
0,1.6122407472450329,84.54156481020766,0.020691656740990605,91,0.056577028166130985,1,Biometric,0,Legitimate,ACC-101736
2,0.930337856736801,660.244879454851,0.1741191267452569,70,0.007765107141309768,2,Biometric,0,Legitimate,ACC-101737
3,0.5180483392359504,789.8099447346801,0.02776333644866418,88,0.14461873980301254,0,Biometric,0,Legitimate,ACC-101738
2,0.9490984390511136,403.9916476886616,0.09971152805635519,34,0.12503125543242766,0,OTP,0,Legitimate,ACC-101739
1,1.1595029316068814,432.846935142175,0.11094926076638512,99,0.039845799957047574,1,Biometric,0,Legitimate,ACC-101740
39,8.06307862710478,15.53119958284485,0.7137349795489998,1,0.7809272421802202,10,OTP,1,Fast Burner,ACC-101741
2,1.8057597758133792,277.1996558631608,0.1513029448098119,118,0.08542765777488291,0,Biometric,0,Legitimate,ACC-101742
30,7.4380613838307355,24.467295923597142,0.816604964585542,1,0.8674602709740624,6,OTP,1,Fast Burner,ACC-101743
3,0.9141416878241098,640.9173934378545,0.14570851973238882,67,0.14529872035503175,0,Biometric,0,Legitimate,ACC-101744
2,1.2939725081080848,198.42711613650616,0.09505098052160572,117,0.11274243936484639,0,Biometric,0,Legitimate,ACC-101745
4,1.2808811082189733,67.23578451980137,0.11177622282043119,18,0.11469394165265893,1,Biometric,0,Legitimate,ACC-101746
2,1.352713543439143,72.80836683656521,0.07557319831234442,60,0.09502769354307371,0,Biometric,0,Legitimate,ACC-101747
53,6.572384108543848,7.395322486638346,0.8824357705009207,1,0.9373919793448677,4,PIN,1,Fast Burner,ACC-101748
2,1.2855104226298084,1376.5540768233755,0.12677676804392232,57,0.04457079293519507,4,Biometric,0,Legitimate,ACC-101749
42,5.148347364289447,8.397576042218759,0.9901975770385978,2,0.7227904259774381,5,PIN,1,Fast Burner,ACC-101750
32,5.831441256627236,12.876434113651513,0.626109296276067,104,0.8778285659764478,3,OTP,1,Sleeper Mule,ACC-101751
2,1.2400696246607934,264.67729238059184,0.12601462997218985,57,0.09783342366648423,0,Biometric,0,Legitimate,ACC-101752
3,1.6001806919663843,580.5397945589531,0.16880939307357287,100,0.13257537103969907,0,OTP,0,Legitimate,ACC-101753
2,0.7690942628882518,238.12168381202625,0.06628095294549101,40,0.13798215337931796,1,Biometric,0,Legitimate,ACC-101754
4,1.7625676165450166,463.4445123010792,0.14837643366463388,109,0.0716047325120712,0,PIN,0,Legitimate,ACC-101755
3,1.426093284490039,279.09856624382314,0.01439638741128575,112,0.11240981914903705,0,Biometric,0,Legitimate,ACC-101756
1,1.062990256591946,1756.5743081406777,0.10715932923738883,70,0.12929859197668214,1,Biometric,0,Legitimate,ACC-101757
6,1.2381521757582856,167.238211195358,0.16838772612849717,59,0.055651258059718614,2,Biometric,0,Legitimate,ACC-101758
1,1.366619658195522,420.1462245932048,0.015594884704362301,71,0.025067669488710104,1,Biometric,0,Legitimate,ACC-101759
4,0.8639744602423396,141.01817175312993,0.19759047364131296,62,0.07109242737739462,1,Biometric,0,Legitimate,ACC-101760
36,4.905656722717412,5.688271936733195,0.6745461087931401,60,0.7804584324841772,1,OTP,1,Sleeper Mule,ACC-101761
5,1.3783527007894407,1315.2017365540664,0.1883285475474789,112,0.14361232297773024,0,Biometric,0,Legitimate,ACC-101762
3,1.3963067071788653,521.7789613356849,0.04626396018096977,64,0.10111018410265654,0,Biometric,0,Legitimate,ACC-101763
37,6.905903492081344,38.136666305384246,0.6718914353758586,104,0.6081436942170282,5,OTP,1,Sleeper Mule,ACC-101764
39,8.379913506169743,17.79531760160306,0.946978523328547,2,0.8978731672320355,3,PIN,1,Fast Burner,ACC-101765
1,1.5074321401995032,318.1786878604005,0.07175957143147052,45,0.09017563929102378,0,OTP,0,Legitimate,ACC-101766
4,1.3087352605876832,296.4180105049551,0.12167659062995909,84,0.09219384125691676,0,Biometric,0,Legitimate,ACC-101767
37,7.992382581394085,14.295148801303935,0.9080045647748874,0,0.6226750395814755,6,OTP,1,Fast Burner,ACC-101768
3,1.6821057024747843,465.65337131225357,0.014407385003704021,43,0.13979310725302732,1,Biometric,0,Legitimate,ACC-101769
32,5.436771105980377,11.46715335609787,0.8094113896669193,2,0.8144571357636032,3,PIN,1,Fast Burner,ACC-101770
35,2.8462817585389724,24.3705221394661,0.7761066269041104,52,0.5536818760046663,3,OTP,1,Sleeper Mule,ACC-101771
2,0.8749210365982387,599.0291310913052,0.168081019688906,43,0.10214992712400783,1,Biometric,0,Legitimate,ACC-101772
3,1.3112603377413075,184.43650964559635,0.1438110795553732,116,0.0461689809937872,1,Biometric,0,Legitimate,ACC-101773
2,1.1768144287601114,1964.8931467656953,0.145233283939832,78,0.14786491058441018,2,Biometric,0,Legitimate,ACC-101774
36,5.915019896647432,15.630010715852507,0.7065016036476761,63,0.7772359472754986,4,OTP,1,Sleeper Mule,ACC-101775
4,1.3445903481158676,495.0716971369004,0.11711836504409086,98,0.01673326184463017,0,OTP,0,Legitimate,ACC-101776
1,1.2395250329241874,548.8268354847755,0.1944680753191366,91,0.04312280447137729,0,Biometric,0,Legitimate,ACC-101777
0,1.1749767795760315,748.5122696528322,0.1975411619432396,87,0.0661166478819589,0,Biometric,0,Legitimate,ACC-101778
4,1.4098350271819624,555.9413514149973,0.12301867317488031,73,0.08676104246562973,1,Biometric,0,Legitimate,ACC-101779
3,0.9188979056261677,2331.7856101752986,0.07449680650082173,25,0.046736050751038406,0,PIN,0,Legitimate,ACC-101780
0,0.9547255239666926,115.51360117248964,0.019248824831514313,29,0.06269402236007246,1,PIN,0,Legitimate,ACC-101781
49,8.887153298596225,15.290629525073276,0.7312193525766242,1,0.6482287106889356,4,OTP,1,Fast Burner,ACC-101782
4,1.8660965574014645,81.52042350657274,0.07954639146073746,48,0.07682518262514025,0,Biometric,0,Legitimate,ACC-101783
1,1.2425968351726777,332.30655517318473,0.029021763425059646,24,0.07214904591314286,1,OTP,0,Legitimate,ACC-101784
6,1.1214164980726937,89.9562338488011,0.09009346554095155,78,0.1253265231873089,0,Biometric,0,Legitimate,ACC-101785
1,1.3751134259471849,94.05256612433324,0.03154152894239026,13,0.01516830813223559,0,Biometric,0,Legitimate,ACC-101786
0,1.4291708725726933,457.2754458573432,0.12892840132126984,63,0.062142317034497664,1,Biometric,0,Legitimate,ACC-101787
1,0.8004757546805471,585.5959100205608,0.09503783200842875,35,0.035192393538784957,0,OTP,0,Legitimate,ACC-101788
4,1.4763159384143774,83.29717576063861,0.14999254434400539,93,0.052404780398963284,0,Biometric,0,Legitimate,ACC-101789
65,5.641597659737604,12.730462627658415,0.9036288147635767,1,0.7516153532188579,2,PIN,1,Fast Burner,ACC-101790
7,1.589500346932625,270.8283348687595,0.029285308329780005,39,0.017005059935172515,1,PIN,0,Legitimate,ACC-101791
5,1.1169122717318503,163.06160032986242,0.15234738044250362,112,0.020595381251829137,0,Biometric,0,Legitimate,ACC-101792
2,0.989625136678777,604.8955339260457,0.1219403664303088,53,0.048147221038871764,0,Biometric,0,Legitimate,ACC-101793
5,0.9405311662714732,514.1466856092998,0.1718714957032904,54,0.07763127080158637,0,Biometric,0,Legitimate,ACC-101794
2,1.4817608554986141,210.47121952651827,0.10280821831570652,97,0.057788120389916285,0,Biometric,0,Legitimate,ACC-101795
1,0.8322323209680162,334.36229954174286,0.14630973650771323,108,0.12412533612024876,0,Biometric,0,Legitimate,ACC-101796
3,1.310208104744246,1141.6453387722227,0.16290739217251848,117,0.015491652792162573,0,PIN,0,Legitimate,ACC-101797
55,7.0714768409337,12.723006236281153,0.7715978063886063,2,0.6322370907389708,3,PIN,1,Fast Burner,ACC-101798
3,1.6015558525743816,2347.4595877337606,0.03561308766494642,109,0.0429262658657838,0,Biometric,0,Legitimate,ACC-101799
1,0.8740091433344155,258.9018920003223,0.013736937243877746,98,0.008653983223329319,1,Biometric,0,Legitimate,ACC-101800
4,0.9399079630702343,250.02885177211138,0.13933338238018533,107,0.11295554429263709,0,PIN,0,Legitimate,ACC-101801
4,1.3378911954224448,136.48808104122975,0.15506579619068517,89,0.005381952268327356,0,Biometric,0,Legitimate,ACC-101802
41,5.1349299912326964,26.52825376571799,0.683496041228492,46,0.7278468928219158,3,OTP,1,Sleeper Mule,ACC-101803
3,1.0165452593884936,642.942391116731,0.018681536352043195,68,0.12489638675027015,1,Biometric,0,Legitimate,ACC-101804
3,1.907884277730031,242.45255524357893,0.0784136106104745,18,0.07690719361774453,1,Biometric,0,Legitimate,ACC-101805
8,0.7644495764494694,1223.713246754689,0.01936241131902863,91,0.12292001272416325,0,Biometric,0,Legitimate,ACC-101806
3,1.4303531084004333,1045.9260878735745,0.09201439883963258,119,0.039874085291067174,0,OTP,0,Legitimate,ACC-101807
1,1.5531626362250743,401.1189092762766,0.17966440393827388,11,0.12284644770248998,0,PIN,0,Legitimate,ACC-101808
6,1.4146827203919272,372.254922136921,0.1386764488388955,35,0.09362722940190926,0,PIN,0,Legitimate,ACC-101809
45,8.355042274528138,159.3287463370831,0.7352550488451349,2,0.970496104652854,5,PIN,1,Fast Burner,ACC-101810
2,0.9442282233760502,128.71014188576876,0.04792096458390913,115,0.14647060092722985,0,Biometric,0,Legitimate,ACC-101811
2,1.0827335198482833,643.8093608899429,0.08046226423483241,41,0.1162113174769322,0,Biometric,0,Legitimate,ACC-101812
47,8.628206003411504,15.707471955302605,0.7860466135365465,2,0.6845129359818478,3,OTP,1,Fast Burner,ACC-101813
51,5.878292680679262,11.412909127009053,0.7411968527617202,2,0.9057339251413784,5,OTP,1,Fast Burner,ACC-101814
5,1.1955167761736776,511.4386156640698,0.059184762212526644,12,0.07979782432163185,0,PIN,0,Legitimate,ACC-101815
43,7.855809899015432,3.8174926305835504,0.9804252043778993,1,0.8296933814472778,7,OTP,1,Fast Burner,ACC-101816
4,1.4302527245451893,91.15150756164486,0.16877041164039475,16,0.11870107548203014,1,Biometric,0,Legitimate,ACC-101817
4,1.3215720076647437,198.9789861226619,0.03689808237073007,31,0.006985272941062731,0,Biometric,0,Legitimate,ACC-101818
2,1.4045979897762435,328.5860545720543,0.1679210901981033,15,0.09834765453332278,1,Biometric,0,Legitimate,ACC-101819
7,1.2652420449042674,324.32855459626586,0.044514622257727024,77,0.08637690868553556,0,Biometric,0,Legitimate,ACC-101820
3,0.4924607573377605,544.190974947715,0.11705003061029176,25,0.06089771487403823,1,Biometric,0,Legitimate,ACC-101821
4,1.4120865029761627,186.99640894197384,0.11530700015363178,52,0.03569050225820967,2,Biometric,0,Legitimate,ACC-101822
2,1.3467635473992903,812.5076853893331,0.1694912037126705,51,0.050445266018110196,0,PIN,0,Legitimate,ACC-101823
41,4.645465790336138,34.739981764581444,0.8171640877158792,62,0.5732809844809734,2,OTP,1,Sleeper Mule,ACC-101824
3,1.3519603174157753,607.6100246667185,0.1302251489904649,95,0.06791499139171135,0,Biometric,0,Legitimate,ACC-101825
3,1.6267268865857465,859.2844042501648,0.03395900098713587,16,0.11100112691591676,1,OTP,0,Legitimate,ACC-101826
58,7.1204651119004705,12.03616834547763,0.7954686856397996,1,0.8969357567653544,3,PIN,1,Fast Burner,ACC-101827
2,1.3204615907157615,521.4264541353305,0.16045806159627218,110,0.027889191937272295,2,Biometric,0,Legitimate,ACC-101828
2,1.4444192164865044,82.2615937061643,0.16947000562861772,28,0.1138443434427956,0,Biometric,0,Legitimate,ACC-101829
1,1.1481559944319781,165.45550178616926,0.03197373104742356,64,0.03556221073969072,0,Biometric,0,Legitimate,ACC-101830
2,1.0428470489059813,618.8427758686059,0.018478805787417143,92,0.018235953024111417,1,Biometric,0,Legitimate,ACC-101831
31,5.007958075814095,9.193693133532213,0.88380937323675,94,0.6877276831618852,3,PIN,1,Sleeper Mule,ACC-101832
3,1.2513561431236988,966.1363127974656,0.042627695071808636,80,0.14497224885551155,0,Biometric,0,Legitimate,ACC-101833
5,0.867547591054576,276.26746621600466,0.11855593879534979,108,0.09181313535352129,0,PIN,0,Legitimate,ACC-101834
41,7.46225784753128,14.002124878040945,0.87013467527268,0,0.8263315587271188,2,OTP,1,Fast Burner,ACC-101835
1,1.1699916423175991,335.77998057293354,0.11332934367083342,96,0.022049857074503066,1,Biometric,0,Legitimate,ACC-101836
4,1.2410239507945389,487.3371205089761,0.15178420758125327,75,0.10806604707631662,1,Biometric,0,Legitimate,ACC-101837
4,1.3837879132011337,360.89782712075504,0.19588832839425904,79,0.06818631883404706,0,Biometric,0,Legitimate,ACC-101838
3,0.5867008571396776,648.9988776335588,0.1751571561919409,64,0.08668167798750816,0,OTP,0,Legitimate,ACC-101839
0,1.088167261660574,184.62399564176866,0.035860452948328896,82,0.057344563856400244,0,Biometric,0,Legitimate,ACC-101840
5,1.3217550800078697,873.351980983083,0.059594910469328854,80,0.1256578864703065,1,PIN,0,Legitimate,ACC-101841
7,1.3436043541952811,388.97626568799484,0.013435086253171226,31,0.004302836045977071,0,OTP,0,Legitimate,ACC-101842
48,6.036715564481119,8.126214518474537,0.7668000003342196,2,0.7791979886347361,5,OTP,1,Fast Burner,ACC-101843
2,1.3353968474230236,849.7908066710621,0.1089449753311569,34,0.050307241234036515,2,Biometric,0,Legitimate,ACC-101844
0,1.22321228482825,578.6273374812396,0.12727316203332842,74,0.07393358537522979,0,Biometric,0,Legitimate,ACC-101845
29,4.556573058079403,32.51737461258868,0.7160468878080746,1,0.973559878949549,4,PIN,1,Fast Burner,ACC-101846
40,5.664489155449605,21.1072446309662,0.7718734742103518,0,0.6897441999353727,5,OTP,1,Fast Burner,ACC-101847
30,3.90448549955878,15.474087945240331,0.7383523084311715,82,0.7627278589544159,1,OTP,1,Sleeper Mule,ACC-101848
35,5.592025999882311,6.685750885267365,0.9531324543157593,0,0.7126487873156404,6,OTP,1,Fast Burner,ACC-101849
36,5.73348614768129,18.669633454946652,0.9303971404967338,2,0.8213029356973137,5,OTP,1,Fast Burner,ACC-101850
35,5.233901664266196,34.686303185423846,0.6458259000813455,53,0.67524432811784,2,PIN,1,Sleeper Mule,ACC-101851
43,5.057617028936587,6.870681534328847,0.846555910196636,0,0.6623740459783772,4,PIN,1,Fast Burner,ACC-101852
34,4.5369223804223235,10.869888154125658,0.7792167216136733,2,0.8254636241737834,6,OTP,1,Fast Burner,ACC-101853
2,1.423053201100379,1261.9652970695556,0.15494137360311233,48,0.029210528400443147,0,Biometric,0,Legitimate,ACC-101854
41,10.203427786775798,18.63397947970911,0.741352194190778,2,0.774788067977306,5,OTP,1,Fast Burner,ACC-101855
1,1.2688717923222759,166.34602308717075,0.07915077004471903,97,0.0213558365677525,3,Biometric,0,Legitimate,ACC-101856
43,6.377939270421783,22.070474835740338,0.9085539239576677,0,0.8607098546180466,8,OTP,1,Fast Burner,ACC-101857
2,0.8064789923264626,388.970332617487,0.06224777373351074,66,0.09886983057618096,0,Biometric,0,Legitimate,ACC-101858
5,1.1517285185170203,3142.397979327915,0.0866817467426953,30,0.12531088183245934,0,Biometric,0,Legitimate,ACC-101859
1,0.8254009725712117,546.1979057374249,0.05148097769587315,103,0.06971156764491976,0,OTP,0,Legitimate,ACC-101860
5,0.7538537292870686,843.3923871614971,0.011932444666120978,52,0.14740724881006884,1,PIN,0,Legitimate,ACC-101861
1,0.957835296754668,139.37698905451106,0.07071065537448806,70,0.14681290735792635,1,OTP,0,Legitimate,ACC-101862
45,9.648926620660438,5.254099649917746,0.7978972476913208,2,0.7894314081343595,2,OTP,1,Fast Burner,ACC-101863
6,0.995119468105444,308.57239750241575,0.04430015620183747,69,0.07748089879616142,1,Biometric,0,Legitimate,ACC-101864
42,5.909512889902676,30.149635981998255,0.8926113154941845,0,0.7787431868151514,5,PIN,1,Fast Burner,ACC-101865
5,0.7418637613992732,219.8728323477266,0.04738717588449648,18,0.13344217018934695,0,Biometric,0,Legitimate,ACC-101866
6,1.1832310600159213,286.1468580301158,0.0725473736241753,95,0.14308216441472818,0,Biometric,0,Legitimate,ACC-101867
47,6.412778857438465,39.866792359972486,0.9726192616049001,1,0.6129369805270738,2,PIN,1,Fast Burner,ACC-101868
3,1.206008201941209,1012.2517411874597,0.09551013107943424,19,0.09476934312071598,0,Biometric,0,Legitimate,ACC-101869
2,1.2240958717875636,249.01044657835988,0.02194748944248999,116,0.0005349649019391834,0,PIN,0,Legitimate,ACC-101870
4,1.0406822488863972,67.85517428668837,0.05549139897758879,31,0.13863835896570012,0,Biometric,0,Legitimate,ACC-101871
3,1.2374602830586436,621.1369397677686,0.04349863656402289,17,0.0688524833671903,0,OTP,0,Legitimate,ACC-101872
40,8.72069744952648,10.355657057864411,0.850324465758112,2,0.862247894173056,9,OTP,1,Fast Burner,ACC-101873
2,0.5322193746125766,282.5687058925155,0.07668522666278142,67,0.01566168221309115,0,Biometric,0,Legitimate,ACC-101874
37,5.1489308809726975,13.106837040213017,0.9636607705559512,2,0.8817425176356384,6,PIN,1,Fast Burner,ACC-101875
1,1.1156930408171837,864.3905753959851,0.05594614936152301,14,0.04995558960821101,0,Biometric,0,Legitimate,ACC-101876
28,3.9537541738568063,14.539419702740725,0.6866072202187906,38,0.7188580599276138,3,OTP,1,Sleeper Mule,ACC-101877
45,5.576176125093166,27.858343629862663,0.8479646064272357,1,0.7461285554895948,6,PIN,1,Fast Burner,ACC-101878
1,1.5476001070023904,344.58061504979275,0.14214147237385547,92,0.12410871093291215,1,Biometric,0,Legitimate,ACC-101879
30,6.068005464121265,5.152323970795383,0.8410322323142283,41,0.6882369630586963,2,OTP,1,Sleeper Mule,ACC-101880
4,0.949551026835998,166.9276713695537,0.16771207267960353,92,0.061052435250923964,3,OTP,0,Legitimate,ACC-101881
7,1.2879471675968905,169.0961654947639,0.011116126896815404,38,0.11304739234823707,0,Biometric,0,Legitimate,ACC-101882
45,7.404600091209368,6.638163779652801,0.9161003228088103,1,0.9079119778834464,4,PIN,1,Fast Burner,ACC-101883
43,5.351803526103881,6.926898332521479,0.8078099802652001,0,0.6102349805007797,6,PIN,1,Fast Burner,ACC-101884
2,1.5336140526309618,955.5676240107452,0.07176077611377339,116,0.0837072361868651,1,Biometric,0,Legitimate,ACC-101885
45,7.2178483230613715,5.21248574226372,0.8919328972131223,2,0.936961771209981,7,OTP,1,Fast Burner,ACC-101886
38,5.668086251518873,29.32153722381122,0.6912717774714843,84,0.596935527934545,4,OTP,1,Sleeper Mule,ACC-101887
31,8.38999791181472,7.2291766077305875,0.9867329872724615,1,0.845550807998412,7,PIN,1,Fast Burner,ACC-101888
2,1.0124677737919041,537.8906858726424,0.028262548898832042,68,0.052683810656123244,0,Biometric,0,Legitimate,ACC-101889
2,1.3049243445743943,415.4737842986332,0.13949940205771497,106,0.0004906387996875261,0,Biometric,0,Legitimate,ACC-101890
6,0.9831495614465251,118.60508509651999,0.04651370821466625,82,0.011089254732992238,2,Biometric,0,Legitimate,ACC-101891
40,3.810767584189964,49.31020126913206,0.8232748739181652,58,0.6327194627829847,4,OTP,1,Sleeper Mule,ACC-101892
2,1.278792596361507,1572.1226232474796,0.16925547449458386,103,0.11353502031431081,0,Biometric,0,Legitimate,ACC-101893
5,1.2331006299478127,461.93934362069933,0.011189589319724115,89,0.004760004251070105,1,Biometric,0,Legitimate,ACC-101894
3,1.3251987904981317,284.03302725155913,0.1738151630135405,34,0.09334552698521997,2,Biometric,0,Legitimate,ACC-101895
2,1.630165340458881,322.8101066551854,0.1312727621602014,26,0.13748059209030375,0,PIN,0,Legitimate,ACC-101896
4,1.781428469817942,677.8657927390317,0.07254676364338884,81,0.011012823612694211,0,Biometric,0,Legitimate,ACC-101897
4,1.4251409585805284,152.60594643097005,0.12150675825561004,18,0.13819067739289553,0,Biometric,0,Legitimate,ACC-101898
1,0.6620539492637548,221.0296963253653,0.19317700258866846,98,0.14961395693789667,0,PIN,0,Legitimate,ACC-101899
50,8.844940621916178,18.52828349213152,0.7552357428884864,1,0.6579957394061788,7,PIN,1,Fast Burner,ACC-101900
3,1.0922605115673376,172.75821727113333,0.18808335852650523,59,0.06827448734513945,0,PIN,0,Legitimate,ACC-101901
3,1.3601942392255992,392.96905238216317,0.06422440661162783,74,0.04189100911500522,0,Biometric,0,Legitimate,ACC-101902
21,4.881100851879617,62.416482624282914,0.8927745650180672,86,0.5455841888667864,1,OTP,1,Sleeper Mule,ACC-101903
3,1.0135217864487946,829.594653510785,0.0004163024699840534,56,0.03015478954986321,1,Biometric,0,Legitimate,ACC-101904
55,5.669371697815075,42.11459347847195,0.9863258564089958,1,0.9440355481660329,6,OTP,1,Fast Burner,ACC-101905
2,0.7902612215847166,176.4265699639306,0.18604789820861073,47,0.11832519802877751,3,Biometric,0,Legitimate,ACC-101906
3,1.8923064683206352,94.16379854374144,0.1789674093412503,45,0.07008464291262212,0,Biometric,0,Legitimate,ACC-101907
45,3.6785704229149143,9.2781129753048,0.9321000320025203,2,0.895814172197193,5,OTP,1,Fast Burner,ACC-101908
38,3.832997937981326,23.58751720826512,0.686806637221868,75,0.6664510665744211,3,PIN,1,Sleeper Mule,ACC-101909
60,6.155096849951112,13.350053612552738,0.7930842488362269,0,0.9268405280700638,2,PIN,1,Fast Burner,ACC-101910
1,1.566349725001226,92.36107417238924,0.07129623173211022,14,0.0021733029238932998,1,Biometric,0,Legitimate,ACC-101911
3,0.4618692533711384,327.62467424893674,0.008877800241383583,40,0.07014052717776674,0,Biometric,0,Legitimate,ACC-101912
0,1.5489846398382625,654.7437833179023,0.12552836028803463,16,0.04123003475825435,0,Biometric,0,Legitimate,ACC-101913
6,1.1473925476815476,368.1042708380283,0.1579272505294806,36,0.023122641996466818,0,Biometric,0,Legitimate,ACC-101914
2,1.276783313123504,849.8612263864414,0.14644090892386993,25,0.09651315979463819,1,Biometric,0,Legitimate,ACC-101915
1,0.6224213362237544,490.35095465316533,0.10149047934737135,8,0.12320426890037364,1,PIN,0,Legitimate,ACC-101916
56,6.070950304145728,13.11279079892553,0.7269159047406463,0,0.8197549800391667,4,OTP,1,Fast Burner,ACC-101917
4,1.1665936792843465,954.4797336578318,0.026283119028252422,59,0.05654830448637328,0,Biometric,0,Legitimate,ACC-101918
3,1.3765308540720922,1146.926154969185,0.16470567519624946,114,0.029921352766598505,1,Biometric,0,Legitimate,ACC-101919
3,1.248537462180816,358.40673991872217,0.1417123137163901,20,0.14299687439682043,0,Biometric,0,Legitimate,ACC-101920
2,0.9536140847781422,184.64491829742565,0.12746272593342653,94,0.10400322748486633,0,Biometric,0,Legitimate,ACC-101921
63,4.962516708143082,9.85027193903144,0.8300969052315095,0,0.7935799854103411,2,OTP,1,Fast Burner,ACC-101922
40,6.11992825027999,2.62358068875766,0.9489847276582615,0,0.8060274070926257,4,OTP,1,Fast Burner,ACC-101923
1,0.998837051574995,81.9301113094671,0.036485337097822736,51,0.06359146274097363,0,Biometric,0,Legitimate,ACC-101924
2,1.2277263442017707,401.4391114446436,0.1856743687442102,17,0.05464841357963996,2,Biometric,0,Legitimate,ACC-101925
4,0.9586915494712148,325.0350052663695,0.10634854632292828,79,0.06822625813098238,1,Biometric,0,Legitimate,ACC-101926
4,1.2354990656694607,556.8694265105061,0.035028126777229954,116,0.10123621367579176,1,PIN,0,Legitimate,ACC-101927
34,6.134312601947039,5.870795333587692,0.709113672503247,0,0.6846003059257864,2,PIN,1,Fast Burner,ACC-101928
41,6.484366105731087,13.221017516359653,0.9700343446420729,2,0.9530077740321539,5,PIN,1,Fast Burner,ACC-101929
3,1.0915697410949063,395.4799911549026,0.12109055322758354,64,0.06685124679861267,0,OTP,0,Legitimate,ACC-101930
3,0.5627918772363446,222.40815833567152,0.13554731991615665,59,0.07452957836171098,1,Biometric,0,Legitimate,ACC-101931
5,1.4905496407874628,409.61228607162616,0.12361453594433236,58,0.11785231226640465,1,Biometric,0,Legitimate,ACC-101932
35,6.137008961812657,11.329242527184826,0.751938548415565,0,0.7168453650026435,4,PIN,1,Fast Burner,ACC-101933
3,1.522688038205298,379.1774978700238,0.12173802584007094,82,0.14497180093567838,1,Biometric,0,Legitimate,ACC-101934
9,1.1837236191407556,315.3929365173158,0.11878881056137176,40,0.11168288943056494,2,OTP,0,Legitimate,ACC-101935
8,1.3737184718084012,601.3914283757604,0.18095396028439026,88,0.014797934440634618,0,Biometric,0,Legitimate,ACC-101936
4,1.3567335632780082,125.7335555276071,0.1591150547785264,39,0.07758354226743752,0,Biometric,0,Legitimate,ACC-101937
0,1.3524263143262358,210.97792855751246,0.031011944282482686,66,0.10148638606254963,1,Biometric,0,Legitimate,ACC-101938
1,1.437342001306765,816.5211048277297,0.0707210552472972,6,0.14794870629686938,0,Biometric,0,Legitimate,ACC-101939
34,5.903667411947833,93.38644314838668,0.6912149600696085,36,0.7268880368089161,4,OTP,1,Sleeper Mule,ACC-101940
1,0.8003622704170057,190.95561603288996,0.10824613175222882,92,0.02660501563295996,0,Biometric,0,Legitimate,ACC-101941
2,0.9657585145263019,181.79133995858822,0.1557646898671623,17,0.11592865705621476,1,PIN,0,Legitimate,ACC-101942
4,1.4711674201908003,643.3415225107146,0.10682236768050267,36,0.061762429351689935,0,PIN,0,Legitimate,ACC-101943
6,1.7353676666560758,447.50221925437717,0.08442431141003635,34,0.0469825414735036,0,Biometric,0,Legitimate,ACC-101944
3,0.6792798189157118,997.0909817754698,0.011386991387462686,105,0.13776539815006783,1,OTP,0,Legitimate,ACC-101945
1,0.9756644686902054,489.4883725960374,0.10379625070465576,45,0.09670852344430486,1,Biometric,0,Legitimate,ACC-101946
2,1.253908614331862,1011.6724176753751,0.1940953292883565,81,0.04280677763588093,0,Biometric,0,Legitimate,ACC-101947
32,6.740954834351108,11.748679633375996,0.814196782714307,51,0.6929021130881868,0,OTP,1,Sleeper Mule,ACC-101948
0,1.054024299089804,259.57014926175395,0.029819578893878984,87,0.1381976646137186,0,Biometric,0,Legitimate,ACC-101949
4,1.026261348897937,171.70679206270754,0.057795399249606416,71,0.06340605337955017,1,Biometric,0,Legitimate,ACC-101950
7,1.2844750215257503,362.81339783747904,0.10337514863898523,76,0.12393205679259203,0,Biometric,0,Legitimate,ACC-101951
2,0.7901365227293322,1074.6618706997492,0.17340301569440178,56,0.08572814488439405,1,Biometric,0,Legitimate,ACC-101952
37,5.102614539772536,25.06981836925961,0.6091140645504878,78,0.5054157401202577,1,OTP,1,Sleeper Mule,ACC-101953
42,5.718879422451026,6.492111907003363,0.7698217337985592,1,0.602858815307693,4,PIN,1,Fast Burner,ACC-101954
2,0.8648574716386161,261.3801529665397,0.1891087124351939,75,0.058242034628139164,1,Biometric,0,Legitimate,ACC-101955
3,1.3855221647232403,995.269425242071,0.194368418295358,32,0.002703637974666034,0,Biometric,0,Legitimate,ACC-101956
3,1.1453274527464383,179.99985280298236,0.18128926369476495,15,0.0672570359854917,0,Biometric,0,Legitimate,ACC-101957
54,5.199675827165333,11.73495912214759,0.981850224943754,2,0.9518978291206219,5,PIN,1,Fast Burner,ACC-101958
48,4.036879699949608,9.585677300964276,0.9703370929892519,0,0.7844228781924183,3,OTP,1,Fast Burner,ACC-101959
44,5.1394760258061805,14.16824445915569,0.8858015893278013,1,0.8906946675761258,11,OTP,1,Fast Burner,ACC-101960
3,0.942162082965595,649.2425134869738,0.08289950502779,79,0.051902561134591414,0,Biometric,0,Legitimate,ACC-101961
4,0.8068062647086882,334.55229781539657,0.12048705111808809,80,0.031939362425590874,1,PIN,0,Legitimate,ACC-101962
41,6.1940117870125935,16.852263202941096,0.9796717829053414,2,0.8103428716927814,4,OTP,1,Fast Burner,ACC-101963
4,0.7377726575053913,655.9583311358529,0.18099904519446497,115,0.018303259294676216,1,Biometric,0,Legitimate,ACC-101964
40,5.404841101677353,7.063596340298157,0.8393766648109254,73,0.8405404282822446,3,OTP,1,Sleeper Mule,ACC-101965
3,1.0221602300464059,88.88425832150723,0.19494738945150147,75,0.08643723751817815,0,Biometric,0,Legitimate,ACC-101966
1,1.259211781631898,292.5124256486108,0.13902620980368366,97,0.04210964056992602,1,Biometric,0,Legitimate,ACC-101967
2,1.2899015932013778,591.4920597797906,0.020733827096447357,118,0.009303130567325828,1,Biometric,0,Legitimate,ACC-101968
4,0.8057144706575639,378.09165392581326,0.03541933885881676,19,0.03364858780742924,1,Biometric,0,Legitimate,ACC-101969
44,5.915556349552648,3.775161019158819,0.7978035134955284,1,0.6497432885472655,5,OTP,1,Fast Burner,ACC-101970
41,7.745919200924206,6.210645519883915,0.9790265523840991,0,0.6412923262452871,7,PIN,1,Fast Burner,ACC-101971
4,1.5447044088157198,878.7306177566463,0.04617071058708464,71,0.04822948537710618,1,Biometric,0,Legitimate,ACC-101972
37,4.081925722315831,23.228189994832704,0.8481677228940887,109,0.5959175364869946,0,OTP,1,Sleeper Mule,ACC-101973
1,0.8455300262692762,150.30424658906315,0.05075252246899895,66,0.051196891504749605,0,Biometric,0,Legitimate,ACC-101974
0,1.3298918784130906,557.4489603009611,0.12189336062129458,34,0.0801013364610756,3,OTP,0,Legitimate,ACC-101975
5,1.5970022767469814,272.23993074950624,0.06849125705932704,61,0.12645527469577353,1,Biometric,0,Legitimate,ACC-101976
4,1.1894049421215311,730.5173083830849,0.002060679690747791,106,0.09866679105068099,0,OTP,0,Legitimate,ACC-101977
40,5.622821922286554,6.889944090218745,0.8537161705285068,1,0.6814914779254054,5,OTP,1,Fast Burner,ACC-101978
45,3.515475155866966,10.024120358840287,0.9647434682792511,2,0.719576751172177,6,Biometric,1,Fast Burner,ACC-101979
2,1.076647981334005,232.78343343383546,0.07705698520679655,20,0.08459861751624197,2,OTP,0,Legitimate,ACC-101980
3,1.243803182932718,376.89862815051947,0.19585291960664364,69,0.06398864177789021,0,Biometric,0,Legitimate,ACC-101981
4,1.1555464399505313,512.6126901639504,0.1520044838175807,63,0.0921541415562767,0,Biometric,0,Legitimate,ACC-101982
44,5.860394890173175,23.533621812842398,0.7312248127161193,0,0.7892114241013539,8,PIN,1,Fast Burner,ACC-101983
1,1.206499623511069,644.5294978892539,0.12155554247737953,35,0.09326724429063843,0,Biometric,0,Legitimate,ACC-101984
7,1.5025247909828974,449.86786247403523,0.1960124630774569,52,0.05919759404979972,1,Biometric,0,Legitimate,ACC-101985
3,1.5629681880057311,373.79154830938904,0.0500973683202445,18,0.041656641286256464,1,OTP,0,Legitimate,ACC-101986
3,1.75523434273072,112.06443720986587,0.0033232453454321133,111,0.002018992939720693,1,Biometric,0,Legitimate,ACC-101987
1,1.5208342164372568,1470.7864431546868,0.18775432220287797,92,0.08612333181485508,1,PIN,0,Legitimate,ACC-101988
28,5.006000046225161,46.919153141786744,0.7102351332765324,71,0.7796446135586808,4,OTP,1,Sleeper Mule,ACC-101989
5,1.3653767767004128,911.5659902794044,0.0801726477609853,21,0.14197609837056774,0,OTP,0,Legitimate,ACC-101990
42,6.343442750493554,14.266517899011507,0.7068705875316296,1,0.9754282260009761,5,OTP,1,Fast Burner,ACC-101991
1,1.6687063528119688,505.1205210018104,0.08914972461361444,43,0.06067247177966631,1,Biometric,0,Legitimate,ACC-101992
6,1.8320820546789558,480.33912005411514,0.11479494209366203,96,0.021484133671526937,0,Biometric,0,Legitimate,ACC-101993
2,1.2090421983945532,3097.758366182628,0.08184551881681955,110,0.03615339578365475,1,PIN,0,Legitimate,ACC-101994
1,1.2118709172400943,576.1977173134671,0.07568761760968992,97,0.09059816307483883,0,Biometric,0,Legitimate,ACC-101995
0,1.1745100209335557,319.0129569277081,0.004847518832834564,59,0.12449990903922367,1,Biometric,0,Legitimate,ACC-101996
2,1.6620323471232095,110.46905010290294,0.0155137814524269,85,0.1377163455051213,0,OTP,0,Legitimate,ACC-101997
5,1.5712109380690797,133.6215086567198,0.0397080405655788,47,0.07193828770794979,1,OTP,0,Legitimate,ACC-101998
4,1.3158073856125678,165.41859908575157,0.01471592763195031,31,0.08649491968256463,1,Biometric,0,Legitimate,ACC-101999
44,6.127278054725712,22.52997358625425,0.6519162573373908,95,0.5558166877734919,6,PIN,1,Sleeper Mule,ACC-102000
1,1.3354042643593897,2027.6876580017533,0.10156057695970272,51,0.12342932764926892,0,Biometric,0,Legitimate,ACC-102001
1,1.1518040140901775,368.90973322616946,0.10456118993446269,51,0.06270774044445336,0,Biometric,0,Legitimate,ACC-102002
1,1.3105056011522913,901.6157733491522,0.18759770554441124,81,0.05677845651948797,0,Biometric,0,Legitimate,ACC-102003
44,7.6463616348685335,2.849680049304748,0.8079702669106149,1,0.7969224949602112,6,OTP,1,Fast Burner,ACC-102004
2,1.1005501835101457,1590.7501421515683,0.11144971032370908,116,0.12624475980706776,1,Biometric,0,Legitimate,ACC-102005
40,7.6206136133541795,45.74754895613711,0.8971132822218103,2,0.7139708923025883,5,PIN,1,Fast Burner,ACC-102006
3,1.7917574319140714,699.6540829697458,0.14483560702809065,32,0.0927672705379334,0,Biometric,0,Legitimate,ACC-102007
2,1.3489144939586535,202.88043092415413,0.15841685931479052,79,0.032116261759199384,0,Biometric,0,Legitimate,ACC-102008
1,0.946596821012025,207.32120240828823,0.12220184969083783,116,0.030254633422776955,1,Biometric,0,Legitimate,ACC-102009
1,1.7879051945867648,475.89276765692085,0.05879572615161366,13,0.09668333999465194,0,Biometric,0,Legitimate,ACC-102010
2,1.0920283388450254,2622.68284919777,0.06047307847801338,48,0.12249322864391043,0,Biometric,0,Legitimate,ACC-102011
0,1.2031463948021626,1275.3811734678952,0.11956427571758035,70,0.06280388623350759,0,Biometric,0,Legitimate,ACC-102012
35,4.835023444519001,10.024573156381392,0.8314824387108759,53,0.7991246990313763,4,OTP,1,Sleeper Mule,ACC-102013
40,5.924134878660876,90.56005909176903,0.8524948877127707,115,0.7819656273326159,2,PIN,1,Sleeper Mule,ACC-102014
4,0.5229824684131743,1709.285823356025,0.07309083183765475,56,0.06387154644498823,1,Biometric,0,Legitimate,ACC-102015
0,1.4276543297516389,461.3470480633772,0.02842866267607789,42,0.015405253704205661,0,Biometric,0,Legitimate,ACC-102016
4,1.5528677120275587,239.88998932842483,0.09396876404796946,67,0.05441790344804952,0,Biometric,0,Legitimate,ACC-102017
36,6.221851432268639,13.412456711806891,0.8151439102214566,54,0.6388552519685141,1,OTP,1,Sleeper Mule,ACC-102018
1,1.2554305950747071,242.7165640971276,0.0011506524646602624,7,0.02483352631475894,0,Biometric,0,Legitimate,ACC-102019
31,6.480577675806567,13.030540073823582,0.739218972569645,97,0.5045691121777646,4,OTP,1,Sleeper Mule,ACC-102020
53,7.7286763341233975,3.2560778749493506,0.8455115827463033,0,0.6564861339283009,3,PIN,1,Fast Burner,ACC-102021
4,1.790535386808087,169.33558791501116,0.0976290419054531,59,0.023188634991558515,0,PIN,0,Legitimate,ACC-102022
43,4.310657117978256,19.207200248857838,0.8610040028086943,52,0.659697997042964,4,OTP,1,Sleeper Mule,ACC-102023
27,7.0489726695584665,9.077191786143327,0.8579353348271894,1,0.6852777204564825,6,PIN,1,Fast Burner,ACC-102024
2,1.6314586755626244,724.664701978121,0.03657484962359423,101,0.09726628394751427,1,Biometric,0,Legitimate,ACC-102025
32,5.0277952417635285,128.32976712007454,0.8653809168597291,37,0.7067075004213298,0,PIN,1,Sleeper Mule,ACC-102026
1,1.1025774194754079,121.55559787928004,0.1483933410628586,107,0.09912986376026195,3,Biometric,0,Legitimate,ACC-102027
36,6.9602011526422825,17.666137885908938,0.8365367046116399,0,0.6089924399474596,6,PIN,1,Fast Burner,ACC-102028
46,5.938451351127606,9.406317788457097,0.6416227486783739,38,0.7884477807281964,3,OTP,1,Sleeper Mule,ACC-102029
3,1.4212584190399613,710.2096395419087,0.12035743288142316,85,0.10896771652026545,0,Biometric,0,Legitimate,ACC-102030
49,5.291802447639852,8.548077815291286,0.8168879009321902,2,0.8100020688249744,6,OTP,1,Fast Burner,ACC-102031
44,4.269257424215191,14.781324493869677,0.7728627034082916,0,0.6173861943539162,5,OTP,1,Fast Burner,ACC-102032
43,8.036219704381981,12.369773557855055,0.7437457539572805,2,0.8805655096949843,3,OTP,1,Fast Burner,ACC-102033
4,1.088845993021839,64.35955521738178,0.0928946523919345,78,0.125173619380578,0,Biometric,0,Legitimate,ACC-102034
4,1.3540564107764206,1804.416778557922,0.08582466355637763,65,0.0912888129907752,2,PIN,0,Legitimate,ACC-102035
32,4.727156512759572,30.321100891549797,0.6181174444528185,62,0.58899739340961,1,OTP,1,Sleeper Mule,ACC-102036
44,2.640850397814572,49.460267333424675,0.9582839029308261,2,0.8497097802263749,5,OTP,1,Fast Burner,ACC-102037
2,1.4160672050716223,344.2450992943401,0.0820275971442883,40,0.05333930911215468,0,Biometric,0,Legitimate,ACC-102038
6,1.5999631684140132,197.89633769595048,0.11213956349285321,84,0.13704601301850833,0,Biometric,0,Legitimate,ACC-102039
41,5.598243590580148,4.126256445831412,0.7371994782504654,0,0.9377582451357569,8,PIN,1,Fast Burner,ACC-102040
4,1.1256878404696509,1080.1970648064362,0.008984011048427122,66,0.007975993001473137,1,Biometric,0,Legitimate,ACC-102041
3,1.131634713485428,654.2271017157999,0.14054931489781528,57,0.14238762294521967,1,OTP,0,Legitimate,ACC-102042
47,4.8004244435333465,2.021649365428259,0.7877299122890054,0,0.9578327630637496,2,OTP,1,Fast Burner,ACC-102043
1,1.4708034428097745,405.4988445457085,0.13815133123646772,117,0.07787515333268431,1,OTP,0,Legitimate,ACC-102044
41,4.782495577606214,39.64749209990718,0.998165275233317,2,0.7002343421101686,5,PIN,1,Fast Burner,ACC-102045
3,1.3479587065469636,1640.3550072105647,0.18539471415835362,101,0.11678959192610659,1,Biometric,0,Legitimate,ACC-102046
4,1.7950120798267721,510.05640138214716,0.12187127478559848,64,0.11160646210363048,0,Biometric,0,Legitimate,ACC-102047
2,1.3697215513361853,359.7247787179198,0.13402148986888698,22,0.09229581436931386,0,Biometric,0,Legitimate,ACC-102048
53,4.327858836378395,54.79117230204836,0.849006331303036,1,0.947567028035585,2,PIN,1,Fast Burner,ACC-102049
51,6.175133417004555,66.13998580904406,0.8286518318862223,1,0.7110324751639154,6,PIN,1,Fast Burner,ACC-102050
3,1.3587899801831007,140.40440306689717,0.07014334349843317,16,0.06666621512654938,0,Biometric,0,Legitimate,ACC-102051
4,0.8871215214573787,101.0951119516849,0.04297619441855782,44,0.04901992571992107,0,PIN,0,Legitimate,ACC-102052
0,0.8146884073472404,754.726023591566,0.05829032952908149,46,0.02877071874518821,1,Biometric,0,Legitimate,ACC-102053
2,1.4536219670346167,270.78426962419803,0.11550425758248864,99,0.037798729522482095,0,Biometric,0,Legitimate,ACC-102054
5,1.3829437559624258,1262.1811399198666,0.03503330477994757,100,0.12398510766728445,0,Biometric,0,Legitimate,ACC-102055
52,7.8870795132347205,9.828118090565203,0.7990729314107587,1,0.6402177444740026,1,PIN,1,Fast Burner,ACC-102056
42,7.378850826374087,2.693826909027954,0.8717764151557467,1,0.8515222407173699,8,PIN,1,Fast Burner,ACC-102057
5,1.1032353869320135,107.49855460413745,0.12749272577552462,53,0.14143331940846063,1,Biometric,0,Legitimate,ACC-102058
3,1.0611250861541017,700.3324745460009,0.1391572612846854,24,0.13796469507201717,0,Biometric,0,Legitimate,ACC-102059
5,0.547335366903729,179.21113365276204,0.19245233302757983,23,0.1262392840200573,1,Biometric,0,Legitimate,ACC-102060
3,1.2863758863738,1851.0589145289034,0.03703033746866662,31,0.0036379404064882602,0,Biometric,0,Legitimate,ACC-102061
44,8.476195341656746,58.98885577937439,0.7712306077855269,1,0.744993826195963,5,PIN,1,Fast Burner,ACC-102062
2,1.0453695405955845,399.47850833171526,0.19412824934997763,67,0.09435921070390167,0,Biometric,0,Legitimate,ACC-102063
5,0.9484027087438245,639.5571288129421,0.12564201543324957,96,0.12976812063120158,0,Biometric,0,Legitimate,ACC-102064
4,1.0695538161401656,1011.2762453643428,0.04764281056582953,42,0.05475769040395576,1,Biometric,0,Legitimate,ACC-102065
1,1.4283522117154914,1561.7239248952899,0.049700465500454705,96,0.001681653487092044,1,PIN,0,Legitimate,ACC-102066
4,1.6443709774870783,1356.166772071875,0.0012571091737182405,57,0.02301555438135905,1,Biometric,0,Legitimate,ACC-102067
40,7.153886550628551,20.030775471818103,0.8939379604662456,2,0.8756326352946476,8,PIN,1,Fast Burner,ACC-102068
1,1.3874453469161625,375.5885020138349,0.06654231638647479,68,0.12168942745003916,0,Biometric,0,Legitimate,ACC-102069
42,6.2553971773754515,22.092653168205924,0.7631490723176757,49,0.6808893017839941,4,PIN,1,Sleeper Mule,ACC-102070
4,1.212907345504538,946.5679762179345,0.16823774101424943,9,0.05679772068785493,0,Biometric,0,Legitimate,ACC-102071
55,5.737046345908666,40.65453580427761,0.7370850504969361,0,0.909572428085792,4,OTP,1,Fast Burner,ACC-102072
45,9.052311200481148,6.826954548515231,0.8128023523389774,2,0.9122933932811417,4,PIN,1,Fast Burner,ACC-102073
1,0.8989603722602129,1796.914266261512,0.05101728622385866,104,0.0906661374512841,0,OTP,0,Legitimate,ACC-102074
5,1.0624804910361618,810.024999277601,0.03300746610401668,73,0.043112342562093016,2,PIN,0,Legitimate,ACC-102075
50,8.09779177236563,23.589151962053805,0.9983130449514872,2,0.7337405764618294,6,Biometric,1,Fast Burner,ACC-102076
2,1.6288558975577976,92.592151396128,0.19014992120845173,57,0.13004190215518205,1,Biometric,0,Legitimate,ACC-102077
30,6.226002828796503,7.360283114305621,0.8830068810050924,58,0.5578360818523009,2,OTP,1,Sleeper Mule,ACC-102078
2,1.505119663191046,161.65728669909356,0.14144122929339706,35,0.08093919806025432,0,Biometric,0,Legitimate,ACC-102079
7,0.9571299593731283,192.42448934173328,0.17407079986112994,35,0.03304664016926285,1,Biometric,0,Legitimate,ACC-102080
1,0.8860142675719493,885.9806739838481,0.09716467343026014,65,0.027090375942020777,0,Biometric,0,Legitimate,ACC-102081
4,1.1756161355959243,68.85429661309259,0.15115514782646639,33,0.07450002299402476,0,PIN,0,Legitimate,ACC-102082
2,1.3826953339477304,122.8931945242472,0.08751306502942853,8,0.14165810965894843,0,Biometric,0,Legitimate,ACC-102083
0,0.9688146149623983,1000.4002818627163,0.08338139304469533,99,0.06707301362902618,1,Biometric,0,Legitimate,ACC-102084
4,1.0235944442889098,679.2331404100369,0.13862643503872024,111,0.02820198986610075,1,Biometric,0,Legitimate,ACC-102085
4,1.4307645831687148,300.57876639331187,0.15830621423301106,35,0.12307186224928643,0,PIN,0,Legitimate,ACC-102086
42,6.310836672805549,37.96617987164526,0.9591604790414008,2,0.9362701966249081,3,PIN,1,Fast Burner,ACC-102087
3,1.2845846621427153,342.7510201666403,0.1449150115504775,23,0.01912055321778619,1,Biometric,0,Legitimate,ACC-102088
1,1.7013787380910903,803.0169894714523,0.16525827298747048,9,0.04578108939299868,0,Biometric,0,Legitimate,ACC-102089
2,1.508158436472858,662.2023862319579,0.08436734647365876,34,0.046405854369469875,1,Biometric,0,Legitimate,ACC-102090
3,1.2092548478270817,1851.0533953698416,0.047983583770904975,59,0.06182916735796415,0,Biometric,0,Legitimate,ACC-102091
2,0.8677615774116928,821.7363188328453,0.014474668603500907,32,0.047055108873766946,0,Biometric,0,Legitimate,ACC-102092
2,1.7751863905817262,380.1976476462596,0.11196736057071795,33,0.015626710876201037,0,Biometric,0,Legitimate,ACC-102093
30,6.703494690105204,9.575801904317768,0.8737371999025251,48,0.5902316133490974,1,OTP,1,Sleeper Mule,ACC-102094
1,1.1885216152607532,304.6634266234938,0.1173540784987791,95,0.044995826814000155,0,Biometric,0,Legitimate,ACC-102095
1,1.030845500442042,687.4057513401634,0.13495260827828376,112,0.004142456415739443,0,OTP,0,Legitimate,ACC-102096
5,1.4650873646912914,1124.712673788569,0.06305024860528101,99,0.11136213979238906,0,Biometric,0,Legitimate,ACC-102097
5,1.3113620290410175,341.9118013842492,0.03224736168692912,64,0.12314207361824522,0,Biometric,0,Legitimate,ACC-102098
3,1.1445374468416225,612.7475768521716,0.07463669197273635,73,0.06412344752769883,0,Biometric,0,Legitimate,ACC-102099
4,1.4270181008560283,803.3860063965208,0.02009120462270164,95,0.0589616824900048,1,Biometric,0,Legitimate,ACC-102100
36,7.272058750216383,10.865574898910452,0.7158213688867215,1,0.9761978337594056,4,OTP,1,Fast Burner,ACC-102101
53,5.8924277386819535,7.371719131874979,0.8883085741440359,2,0.9569417531079956,9,OTP,1,Fast Burner,ACC-102102
3,0.7423155209864267,452.4012327414484,0.14800110772180916,35,0.11729757803650642,1,Biometric,0,Legitimate,ACC-102103
2,1.5888770129244005,347.6588043450527,0.10875546176797708,100,0.019354334525860255,1,Biometric,0,Legitimate,ACC-102104
33,5.9335151020836525,6.004464499135043,0.7931198877387091,82,0.705016483635579,4,OTP,1,Sleeper Mule,ACC-102105
3,0.9416135692842296,257.26103992424487,0.1859863197963291,54,0.14325202244738783,1,Biometric,0,Legitimate,ACC-102106
32,4.936595668012836,5.794710973884209,0.7689086538415684,2,0.6916556821733918,5,PIN,1,Fast Burner,ACC-102107
6,1.6043034256537871,79.53011845069642,0.1732682871700781,103,0.042121882077485635,0,PIN,0,Legitimate,ACC-102108
1,1.351616703519641,285.35839078569455,0.18226163263251416,22,0.1261267408698904,0,Biometric,0,Legitimate,ACC-102109
51,5.866496313285271,6.422204110735232,0.9899156156115068,1,0.7491397634820129,3,OTP,1,Fast Burner,ACC-102110
6,1.5881259467597881,66.55542658115947,0.09551131991263602,62,0.13430278008183927,0,Biometric,0,Legitimate,ACC-102111
2,1.0132158300122043,777.823114624787,0.08727026479263784,32,0.11256462732507946,0,Biometric,0,Legitimate,ACC-102112
6,0.8943472591876045,319.5277930697431,0.03379627384443567,94,0.136414229848351,2,PIN,0,Legitimate,ACC-102113
39,6.103277429672822,10.661134769752707,0.6808658279568823,91,0.629660925065952,4,OTP,1,Sleeper Mule,ACC-102114
3,0.8456419381711505,2839.9437421345247,0.18135788077720505,38,0.04838323964192181,0,PIN,0,Legitimate,ACC-102115
0,1.2511202982186032,80.5362325315556,0.15588612156066864,51,0.010145231430186929,0,Biometric,0,Legitimate,ACC-102116
57,6.710777069093105,2.5832530058720886,0.8103948347101141,1,0.7877489571838665,4,PIN,1,Fast Burner,ACC-102117
6,1.0961687184659954,192.36938001027124,0.1920116551529547,115,0.0793265061328139,0,PIN,0,Legitimate,ACC-102118
5,1.1933074383262705,574.0679078622446,0.19686183817250713,50,0.05043392896272234,0,PIN,0,Legitimate,ACC-102119
2,1.1810707341136961,194.23185074427386,0.09151342471446029,68,0.09700150334910085,0,Biometric,0,Legitimate,ACC-102120
45,6.73562239062328,37.228445308881064,0.9345686493719039,1,0.9773010018634178,3,Biometric,1,Fast Burner,ACC-102121
5,0.8769549079118831,1069.7714561898183,0.18017471850743538,87,0.10739070373260665,1,PIN,0,Legitimate,ACC-102122
31,3.272491521894736,10.799770243518562,0.6618307895665133,87,0.7280734089959753,2,OTP,1,Sleeper Mule,ACC-102123
4,1.0675867490116113,1946.4406189628876,0.04039149487713798,11,0.11335138336081482,0,PIN,0,Legitimate,ACC-102124
3,0.5150284096154881,194.8581858671171,0.056518166507506476,21,0.06400886698100905,1,Biometric,0,Legitimate,ACC-102125
45,8.828724284509658,11.153756951022935,0.8433934439062162,1,0.6113827398767934,5,OTP,1,Fast Burner,ACC-102126
31,4.407782732108495,21.74184178289059,0.8572099043458931,113,0.7597143000773627,4,OTP,1,Sleeper Mule,ACC-102127
3,1.457511969591638,1257.4994133088614,0.021484897587415255,69,0.030637062951678506,2,Biometric,0,Legitimate,ACC-102128
42,3.4245696698575463,48.0197647610451,0.8449313545965769,115,0.7759049505804054,5,PIN,1,Sleeper Mule,ACC-102129
6,1.7457231570587415,1324.65467768224,0.11137175114745237,8,0.1394799725947454,0,Biometric,0,Legitimate,ACC-102130
40,4.066827365159241,18.32437811251343,0.8112705503666648,118,0.5416275128231843,3,OTP,1,Sleeper Mule,ACC-102131
38,6.537676781621743,19.569385612451516,0.6570576409153948,93,0.6837302256738702,3,OTP,1,Sleeper Mule,ACC-102132
4,1.8093476139219693,129.37462687099907,0.015979880190378704,76,0.061207099640180035,1,Biometric,0,Legitimate,ACC-102133
2,0.8582141522369195,452.4289805175041,0.06737570902777444,44,0.021505546754298166,1,PIN,0,Legitimate,ACC-102134
2,1.3690229852466396,89.62388889907187,0.14919336157721694,76,0.04126613857849027,0,Biometric,0,Legitimate,ACC-102135
38,6.866811802147831,3.5420845810174018,0.8070306731374208,1,0.9141771737011071,4,PIN,1,Fast Burner,ACC-102136
30,3.708219792912515,55.9571508476093,0.8870051164936319,102,0.8544042139037784,4,OTP,1,Sleeper Mule,ACC-102137
4,1.095034395263099,745.0470248339414,0.10976306603264259,74,0.13491561935920746,2,Biometric,0,Legitimate,ACC-102138
6,1.02448104858102,1640.7316369212283,0.06045998082446918,54,0.10114885866465766,0,OTP,0,Legitimate,ACC-102139
36,6.358226577257946,25.406333630186346,0.9673108201574234,0,0.9999295000787449,3,OTP,1,Fast Burner,ACC-102140
45,5.021549428320356,9.916125524626697,0.7746942951432056,0,0.7376074600615558,3,OTP,1,Fast Burner,ACC-102141
4,1.244103250083859,126.14210282678043,0.10219836999598358,89,0.04869254128457692,1,PIN,0,Legitimate,ACC-102142
48,5.84586597147711,5.364764607070979,0.7608160822277219,0,0.8825399042372806,0,OTP,1,Fast Burner,ACC-102143
43,3.449955165042475,35.47408827342294,0.8709654931462665,0,0.9235654521997796,6,PIN,1,Fast Burner,ACC-102144
5,1.0521345262848845,323.9901345225651,0.004167365252416189,107,0.1238844403938144,0,Biometric,0,Legitimate,ACC-102145
2,1.1768334865204721,231.07588878147888,0.07006437442124447,60,0.026195829710619224,0,OTP,0,Legitimate,ACC-102146
1,1.4683376529315386,423.7124597421675,0.04707700139066158,114,0.09863728302049933,1,PIN,0,Legitimate,ACC-102147
45,5.494758895347609,49.67317826256881,0.7519500841460013,1,0.6585698334116915,4,OTP,1,Fast Burner,ACC-102148
4,1.2057872641121827,192.80222103404176,0.09137981418289812,58,0.07649317590039212,1,PIN,0,Legitimate,ACC-102149
35,5.631554305263978,34.17356692208227,0.764781032519642,81,0.6718094056256255,3,OTP,1,Sleeper Mule,ACC-102150
1,1.610024021008319,195.14380971726746,0.14617881081733905,111,0.06981366206128159,1,Biometric,0,Legitimate,ACC-102151
3,0.8328765460031191,477.5755676909035,0.040069872769720564,85,0.13536187478685754,0,Biometric,0,Legitimate,ACC-102152
41,3.3824555585464178,8.041086752538266,0.7420243623701779,0,0.6344284304830708,3,OTP,1,Fast Burner,ACC-102153
6,1.09000983639932,195.0150924714976,0.14726917253786537,39,0.020683616613200322,1,OTP,0,Legitimate,ACC-102154
36,5.149224379005716,9.505066028437863,0.7479469508018463,86,0.6698234903535442,1,PIN,1,Sleeper Mule,ACC-102155
3,1.483965408427042,673.737037440516,0.07288094122724746,111,0.06532141385427304,1,OTP,0,Legitimate,ACC-102156
0,1.2369056020580267,216.69385732191404,0.1709366416185737,108,0.04247749076715241,1,Biometric,0,Legitimate,ACC-102157
1,0.48873438800806857,1279.15872981815,0.1298800934754987,36,0.12062115336219688,0,Biometric,0,Legitimate,ACC-102158
3,1.398345878598404,129.60511714125988,0.15577472965119254,34,0.10145652534823683,1,Biometric,0,Legitimate,ACC-102159
2,1.2986047048489449,384.05621155186367,0.12487855285916849,90,0.13939868978418138,1,PIN,0,Legitimate,ACC-102160
51,6.1397791016907854,36.42482063512561,0.8531813987019403,2,0.8718809291600174,3,OTP,1,Fast Burner,ACC-102161
4,1.2289131369342108,876.5984296775435,0.028338983452046353,56,0.05252495352865464,0,Biometric,0,Legitimate,ACC-102162
7,1.4877760129347113,118.76187697304354,0.003482980788245205,12,0.05979665418565847,1,Biometric,0,Legitimate,ACC-102163
2,1.1963170399493472,1219.5817684087551,0.1029626580363944,58,0.07990786069249486,0,Biometric,0,Legitimate,ACC-102164
40,6.09292484414221,5.312942433326962,0.7934789005209624,88,0.5973032789979641,3,PIN,1,Sleeper Mule,ACC-102165
2,1.2652540487816355,269.36110742225844,0.10521816755675224,92,0.031092495877361057,0,Biometric,0,Legitimate,ACC-102166
50,9.383241252548807,4.285222058227701,0.709505231662464,0,0.9778440863975079,4,OTP,1,Fast Burner,ACC-102167
36,6.061436420585187,69.13209755467135,0.6215178210519584,86,0.7365548174519628,1,OTP,1,Sleeper Mule,ACC-102168
5,1.5059785816283264,1504.765310966386,0.023586638979034902,119,0.09431596788770984,2,Biometric,0,Legitimate,ACC-102169
34,4.297534386291729,31.046427676621654,0.6233138894627406,37,0.5770886088798792,2,PIN,1,Sleeper Mule,ACC-102170
2,0.9831659233666519,519.5591251826473,0.13402135914445332,42,0.004816719341673203,0,Biometric,0,Legitimate,ACC-102171
1,1.4531854201556793,1129.1387175724635,0.09198178439103216,34,0.12933710538372595,1,Biometric,0,Legitimate,ACC-102172
4,1.3938136030286195,1835.3404443782283,0.11416816706442488,110,0.06193993477240346,0,Biometric,0,Legitimate,ACC-102173
44,8.835688957047967,11.598578933748577,0.8385375961967079,0,0.6369579652767037,8,PIN,1,Fast Burner,ACC-102174
3,0.9118940843573659,227.51661630176375,0.09072824628874171,80,0.02788617530309309,0,Biometric,0,Legitimate,ACC-102175
2,0.7514407238090532,92.52342656974926,0.017233338680283008,72,0.09921044887900513,1,Biometric,0,Legitimate,ACC-102176
3,1.3015419315936334,270.80769350562485,0.08892888286507233,46,0.01570201560566749,1,Biometric,0,Legitimate,ACC-102177
2,1.880697483497836,803.5234213206198,0.08685835388605943,83,0.05431682714713099,1,Biometric,0,Legitimate,ACC-102178
3,1.121465783297188,117.06853551012912,0.1397471410300601,51,0.02836372807556706,3,Biometric,0,Legitimate,ACC-102179
42,7.218997060497785,5.234936019707257,0.9405937717226673,1,0.965795574805571,2,PIN,1,Fast Burner,ACC-102180
1,1.497018369214908,531.9949464998838,0.15747648508316114,6,0.13341221848820514,0,Biometric,0,Legitimate,ACC-102181
4,1.1763741341266079,1195.9224353740883,0.04688029074474716,80,0.0155740629016679,1,PIN,0,Legitimate,ACC-102182
4,1.2217035651957544,115.72597654083668,0.14749529437979775,33,0.11791624466373564,0,Biometric,0,Legitimate,ACC-102183
4,2.1863283562166216,2319.5886634747217,0.17097554336151638,109,0.12419623741170568,0,Biometric,0,Legitimate,ACC-102184
57,6.724067076800954,45.4764138807409,0.9464797073010632,1,0.7052596334217075,10,PIN,1,Fast Burner,ACC-102185
1,0.7858043489669582,100.3220633085167,0.1759713537685309,23,0.058795419352487555,1,Biometric,0,Legitimate,ACC-102186
1,0.7925229041632539,514.3490597491196,0.1487766221885004,28,0.10039401374201833,0,Biometric,0,Legitimate,ACC-102187
7,1.208153150301739,217.9283291325626,0.022576763698369518,98,0.009715704072425507,0,Biometric,0,Legitimate,ACC-102188
3,1.3650385443653636,150.97844623306986,0.13151097516666777,70,0.016653892231753346,0,OTP,0,Legitimate,ACC-102189
0,1.3408789449883203,287.31682792012833,0.008720676717242526,80,0.10244255997042968,0,Biometric,0,Legitimate,ACC-102190
0,1.011570649476065,451.3290892983916,0.0923445836333382,59,0.13861351948954045,1,Biometric,0,Legitimate,ACC-102191
2,1.0511382372775477,991.5720540519851,0.119508874905444,25,0.08850389574132943,0,OTP,0,Legitimate,ACC-102192
45,5.348683917679953,7.026651025571161,0.996859967102691,1,0.6755849847967232,7,OTP,1,Fast Burner,ACC-102193
2,0.7919929271068216,92.01592494671456,0.17870415091780822,92,0.09525286051078119,0,Biometric,0,Legitimate,ACC-102194
2,0.9126216481514196,101.4146570196149,0.17648424169739008,109,0.13826866564857979,2,PIN,0,Legitimate,ACC-102195
3,1.4523123830884859,68.89434686757988,0.01978856441010468,73,0.016323585301912073,0,Biometric,0,Legitimate,ACC-102196
6,0.9889090667672311,1629.5189199916729,0.1868610537272947,108,0.09920606045630416,1,Biometric,0,Legitimate,ACC-102197
3,1.6776675220946324,212.11704693947763,0.010303045187861027,50,0.11870440177722576,1,Biometric,0,Legitimate,ACC-102198
2,1.1441555343103054,1051.4900559141174,0.036148061307844315,43,0.06072984363263991,1,PIN,0,Legitimate,ACC-102199
3,0.7817106749386746,1160.6356311627985,0.18532426971438445,20,0.09718308737599379,0,OTP,0,Legitimate,ACC-102200
7,1.1720218003374705,252.66750916455854,0.04229190187737735,94,0.001210964222676436,0,Biometric,0,Legitimate,ACC-102201
2,1.7757843900433379,597.86433420364,0.02789293091980698,84,0.05589773240521241,1,Biometric,0,Legitimate,ACC-102202
2,1.6662847324833077,1750.8752930627852,0.06814787114220258,109,0.05810170974536623,1,OTP,0,Legitimate,ACC-102203
7,1.0031895725278035,407.27967910067775,0.10073740713894677,40,0.034353886811006575,0,OTP,0,Legitimate,ACC-102204
48,5.92388729136599,22.94924947180548,0.771181992147445,1,0.955905303965562,7,OTP,1,Fast Burner,ACC-102205
4,0.36001070922192424,698.7527926074297,0.0729682122476547,78,0.05710147278622025,0,Biometric,0,Legitimate,ACC-102206
4,1.6844349762741981,351.7725519970599,0.1570186612995984,31,0.13451735529945757,0,Biometric,0,Legitimate,ACC-102207
7,1.2202410075771668,67.93290503964727,0.10079172753693569,58,0.12171678151387372,2,Biometric,0,Legitimate,ACC-102208
49,5.085843277593703,28.730901821634156,0.6969141138974255,108,0.8986974379563624,2,OTP,1,Sleeper Mule,ACC-102209
1,1.4038144119035718,299.1033906149738,0.00010199780318871366,108,0.09798693230338888,0,Biometric,0,Legitimate,ACC-102210
5,0.9266159829291124,2318.303923041409,0.05521438247317265,114,0.1078860281003616,2,Biometric,0,Legitimate,ACC-102211
3,1.4514042163608931,1719.4719852192345,0.1379509281955498,15,0.041571426236935986,1,Biometric,0,Legitimate,ACC-102212
32,5.909241009560244,77.96951781329744,0.7231195960227772,109,0.762715712021709,5,OTP,1,Sleeper Mule,ACC-102213
3,1.5828791963620663,198.4499620542875,0.11747723815176148,9,0.04025487822573694,0,Biometric,0,Legitimate,ACC-102214
45,5.344660702334474,27.688359683090024,0.8375879681819749,0,0.8855347128446382,6,PIN,1,Fast Burner,ACC-102215
58,7.479973315593357,17.56625891983749,0.8657500710936087,0,0.9553708480026811,5,PIN,1,Fast Burner,ACC-102216
39,6.082014199282944,3.8887454144449114,0.932048064063642,2,0.9183751869824031,6,OTP,1,Fast Burner,ACC-102217
4,0.9103811369601233,1108.6127478378817,0.16357503143702548,38,0.053082202703089575,0,Biometric,0,Legitimate,ACC-102218
4,1.107046529590778,1479.6741535856822,0.07538998223327792,11,0.0709366420032489,0,Biometric,0,Legitimate,ACC-102219
7,1.5513357194212711,418.80032615950347,0.05625895910564898,97,0.09348832873389522,1,PIN,0,Legitimate,ACC-102220
3,1.349165394135958,139.78163601949754,0.014322382417903646,83,0.019740832420252385,1,Biometric,0,Legitimate,ACC-102221
52,5.535553067081385,18.266814912050666,0.8244466498003861,0,0.6810240271737771,3,PIN,1,Fast Burner,ACC-102222
5,1.1226826315241114,705.3341935052696,0.000693691848699074,104,0.07847293489709038,0,Biometric,0,Legitimate,ACC-102223
4,1.1606459537205478,347.8684595580528,0.10626096039323879,102,0.13647809300972186,0,Biometric,0,Legitimate,ACC-102224
0,0.9652376141020664,234.39370393040764,0.19718076542469282,52,0.08347234591350948,4,Biometric,0,Legitimate,ACC-102225
4,1.1765007453209528,125.47554483240447,0.040380430679987846,32,0.07906328773644597,0,OTP,0,Legitimate,ACC-102226
5,1.2668148187802895,245.7710335042494,0.10896703093779886,9,0.08543563546311278,0,Biometric,0,Legitimate,ACC-102227
36,7.833223191386061,2.754524412787287,0.9278849285351769,2,0.8933506117362684,11,PIN,1,Fast Burner,ACC-102228
40,5.4276070724537435,7.469867321380729,0.8466419671265601,76,0.7879018877201587,3,OTP,1,Sleeper Mule,ACC-102229
4,1.437205863007752,102.32122843513446,0.12507847994270296,74,0.11817663953955244,0,PIN,0,Legitimate,ACC-102230
3,0.7680884110145894,112.85778889428435,0.039281193529814275,77,0.12422028507044372,1,Biometric,0,Legitimate,ACC-102231
4,0.736620081928313,1035.7199930700776,0.14749741723322993,51,0.04168571211780924,2,PIN,0,Legitimate,ACC-102232
3,0.9275538154176988,823.7484721239534,0.03507356050807547,112,0.032192765431303755,1,Biometric,0,Legitimate,ACC-102233
4,1.4593174492219994,677.4514420130821,0.0966472312490304,70,0.14581615918511692,1,Biometric,0,Legitimate,ACC-102234
4,1.1418015622300124,2000.645544477481,0.17908702015122122,58,0.022175069185317395,1,Biometric,0,Legitimate,ACC-102235
47,4.408586041749627,23.758060035675378,0.7323683564482948,1,0.8971074519691818,4,PIN,1,Fast Burner,ACC-102236
5,0.696149162125979,501.87155446543323,0.021422503063024734,24,0.002083520244940201,1,OTP,0,Legitimate,ACC-102237
2,1.3619852702265307,1133.4448878176097,0.06397060778594202,24,0.011230294413401204,1,Biometric,0,Legitimate,ACC-102238
1,1.2308895727393832,994.510032248297,0.05045472587899209,44,0.14396557716901823,1,Biometric,0,Legitimate,ACC-102239
0,0.956062771846084,121.40188224039042,0.029643821960703323,14,0.09241713537457857,1,Biometric,0,Legitimate,ACC-102240
41,7.395195587982046,10.744621056475545,0.8349213824366264,78,0.7901460444757801,4,OTP,1,Sleeper Mule,ACC-102241
4,0.816379243554223,338.6806601905342,0.09776118154698839,64,0.06522048067275338,2,Biometric,0,Legitimate,ACC-102242
4,0.8036372304431613,402.6240397891122,0.19250574131731107,95,0.025364093542741467,0,OTP,0,Legitimate,ACC-102243
54,5.134716782398948,30.93713982718386,0.8514892749108852,2,0.7115971390001081,3,PIN,1,Fast Burner,ACC-102244
5,1.5202403553212056,454.4339615697383,0.12974518069507576,29,0.09603279992869346,0,Biometric,0,Legitimate,ACC-102245
38,6.285400295342664,16.929678791620624,0.9474035304267814,0,0.9641588490753104,4,PIN,1,Fast Burner,ACC-102246
25,3.904152935562659,84.19879159664238,0.8409307359584529,115,0.6622500617851612,3,OTP,1,Sleeper Mule,ACC-102247
4,2.003888608170001,150.65901587054537,0.056454213449820094,55,0.0411343756537839,0,Biometric,0,Legitimate,ACC-102248
32,6.122678181009447,8.078784532370161,0.7734640528569346,65,0.5737164271646348,5,OTP,1,Sleeper Mule,ACC-102249
1,1.3738733541341541,100.88233790250443,0.1877576528426152,49,0.10340805743438534,0,Biometric,0,Legitimate,ACC-102250
3,1.7846889334342857,318.6626146935201,0.16050871379531134,48,0.13998550368597643,0,PIN,0,Legitimate,ACC-102251
4,1.3241262608842161,181.30458125299043,0.01807394970249563,9,0.037048349292851925,1,Biometric,0,Legitimate,ACC-102252
1,1.2594170777655451,1411.2033936453865,0.003986433423943914,31,0.0561157336683123,1,Biometric,0,Legitimate,ACC-102253
3,1.7667847362750755,263.2920386106927,0.0067688741666005695,63,0.07851580632900201,0,Biometric,0,Legitimate,ACC-102254
2,1.0803894652550432,945.0548966131356,0.0003410063004530173,54,0.009755768958178989,1,Biometric,0,Legitimate,ACC-102255
55,5.692486469285334,8.07579317121936,0.9930824050888449,0,0.836073728157988,1,PIN,1,Fast Burner,ACC-102256
4,1.4362629972980594,1830.7322397814125,0.1471248300435018,98,0.1336056041078882,2,Biometric,0,Legitimate,ACC-102257
0,1.616353791103792,403.71259469434835,0.17197495001405372,86,0.12239649984144811,1,PIN,0,Legitimate,ACC-102258
39,6.168870507151509,5.497761539426723,0.9182706784279133,2,0.6135520112591301,4,OTP,1,Fast Burner,ACC-102259
3,1.3947280153162502,289.6388694934759,0.10925476420225184,14,0.08439307518211654,0,Biometric,0,Legitimate,ACC-102260
3,1.3911357121233683,253.8880515480207,0.1423794500613371,99,0.13993126196101868,0,OTP,0,Legitimate,ACC-102261
28,6.1831842659554885,17.011131723841654,0.6805472647687817,96,0.8330542961723328,2,OTP,1,Sleeper Mule,ACC-102262
3,2.228673143402464,1313.2797259953327,0.05415905926948268,119,0.08952550679939127,0,Biometric,0,Legitimate,ACC-102263
36,5.296007251890624,24.768326278914337,0.7825501400569317,71,0.8909827509857713,5,OTP,1,Sleeper Mule,ACC-102264
38,8.20374717585495,13.133782953364948,0.7461429107448742,1,0.6579607006831396,6,PIN,1,Fast Burner,ACC-102265
24,4.923690568824151,44.8932970014865,0.6606835491992411,42,0.7735044162265683,6,PIN,1,Sleeper Mule,ACC-102266
3,1.3319528659418483,406.5571221560099,0.13185829455764284,102,0.04118470158364696,1,Biometric,0,Legitimate,ACC-102267
42,6.512452093835207,3.9133797712984966,0.7480031621088771,0,0.6688470137626068,7,PIN,1,Fast Burner,ACC-102268
5,0.9327911744213168,1335.0597911792895,0.1210850091760114,100,0.015216524556267685,1,Biometric,0,Legitimate,ACC-102269
3,1.0902657764093981,647.4937249481221,0.10640145509336128,15,0.12103697272386979,1,Biometric,0,Legitimate,ACC-102270
2,1.149368418168627,148.1540384335181,0.017784491777347512,109,0.06194498891469599,0,PIN,0,Legitimate,ACC-102271
3,0.9889030868054751,554.9787228271591,0.1716325354364715,41,0.05899752166780578,1,Biometric,0,Legitimate,ACC-102272
33,8.300923922981323,45.962052211284565,0.8088668667930614,0,0.823147671741912,7,PIN,1,Fast Burner,ACC-102273
1,1.2884492067629083,693.6449739548337,0.07981024373423083,6,0.0755663150758606,0,Biometric,0,Legitimate,ACC-102274
0,1.1760452539536612,367.73363576304627,0.11628095404273149,38,0.11407970474547018,0,Biometric,0,Legitimate,ACC-102275
1,1.301934906641769,1055.0058247477634,0.10320350868352597,116,0.03183423994282278,1,Biometric,0,Legitimate,ACC-102276
36,4.788362959699288,32.30690873242728,0.9522284613481137,1,0.6964970534551524,8,OTP,1,Fast Burner,ACC-102277
3,1.4123374842465053,126.01873001593766,0.16402881359037402,76,0.023831852129310608,0,Biometric,0,Legitimate,ACC-102278
4,1.1346147281269383,404.01679217668476,0.14974877033289666,16,0.022115465448379834,2,Biometric,0,Legitimate,ACC-102279
1,1.325673483411836,151.20072867616557,0.04709002912538862,82,0.0034719518033012485,2,Biometric,0,Legitimate,ACC-102280
39,5.709557498376653,46.41136270974958,0.632128090298733,61,0.6293504829677428,2,PIN,1,Sleeper Mule,ACC-102281
0,0.869602011369087,1665.6870237350188,0.12561090623008506,70,0.0637606118232615,0,Biometric,0,Legitimate,ACC-102282
3,0.9445148279439874,733.1427344419493,0.15340233880368428,67,0.07479900312279816,1,Biometric,0,Legitimate,ACC-102283
1,1.2503074604578683,102.98690631109876,0.19872602838507455,11,0.0958710983969132,0,OTP,0,Legitimate,ACC-102284
1,0.8593208203423427,525.1677966957263,0.028998591563950682,49,0.06252453372960673,1,OTP,0,Legitimate,ACC-102285
4,0.8246316253866972,541.0603529662421,0.07985507680311543,47,0.09309198659189608,0,Biometric,0,Legitimate,ACC-102286
4,1.256102316442416,492.9932588078395,0.15587861084884436,66,0.03651186481202046,2,Biometric,0,Legitimate,ACC-102287
5,1.145578189584843,592.4748874965618,0.09125602205472583,43,0.04502711064284805,0,Biometric,0,Legitimate,ACC-102288
3,1.2920369887384355,1071.375421336023,0.18536970863253524,99,0.031673456631102055,0,Biometric,0,Legitimate,ACC-102289
4,1.6423446022134767,186.74218930842147,0.19675242691378042,26,0.006659483875444988,0,PIN,0,Legitimate,ACC-102290
2,1.0323551124789614,109.5368797554202,0.01636378091294761,30,0.13013244910402927,0,Biometric,0,Legitimate,ACC-102291
41,7.873365109772129,17.96548543250286,0.7993120052263649,2,0.6408929429652761,2,OTP,1,Fast Burner,ACC-102292
38,6.535735719278986,18.67557771834297,0.7297568758316736,61,0.7046040783436793,2,PIN,1,Sleeper Mule,ACC-102293
6,0.9253103110924621,557.2529763472704,0.08802318151535474,64,0.00833437090764269,0,OTP,0,Legitimate,ACC-102294
42,9.675985550315774,26.20129687047752,0.7750112914848806,1,0.7851064089564681,2,PIN,1,Fast Burner,ACC-102295
5,1.371651939311239,99.29713696644885,0.063215943735901,45,0.06498848455338345,1,Biometric,0,Legitimate,ACC-102296
4,0.8902400171371767,815.9023675112693,0.19942272680254786,11,0.1246169299180378,0,Biometric,0,Legitimate,ACC-102297
2,1.0605230956905838,134.61037957125365,0.11246957778706401,16,0.14441680315277494,1,OTP,0,Legitimate,ACC-102298
31,3.941742124205489,8.756668379869565,0.7026112257024141,61,0.8111676881710046,3,OTP,1,Sleeper Mule,ACC-102299
41,6.2274178328199605,21.560012439195535,0.8371397934737898,0,0.9759341699393296,3,PIN,1,Fast Burner,ACC-102300
4,1.4176770526446965,1976.1493926158735,0.11176016687079926,33,0.04581769100318895,2,Biometric,0,Legitimate,ACC-102301
51,5.521318544622826,22.502380849153496,0.8191227864061081,1,0.6796523680789887,1,PIN,1,Fast Burner,ACC-102302
37,6.20636238950775,4.73223180244143,0.7275686095801914,0,0.7543702273271031,4,PIN,1,Fast Burner,ACC-102303
41,6.657389606906303,22.70540765961694,0.8802513504448254,2,0.8009004229645554,3,OTP,1,Fast Burner,ACC-102304
2,1.2570632878028527,742.757268564853,0.13947670481752936,15,0.022491198341375186,0,Biometric,0,Legitimate,ACC-102305
4,1.267057128762461,71.66675413168605,0.00802701008698854,96,0.1201631775023863,1,Biometric,0,Legitimate,ACC-102306
39,6.2305943628666585,28.665761552734057,0.8336949403973177,0,0.8518220567760153,7,OTP,1,Fast Burner,ACC-102307
4,1.4741134957027773,847.4753358222468,0.018832761770565965,98,0.05120838019808303,0,Biometric,0,Legitimate,ACC-102308
50,3.499826261539647,14.534803193723635,0.9408753678880665,1,0.8440546196123812,4,PIN,1,Fast Burner,ACC-102309
51,7.3816992460881945,9.445575735657123,0.9428920648968804,1,0.8401417764747452,7,OTP,1,Fast Burner,ACC-102310
0,1.1705906786160636,633.7673644171161,0.07655811758357667,42,0.00897127130284942,1,PIN,0,Legitimate,ACC-102311
1,0.7166991696344498,125.28834200298292,0.15489619169087349,89,0.06218243297219432,0,PIN,0,Legitimate,ACC-102312
31,4.474191831904638,18.083681361594145,0.7426568566708793,60,0.8366459212652184,3,OTP,1,Sleeper Mule,ACC-102313
2,1.0291109770360867,863.9166085104132,0.15584134805364572,105,0.14705868068896136,0,Biometric,0,Legitimate,ACC-102314
39,7.785897545023344,20.165015945086694,0.784033108954667,0,0.6367014408544586,6,OTP,1,Fast Burner,ACC-102315
1,1.4100665733846867,205.8661608457792,0.05418432226201058,38,0.012450629621789217,0,Biometric,0,Legitimate,ACC-102316
2,1.1993261394728636,688.6334098899594,0.0944367213268935,46,0.12675730693011458,0,Biometric,0,Legitimate,ACC-102317
1,0.6561816104780571,175.83765067778492,0.05952228494428522,7,0.021789167156224618,0,Biometric,0,Legitimate,ACC-102318
36,7.08669224837202,21.856663791054885,0.8709224733598496,0,0.7725666904832266,1,Biometric,1,Fast Burner,ACC-102319
4,1.1368927188669264,245.75662421800547,0.10783817414450635,64,0.11748167330685771,0,Biometric,0,Legitimate,ACC-102320
3,1.5401065494295527,486.19548796565164,0.061858675603488726,53,0.016885310463975782,1,Biometric,0,Legitimate,ACC-102321
6,1.2085697288332757,496.14802488532496,0.03543308425295453,79,0.021829419257215116,0,Biometric,0,Legitimate,ACC-102322
4,1.7244406717572853,503.2958706863537,0.18306578893313008,90,0.04228227468490336,0,Biometric,0,Legitimate,ACC-102323
2,1.1051110390905465,279.7553950406858,0.03667676669874762,17,0.029903920436703712,1,Biometric,0,Legitimate,ACC-102324
40,7.8467341159850585,18.222739587610217,0.926374935252537,1,0.6828377368663227,3,OTP,1,Fast Burner,ACC-102325
30,4.62262904342339,15.597976262381525,0.8564564208634351,98,0.588383617503511,4,PIN,1,Sleeper Mule,ACC-102326
1,0.9240305488661539,771.7263200918873,0.13385804763063722,117,0.0014681833059307925,1,Biometric,0,Legitimate,ACC-102327
48,4.8445714403814595,8.930711525163009,0.9724207133153627,2,0.878798928351641,8,PIN,1,Fast Burner,ACC-102328
52,4.951099536356482,21.696802697586083,0.9214907411806796,1,0.9462126579509245,3,OTP,1,Fast Burner,ACC-102329
58,7.2551760791404,29.25442392946706,0.7919230150859774,0,0.7473800468363768,4,OTP,1,Fast Burner,ACC-102330
30,3.8484603440095784,10.711174287986495,0.8747367448494905,114,0.830179069002567,4,OTP,1,Sleeper Mule,ACC-102331
4,1.1674150035184971,94.44569580155189,0.007669810185081461,99,0.09494797053429081,1,Biometric,0,Legitimate,ACC-102332
0,1.0945019448497355,443.2865683587044,0.034833536184224266,115,0.11430652618274821,0,PIN,0,Legitimate,ACC-102333
3,1.064587430675597,549.110914308854,0.05116460500960838,72,0.08274784857288536,0,OTP,0,Legitimate,ACC-102334
38,7.564009371708568,37.2495419997781,0.8273918827016005,1,0.7446697057854318,5,OTP,1,Fast Burner,ACC-102335
5,1.7033052272699427,207.45229552241508,0.1748877570321488,77,0.037766389834075494,1,Biometric,0,Legitimate,ACC-102336
48,6.678731252008749,6.302605396723489,0.9444030789895812,0,0.791985374889465,2,OTP,1,Fast Burner,ACC-102337
2,1.1968330695357439,1197.301119485517,0.01997347058439798,90,0.09294745222774727,0,PIN,0,Legitimate,ACC-102338
61,8.548139857879058,20.521567637563624,0.7216744787883079,0,0.6881503944083557,6,OTP,1,Fast Burner,ACC-102339
4,1.0702796438166116,757.323448373735,0.12203660216736341,37,0.0201416950292975,1,OTP,0,Legitimate,ACC-102340
5,0.6645184401383686,1823.7349465453174,0.0059168367276027705,47,0.026337556927387016,3,Biometric,0,Legitimate,ACC-102341
6,1.2610446010356862,778.6246387939029,0.001977573003384148,41,0.04294052771093821,2,OTP,0,Legitimate,ACC-102342
0,1.2468272215370557,730.7963453212902,0.040991532446456126,64,0.011719656440858373,2,Biometric,0,Legitimate,ACC-102343
24,5.66981729086471,6.313894133375403,0.8411393687180624,108,0.5437597952879314,3,OTP,1,Sleeper Mule,ACC-102344
1,0.9275799087720104,505.4977535334353,0.15815536171451583,80,0.04416936960175829,0,PIN,0,Legitimate,ACC-102345
4,0.7712199360986565,221.63263486503075,0.12596022154438632,45,0.07321583878032357,1,PIN,0,Legitimate,ACC-102346
36,5.086379216477427,13.392912407426364,0.858180893963437,89,0.5184268533723866,2,PIN,1,Sleeper Mule,ACC-102347
3,1.5579726825424294,233.65299216980148,0.1933299993364225,45,0.08193187492151695,1,Biometric,0,Legitimate,ACC-102348
44,7.816627159435833,17.164710777136328,0.748180353781475,0,0.7736728762958653,6,PIN,1,Fast Burner,ACC-102349
4,1.2221660808373662,534.2278192369834,0.06582308257896545,108,0.06447858435262385,0,PIN,0,Legitimate,ACC-102350
59,4.785278325730049,4.371688644268506,0.7173466747657963,2,0.8254657922783093,6,PIN,1,Fast Burner,ACC-102351
2,0.9418428396056282,652.452035522125,0.1811096563207832,60,0.029836768681221773,1,Biometric,0,Legitimate,ACC-102352
1,1.191835760286643,303.52434124328386,0.012904482219528958,73,0.008758857063644526,0,Biometric,0,Legitimate,ACC-102353
51,6.199693604660572,15.350958084300974,0.7457542849898624,1,0.7024740461143275,10,OTP,1,Fast Burner,ACC-102354
6,1.1976874045553267,784.602858840317,0.1094037229553404,97,0.05028718513968377,2,Biometric,0,Legitimate,ACC-102355
54,5.665696690256387,4.0799827251944105,0.870007607332377,2,0.9181695242238814,3,PIN,1,Fast Burner,ACC-102356
52,7.167360756098167,17.938427308555752,0.830659748344735,1,0.9698917995614023,5,OTP,1,Fast Burner,ACC-102357
3,1.3359822126399528,79.41860337718586,0.15837037255102612,7,0.062153917695138165,0,Biometric,0,Legitimate,ACC-102358
2,1.35778325418744,805.3037343777352,0.021347336402919505,38,0.02982310362761312,1,OTP,0,Legitimate,ACC-102359
3,1.0209038906863404,287.6170431084714,0.05805132808717213,73,0.07609196468238434,1,Biometric,0,Legitimate,ACC-102360
2,0.8387010518463118,662.4959822707879,0.030622706181146687,21,0.07267069865660368,0,OTP,0,Legitimate,ACC-102361
2,1.4153216119976937,388.4664215695586,0.1296221175581944,111,0.03830151542257362,0,PIN,0,Legitimate,ACC-102362
41,6.460178417943734,29.688113707771194,0.8685031436277745,0,0.6472486819464512,7,PIN,1,Fast Burner,ACC-102363
0,1.195522388267112,100.44885670821357,0.1044345608968676,43,0.027777515715171553,1,Biometric,0,Legitimate,ACC-102364
3,1.3401272831980724,528.3365844300745,0.16371005023888824,42,0.07814941889787254,1,OTP,0,Legitimate,ACC-102365
6,1.3965234052891577,79.91885330182915,0.08712237156444479,10,0.0032041610776736063,1,Biometric,0,Legitimate,ACC-102366
0,0.9068783561575796,401.2700992364245,0.0171070718598924,95,0.08607281400506199,1,Biometric,0,Legitimate,ACC-102367
4,1.4761528725197035,704.3347158687292,0.012363138768890792,118,0.10429540660223964,1,PIN,0,Legitimate,ACC-102368
4,1.4476671224608695,827.3077887516055,0.10905242544937147,14,0.08544269513786401,0,Biometric,0,Legitimate,ACC-102369
1,1.2541488168234243,228.71395146171506,0.14788257787959233,33,0.05064835697863854,1,Biometric,0,Legitimate,ACC-102370
4,1.7204288379370731,715.4752659900516,0.06527484106367547,48,0.07519675498125307,0,OTP,0,Legitimate,ACC-102371
48,7.846517572831712,3.7410474749893106,0.785888923915623,2,0.6568119246197646,2,OTP,1,Fast Burner,ACC-102372
2,1.3002826398229563,218.57519768305178,0.16067551428758425,94,0.051558708574224066,0,Biometric,0,Legitimate,ACC-102373
1,0.9286798493007391,828.5497264185699,0.068913645891755,84,0.10199641052416047,0,Biometric,0,Legitimate,ACC-102374
37,5.170732578271547,93.02036596041238,0.6397948162271887,93,0.7004631574397999,3,OTP,1,Sleeper Mule,ACC-102375
6,1.1489328624086461,130.54801023549305,0.08377464533907049,115,0.0519271388114553,0,OTP,0,Legitimate,ACC-102376
3,1.11177170748341,98.25180757255995,0.1254447165815966,88,0.06586253640449752,2,Biometric,0,Legitimate,ACC-102377
2,1.8471647662343211,364.6784979969536,0.002888420847029094,114,0.058186894558069274,0,Biometric,0,Legitimate,ACC-102378
1,1.632033036020752,1252.2585164575312,0.018838491416627436,118,0.049618173031050934,1,Biometric,0,Legitimate,ACC-102379
37,5.204528585200984,20.230024527798946,0.7310980581765792,98,0.839486551236762,1,PIN,1,Sleeper Mule,ACC-102380
4,1.392815145789445,1191.124025946573,0.06103876688799053,23,0.017085857336446252,0,Biometric,0,Legitimate,ACC-102381
2,1.0954716149125217,219.38336155053156,0.09824691376637702,25,0.08980053862604456,0,Biometric,0,Legitimate,ACC-102382
3,0.6850507268568402,320.9108493243609,0.02125897209992829,87,0.14724708548554122,1,PIN,0,Legitimate,ACC-102383
4,1.3080049395714675,876.4106976017736,0.1715547191938228,26,0.07657784215948499,0,Biometric,0,Legitimate,ACC-102384
2,1.5098922704742093,728.3135920111915,0.1940203528663123,47,0.0034321911029525807,0,OTP,0,Legitimate,ACC-102385
4,1.223209119085229,931.2956529426413,0.08980584911718742,18,0.06698357355511138,0,PIN,0,Legitimate,ACC-102386
3,1.2490283461158393,948.9483682015444,0.18549225604868536,80,0.09318598392140533,1,Biometric,0,Legitimate,ACC-102387
2,0.2752313474570287,156.37441245368092,0.12804384087340104,30,0.057343618278115786,0,Biometric,0,Legitimate,ACC-102388
3,1.0230722277998594,61.8053754050988,0.18929456585948937,49,0.09152563764629776,2,Biometric,0,Legitimate,ACC-102389
2,1.4352854259791255,270.71633940988625,0.16888222978853268,110,0.0022363183324527747,2,Biometric,0,Legitimate,ACC-102390
24,4.463671810914921,7.273602328827003,0.7946092377828166,64,0.6720991306925493,4,OTP,1,Sleeper Mule,ACC-102391
4,0.5310970077810057,262.72091556346913,0.10127231192610167,114,0.013687204034850353,1,PIN,0,Legitimate,ACC-102392
38,8.355923579210401,3.697214832195131,0.7069049774063596,2,0.6528763595175701,7,OTP,1,Fast Burner,ACC-102393
40,8.1255259321997,22.489536022818648,0.7768753477511785,1,0.9458103609511274,4,PIN,1,Fast Burner,ACC-102394
46,5.94072084303351,14.83119910617721,0.8446834082068195,0,0.9251598277085659,4,OTP,1,Fast Burner,ACC-102395
2,1.3087629273278885,187.68000229184764,0.18271251116786058,20,0.09917027203775246,1,PIN,0,Legitimate,ACC-102396
42,7.469669642313383,23.193343009968267,0.8433421327371504,56,0.5457556971252673,6,OTP,1,Sleeper Mule,ACC-102397
0,0.8761578241276364,238.83142067704057,0.10561428234736098,42,0.012784299063740739,0,OTP,0,Legitimate,ACC-102398
4,1.3080392853832687,1275.5960857799278,0.0879926299015384,48,0.09137756935325979,0,Biometric,0,Legitimate,ACC-102399
46,5.358215408837298,15.12395127603339,0.9731429089672521,0,0.9047802374029925,6,OTP,1,Fast Burner,ACC-102400
1,1.6905021497194257,321.2569961161059,0.1941973303807214,98,0.12823663355981532,0,PIN,0,Legitimate,ACC-102401
5,1.0733982309872758,329.81425693103307,0.14904557616621456,73,0.12910657849454826,0,PIN,0,Legitimate,ACC-102402
2,1.2304967284698087,400.8424880745789,0.12280308297891705,81,0.04489801637088542,1,PIN,0,Legitimate,ACC-102403
5,1.3293851450658896,921.8309113279674,0.07147373582982375,11,0.14819568318320278,1,Biometric,0,Legitimate,ACC-102404
4,1.458025520322846,89.08525517259349,0.1780095819747882,23,0.015546121274858382,1,Biometric,0,Legitimate,ACC-102405
32,5.275141038437116,7.824224539260656,0.8505494564704952,2,0.9338166061907476,4,OTP,1,Fast Burner,ACC-102406
4,0.9319257096065967,678.1924163910971,0.11228980346220092,52,0.0904404101363307,0,Biometric,0,Legitimate,ACC-102407
5,1.2119720083559282,373.61678698770675,0.11133811628206187,79,0.08684544960243686,0,Biometric,0,Legitimate,ACC-102408
1,1.3378726464933195,756.5707953500976,0.0022108797394019054,71,0.01748161167229781,0,Biometric,0,Legitimate,ACC-102409
36,5.087253672124531,8.509591754682631,0.8976766177361993,1,0.9040230141941261,7,PIN,1,Fast Burner,ACC-102410
2,1.2556189969403284,266.88193759608953,0.05268868149750819,35,0.025072031248966446,1,Biometric,0,Legitimate,ACC-102411
4,1.0850715236520618,538.3422364816473,0.08583050091037954,31,0.13846416688255378,0,Biometric,0,Legitimate,ACC-102412
5,1.5538273404421283,595.3232992252352,0.16367691127189032,91,0.03219122875975525,0,Biometric,0,Legitimate,ACC-102413
1,0.6061217172442415,119.5035848160643,0.04435510195617814,8,0.023990896415934604,0,OTP,0,Legitimate,ACC-102414
1,1.436182887936874,76.38576932662679,0.0013840191169653517,62,0.1462345033133463,2,Biometric,0,Legitimate,ACC-102415
2,1.7034166801357786,83.75777666958393,0.07519733381408106,100,0.11102592603550678,0,Biometric,0,Legitimate,ACC-102416
37,6.358761720620924,3.020014064875957,0.936147952085971,0,0.7075620305327563,17,OTP,1,Fast Burner,ACC-102417
6,1.0799827698352422,267.4321255965904,0.05729296342900436,17,0.08767458959680008,0,PIN,0,Legitimate,ACC-102418
3,1.0751054227967916,461.68836444952007,0.17391394898852922,55,0.01044117505847389,1,Biometric,0,Legitimate,ACC-102419
2,0.7417257175932723,4670.079252403727,0.13595131753647438,72,0.10782260203908971,0,Biometric,0,Legitimate,ACC-102420
3,1.4726290434373075,84.85641351528172,0.14502788051916665,103,0.08991806599801198,0,Biometric,0,Legitimate,ACC-102421
1,1.0530167937078112,877.3230035635402,0.17423928744368147,30,0.03458200203324777,1,Biometric,0,Legitimate,ACC-102422
40,5.184150634345057,5.0220101699747755,0.717523414235296,1,0.6596905926212652,4,OTP,1,Fast Burner,ACC-102423
2,1.043440345034476,269.0275451518718,0.13604841690338615,94,0.09538662914500547,1,Biometric,0,Legitimate,ACC-102424
2,1.2723129833586335,435.9341768995321,0.09165309647936166,90,0.02675670587154654,0,Biometric,0,Legitimate,ACC-102425
3,0.8699572751186893,561.2256257519133,0.11760954366912756,107,0.1417848487304375,0,Biometric,0,Legitimate,ACC-102426
5,1.4203277558429002,635.5872114590811,0.17311501253942418,81,0.07180203813002621,0,Biometric,0,Legitimate,ACC-102427
49,9.613094113465252,43.651281461930814,0.8622229141431548,0,0.9764115546021475,7,OTP,1,Fast Burner,ACC-102428
2,0.8200383513165084,984.5543237896854,0.19004492111868648,77,0.007146141511910692,0,PIN,0,Legitimate,ACC-102429
28,4.044662922427722,16.36852943169798,0.8994709331692525,90,0.8881542158763028,3,OTP,1,Sleeper Mule,ACC-102430
7,1.2888601330064513,1499.461157740832,0.18832618390000447,15,0.039100259350141185,1,PIN,0,Legitimate,ACC-102431
1,1.4426965827687026,194.91058999125738,0.15785259939825702,37,0.03352054885133675,0,Biometric,0,Legitimate,ACC-102432
5,1.7827731536491895,407.9182772679768,0.06770273775413145,13,0.1413559307253772,1,Biometric,0,Legitimate,ACC-102433
5,1.2980732592717525,267.5125840118156,0.021626394467875024,39,0.019067845355956282,0,Biometric,0,Legitimate,ACC-102434
49,8.277895152706883,4.138250526854682,0.8808597925673377,0,0.6928216345451836,4,OTP,1,Fast Burner,ACC-102435
5,1.8511356536833667,191.20975838090243,0.1767770926478308,66,0.14154900387052105,0,Biometric,0,Legitimate,ACC-102436
0,0.9690878702286434,348.11427836611233,0.19747204090706685,77,0.10900645288959267,1,Biometric,0,Legitimate,ACC-102437
5,1.5197891159195478,564.8216373938305,0.026205701162459794,61,0.018870193800011027,1,PIN,0,Legitimate,ACC-102438
1,0.8862915087366263,616.3502577490534,0.15021293662648635,43,0.09367298341614311,0,Biometric,0,Legitimate,ACC-102439
3,1.1314917622027083,676.7563076102598,0.06522646540323317,83,0.12010235346396217,0,PIN,0,Legitimate,ACC-102440
4,0.7646342351220192,154.8909732057998,0.18332467473562253,82,0.05973154629511526,0,Biometric,0,Legitimate,ACC-102441
3,1.1759751005252723,239.5944486725018,0.023203702255827907,39,0.1261585404046132,0,Biometric,0,Legitimate,ACC-102442
4,1.363096238484182,382.6394884263452,0.023876700771734673,31,0.04341262851306004,1,Biometric,0,Legitimate,ACC-102443
35,4.5473968730880685,30.48312397407799,0.7703934706892246,1,0.7962619609811684,2,PIN,1,Fast Burner,ACC-102444
46,8.216275905509848,47.37501421435309,0.8984567653501725,1,0.8643954780579248,6,PIN,1,Fast Burner,ACC-102445
1,1.2508209224736209,800.9763970777101,0.18953145339381908,114,0.07002353166109793,1,Biometric,0,Legitimate,ACC-102446
3,1.0640221422158873,459.81431852999214,0.04952922340913111,15,0.043098809910884425,1,Biometric,0,Legitimate,ACC-102447
3,0.956349158482101,494.4257680100764,0.001812619637328883,96,0.04368915591918402,4,Biometric,0,Legitimate,ACC-102448
0,1.0732294742936344,3486.1423017525744,0.1190019555036802,26,0.08965252538006342,1,Biometric,0,Legitimate,ACC-102449
1,1.1086132054935793,1864.5853624975848,0.1878495445750218,35,0.09063298201392773,1,Biometric,0,Legitimate,ACC-102450
2,1.4283577118104525,241.23533167163052,0.04600576597581201,11,0.008596956977899866,0,PIN,0,Legitimate,ACC-102451
1,1.4476243793469254,1215.2179157189325,0.11466515277781271,98,0.05011176625036759,1,OTP,0,Legitimate,ACC-102452
1,0.8130971706116832,637.1510968226584,0.04607353268496322,65,0.056239357703899324,0,PIN,0,Legitimate,ACC-102453
2,1.5278877332690004,1933.5854158503396,0.15431403409690672,19,0.09146888659367343,0,Biometric,0,Legitimate,ACC-102454
2,1.2315227913624884,408.8589343980628,0.005498666325514013,49,0.0930572924648448,0,PIN,0,Legitimate,ACC-102455
6,1.2581396141301275,707.7564621361211,0.09089270136829392,63,0.09246192301397475,0,Biometric,0,Legitimate,ACC-102456
0,0.8503675421336829,294.20194837066464,0.1613623367496144,48,0.008854006623063447,0,PIN,0,Legitimate,ACC-102457
3,1.0938627806573058,800.3068405003983,0.043563303857041505,93,0.06365868127086406,3,Biometric,0,Legitimate,ACC-102458
5,1.5777851134308505,942.5264150913684,0.10044759473764563,10,0.09624667456368304,1,OTP,0,Legitimate,ACC-102459
45,5.90764253483829,18.588081796216656,0.9362223777641223,2,0.8942153984599791,3,PIN,1,Fast Burner,ACC-102460
1,0.820436389200541,992.9466717289965,0.014563093915684444,10,0.06375994952265915,0,Biometric,0,Legitimate,ACC-102461
34,6.412441832354129,15.330546253928677,0.9539029864477245,0,0.8544605631769384,6,OTP,1,Fast Burner,ACC-102462
2,1.1958413596487185,587.9320855002426,0.11642153663604447,75,0.10182816657510939,0,Biometric,0,Legitimate,ACC-102463
1,1.3709629127938567,404.5677468283118,0.0976124919826944,26,0.12049693683108308,0,Biometric,0,Legitimate,ACC-102464
44,5.203335106017578,34.91029768767485,0.7930700657658093,112,0.5502019241458542,3,PIN,1,Sleeper Mule,ACC-102465
4,0.9695234038824689,323.7553013395517,0.0435098860028716,115,0.009003390168691266,2,PIN,0,Legitimate,ACC-102466
30,2.86874174584795,9.279858847724292,0.6132727371293468,77,0.7081975780662224,0,PIN,1,Sleeper Mule,ACC-102467
3,1.2691624760552187,527.5186286955629,0.1985309494505432,39,0.10360197932737451,1,Biometric,0,Legitimate,ACC-102468
2,1.3378425176907027,358.1359650085162,0.03880598964792084,23,0.12570534027722619,1,OTP,0,Legitimate,ACC-102469
43,4.920100363584267,2.088515971245435,0.8341639726537632,2,0.9875179386631691,5,OTP,1,Fast Burner,ACC-102470
5,1.3520929037484424,137.09330184841227,0.0609626269228871,64,0.14280538645174315,0,Biometric,0,Legitimate,ACC-102471
37,5.972068902340985,8.1272054980509,0.9738897127557538,0,0.9276237149555283,2,PIN,1,Fast Burner,ACC-102472
6,0.8134945742387876,396.1286323188019,0.14503183025996594,53,0.09059184451944757,4,PIN,0,Legitimate,ACC-102473
45,4.66383735315895,13.379504216273773,0.8032403873022524,0,0.7048987535551402,4,PIN,1,Fast Burner,ACC-102474
2,1.5014465075273737,237.86373731433144,0.061819097739941854,73,0.12537912167788215,0,Biometric,0,Legitimate,ACC-102475
26,4.35161605398969,12.553888318863585,0.6986839013911403,58,0.5597079167828314,2,OTP,1,Sleeper Mule,ACC-102476
4,0.8514746099470766,398.0999438761513,0.02962824354447513,105,0.04452879374490107,0,Biometric,0,Legitimate,ACC-102477
3,1.0485853614494545,701.8241113420129,0.006887193929304436,61,0.1226232340786465,1,Biometric,0,Legitimate,ACC-102478
39,7.7557609805157215,7.382872767739963,0.7971967109558019,2,0.7321513322857033,2,OTP,1,Fast Burner,ACC-102479
1,1.6392603817570761,90.35098528736015,0.14379574943537995,16,0.08260540169716439,3,Biometric,0,Legitimate,ACC-102480
2,1.7564962072441967,274.70279056508053,0.18630392551938357,86,0.03903283984872855,0,PIN,0,Legitimate,ACC-102481
50,5.435622756745133,11.748227508027675,0.9449101612951493,0,0.6010081200301183,2,OTP,1,Fast Burner,ACC-102482
3,1.3265906464300372,656.2375676292864,0.019191705972634865,17,0.026615517641012387,0,Biometric,0,Legitimate,ACC-102483
7,0.4834405612566942,68.28631422716128,0.14798174231777658,109,0.04366573582907624,2,Biometric,0,Legitimate,ACC-102484
3,1.6402127964983033,1085.7267031112885,0.0979772880579539,116,0.1331960914445064,1,Biometric,0,Legitimate,ACC-102485
4,1.075940622357201,430.74932219842003,0.12404096638817184,103,0.022054641078072423,0,Biometric,0,Legitimate,ACC-102486
2,0.8115204343979219,729.9846344056742,0.00968464528345383,36,0.10930630569024737,0,PIN,0,Legitimate,ACC-102487
2,1.2345456943321427,472.07274710339385,0.032108017320351956,88,0.08690746256871106,0,Biometric,0,Legitimate,ACC-102488
4,1.1086625936555312,297.43232594725725,0.19658104657193798,32,0.11877415813974453,0,PIN,0,Legitimate,ACC-102489
2,1.0229334101083096,463.1410903270174,0.008667746660495945,13,0.09301710182529378,0,PIN,0,Legitimate,ACC-102490
2,1.1754377468427482,234.7263534854264,0.12290373593496998,47,0.060561119475222976,2,Biometric,0,Legitimate,ACC-102491
4,0.8272740978502764,276.79181368974037,0.19596203477787102,46,0.021834337159293535,0,Biometric,0,Legitimate,ACC-102492
29,4.677993855046251,14.744290087275854,0.7628421538315519,117,0.5504062936198221,3,OTP,1,Sleeper Mule,ACC-102493
7,0.6411409240646292,1549.4676022332208,0.10795289742949904,52,0.11381113364237788,0,Biometric,0,Legitimate,ACC-102494
5,1.150127378303751,957.6078392958685,0.08191227205868877,17,0.14956732075681523,0,OTP,0,Legitimate,ACC-102495
3,1.3619171039214921,243.54664281744542,0.06721020925011852,78,0.07764819182750589,0,Biometric,0,Legitimate,ACC-102496
52,7.503231462418988,65.99692387437209,0.928506013891224,0,0.7714755118449574,6,PIN,1,Fast Burner,ACC-102497
38,7.471802373133435,34.38370395356435,0.8376040836664831,0,0.8029777298153193,7,Biometric,1,Fast Burner,ACC-102498
3,1.2846001627663532,468.0828038490363,0.12927861030161564,84,0.06440472305837655,0,Biometric,0,Legitimate,ACC-102499
2,1.251920294571166,293.96063521925214,0.0821058227893432,53,0.03295526703969181,1,Biometric,0,Legitimate,ACC-102500
2,0.9070723380805205,405.8892069555267,0.12638485628562482,85,0.12768665750453775,1,PIN,0,Legitimate,ACC-102501
5,0.5958525731156766,322.56615214110246,0.08800829353084046,88,0.07160460365763048,0,Biometric,0,Legitimate,ACC-102502
33,2.7125274900282323,25.950170368722702,0.7556558405014329,37,0.7587492737783759,5,OTP,1,Sleeper Mule,ACC-102503
2,1.3854867909932123,271.4873513776492,0.08165867875784322,23,0.12414977505787314,0,Biometric,0,Legitimate,ACC-102504
2,1.4327025898847068,223.7574835589213,0.06261359786251337,98,0.13150660239896325,0,Biometric,0,Legitimate,ACC-102505
34,4.386811909780491,104.0687495428298,0.6842289671654272,91,0.7534342184406062,5,OTP,1,Sleeper Mule,ACC-102506
1,1.2373128366902788,1626.3580028500837,0.011760906777660951,97,0.046810952744313364,0,OTP,0,Legitimate,ACC-102507
4,1.7413232480095275,471.1703641494213,0.10713302158668055,103,0.011531731992318777,0,Biometric,0,Legitimate,ACC-102508
1,1.3836470420866656,310.66132253957926,0.14280975987649666,34,0.08103136168528634,0,Biometric,0,Legitimate,ACC-102509
2,0.9233342168595855,107.7778002373469,0.1104739643218254,75,0.042976692884955446,1,PIN,0,Legitimate,ACC-102510
39,8.038072982958274,12.872116857945672,0.899785204342987,1,0.7215845486813897,3,OTP,1,Fast Burner,ACC-102511
6,1.1734181680954172,1039.633775039192,0.15602676983901842,80,0.12378275346044126,0,Biometric,0,Legitimate,ACC-102512
2,0.9822245742018664,755.9032934964509,0.039438538474408216,87,0.09882643499482525,0,Biometric,0,Legitimate,ACC-102513
1,1.3010709791929846,449.68087345973686,0.15748172568618038,108,0.04181741188096957,1,Biometric,0,Legitimate,ACC-102514
3,0.5884660425353482,1070.343365703533,0.09108992892802803,84,0.11050937231001084,0,Biometric,0,Legitimate,ACC-102515
59,5.638620844190928,19.93056231790384,0.7190164754377256,2,0.6773512713306921,2,PIN,1,Fast Burner,ACC-102516
6,1.3129165685667599,374.09851872412236,0.05859594410088653,72,0.10171192652863968,1,PIN,0,Legitimate,ACC-102517
50,7.195357550697901,7.756551081476663,0.8601770340973219,0,0.6324056578743495,1,OTP,1,Fast Burner,ACC-102518
2,1.5624969857841697,1404.0136363346617,0.05610090167549813,76,0.12375000435233487,0,Biometric,0,Legitimate,ACC-102519
5,0.9522692713595525,969.5106314107769,0.07999891936189996,56,0.04955557099032226,0,Biometric,0,Legitimate,ACC-102520
29,7.290468619310963,54.27380283743158,0.6079246961115148,95,0.8654760694146997,3,PIN,1,Sleeper Mule,ACC-102521
46,9.205901888676518,19.936083471849127,0.9913705019841226,0,0.6729465808053356,3,OTP,1,Fast Burner,ACC-102522
0,1.2460585371751052,176.7772703301529,0.03536347155595856,51,0.07430697259289706,0,Biometric,0,Legitimate,ACC-102523
44,6.919678873808953,7.308890241845933,0.9159848310362634,0,0.7397436558277507,3,OTP,1,Fast Burner,ACC-102524
2,1.5825741038765917,278.5288668189809,0.07741108252041731,65,0.05936759207871242,0,PIN,0,Legitimate,ACC-102525
44,6.985171723667528,51.371294162533516,0.9373516099902901,1,0.9316610640297689,5,PIN,1,Fast Burner,ACC-102526
4,0.8687563630008243,93.59916649886186,0.0495088574036092,84,0.11295614944739056,0,Biometric,0,Legitimate,ACC-102527
2,1.3359118969716177,631.5236391170962,0.03186214710500299,60,0.11514517232342482,0,OTP,0,Legitimate,ACC-102528
35,2.673717018773876,105.90179687649301,0.6255078805059676,54,0.7116477871644691,2,OTP,1,Sleeper Mule,ACC-102529
28,4.618745486593974,12.954651106458455,0.8945517983280056,93,0.5891796157418132,0,OTP,1,Sleeper Mule,ACC-102530
4,1.386830737568265,644.7528295436335,0.17375148632101117,62,0.03543906103119553,0,Biometric,0,Legitimate,ACC-102531
2,0.8531617898546904,1016.9643783119121,0.00907545055606449,31,0.08599886840260353,0,PIN,0,Legitimate,ACC-102532
4,1.438706106036716,226.98049985174205,0.04264085655218981,99,0.13529016375693076,1,Biometric,0,Legitimate,ACC-102533
1,1.0453592180748421,448.3811898262553,0.18712387126573143,35,0.11007328306044488,0,Biometric,0,Legitimate,ACC-102534
3,1.3044285875362034,105.86161864696092,0.10346689969589905,24,0.10835988733373515,0,Biometric,0,Legitimate,ACC-102535
1,1.0502394005172209,1358.153298265559,0.11936564427304806,75,0.038814220895033565,1,Biometric,0,Legitimate,ACC-102536
3,1.074673462523755,203.93034896834433,0.13893442169581066,89,0.03945378493268509,0,PIN,0,Legitimate,ACC-102537
2,0.8454013434306527,879.2681516723561,0.08571852141903427,93,0.09751658995921518,0,Biometric,0,Legitimate,ACC-102538
41,7.540648801601521,12.179020848732263,0.9109200631803444,0,0.9118810608215201,4,PIN,1,Fast Burner,ACC-102539
43,4.115980946275677,2.8088647685240167,0.7648029801091181,0,0.9883211953674166,5,OTP,1,Fast Burner,ACC-102540
52,8.473450782023747,17.940761868090817,0.7048171414690072,1,0.6925779873463777,4,OTP,1,Fast Burner,ACC-102541
2,0.8073947607032583,388.05269941905675,0.03458216059810444,118,0.10432968727677484,0,Biometric,0,Legitimate,ACC-102542
4,1.1765672969661631,528.3261714503337,0.0756943529627307,116,0.00968101567230531,0,OTP,0,Legitimate,ACC-102543
1,1.0215981038513493,88.63775826020535,0.019407155701985014,27,0.012410109515178274,1,Biometric,0,Legitimate,ACC-102544
6,1.3938960489407475,340.33369462633794,0.055764027249339335,50,0.10128294713094478,0,Biometric,0,Legitimate,ACC-102545
2,1.0284291450570229,2962.393062767755,0.183565410751439,97,0.08107554074967628,1,Biometric,0,Legitimate,ACC-102546
4,1.3022593797744664,97.63959614084894,0.14119515502498065,60,0.1091964483618582,0,Biometric,0,Legitimate,ACC-102547
46,2.125336722906802,13.906608770197709,0.9758821967573171,1,0.9186473138909457,5,PIN,1,Fast Burner,ACC-102548
48,6.593355157340569,9.59175244665279,0.9428026524925048,2,0.7949319022996916,5,OTP,1,Fast Burner,ACC-102549
50,5.702525328022784,18.29768571808677,0.9657354557058067,0,0.7473814022908805,4,PIN,1,Fast Burner,ACC-102550
4,0.995594518069437,1138.112678026491,0.1964596872640839,36,0.10551867646645051,1,Biometric,0,Legitimate,ACC-102551
3,1.4453976297772009,564.591066019366,0.13381908897105144,79,0.04966121080472647,0,OTP,0,Legitimate,ACC-102552
5,1.4832644520755442,386.23527834050225,0.02948275329688548,90,0.13812931379193824,0,PIN,0,Legitimate,ACC-102553
4,1.5919662203203502,526.1405819076404,0.19764954647918187,110,0.14076994710283147,0,PIN,0,Legitimate,ACC-102554
42,5.015768908707435,51.04836733732505,0.7803402741061204,115,0.8119896199115724,3,PIN,1,Sleeper Mule,ACC-102555
43,8.60044299973475,14.457372607930937,0.9844371345326233,0,0.9767876742863507,8,Biometric,1,Fast Burner,ACC-102556
42,5.204635088517181,25.764099166147265,0.8448401574407344,0,0.6703834952231283,4,OTP,1,Fast Burner,ACC-102557
3,1.0866030762044347,247.65101413413169,0.18309572057394297,19,0.12218427473994871,0,PIN,0,Legitimate,ACC-102558
4,1.9322771896369604,204.51227243196405,0.015463758571561527,64,0.10802804014787562,0,Biometric,0,Legitimate,ACC-102559
2,1.41535386869888,504.43263229724135,0.1340819553202237,75,0.10022256481743119,0,Biometric,0,Legitimate,ACC-102560
44,3.778923623830948,13.840269691947643,0.9051912358443651,2,0.7322009401078404,4,PIN,1,Fast Burner,ACC-102561
54,4.237784661586627,4.128704083891829,0.8000535534095228,1,0.6868678627978455,6,Biometric,1,Fast Burner,ACC-102562
2,0.9194751490717359,1792.6678137762192,0.18568414218878526,97,0.13103013015979728,2,Biometric,0,Legitimate,ACC-102563
2,1.0475204561750038,1314.7073340597503,0.10517370564565354,39,0.03429286446605382,1,PIN,0,Legitimate,ACC-102564
3,1.3048090660447138,833.3947351948133,0.1994764987650739,98,0.08543364970168825,2,PIN,0,Legitimate,ACC-102565
1,1.1098291828244253,349.1015267943275,0.19084777266365874,14,0.04571427018400501,0,Biometric,0,Legitimate,ACC-102566
35,4.6057744189997445,57.48152254362376,0.6757691266529693,65,0.5281426784051755,5,PIN,1,Sleeper Mule,ACC-102567
50,4.728795377529323,4.623056340616282,0.9964659484936593,0,0.637161350277685,4,PIN,1,Fast Burner,ACC-102568
5,1.2620032885617347,305.8448069127022,0.15558866056548518,88,0.14408440524385127,0,Biometric,0,Legitimate,ACC-102569
37,3.920356674378917,2.232342926855135,0.7539167235736446,1,0.7021842461366741,2,OTP,1,Fast Burner,ACC-102570
43,6.310635094069371,28.559035490357974,0.7302629970584273,1,0.8580973369466942,4,OTP,1,Fast Burner,ACC-102571
2,0.8493057269362501,249.74718048809117,0.17457429562458443,42,0.07835459217628542,1,Biometric,0,Legitimate,ACC-102572
3,0.693936914588084,299.53925823730617,0.09149339846058208,79,0.09332978785126043,0,Biometric,0,Legitimate,ACC-102573
5,1.6905143011858375,87.1090904816794,0.0787220683889244,92,0.07793790794506857,0,Biometric,0,Legitimate,ACC-102574
4,1.3887256227042,67.45704348948185,0.13216351669196788,115,0.03284676764763573,1,Biometric,0,Legitimate,ACC-102575
2,0.8834937733868446,282.7401608218786,0.09339165970908217,48,0.026348354023674376,1,Biometric,0,Legitimate,ACC-102576
25,6.57092902502363,12.933390610411841,0.720121592213965,77,0.7794501709538533,2,OTP,1,Sleeper Mule,ACC-102577
4,0.7696257417286954,1392.0030206826755,0.13108550022062082,42,0.13342385185711325,1,Biometric,0,Legitimate,ACC-102578
54,5.219180498270342,22.184818041960476,0.916118088818722,1,0.6346716168588812,4,OTP,1,Fast Burner,ACC-102579
1,1.4563313253421668,167.894418879506,0.04987092602506909,100,0.06293986382649595,0,PIN,0,Legitimate,ACC-102580
36,4.80358753057933,12.241304693928349,0.6865079298230727,117,0.8070274760013583,3,PIN,1,Sleeper Mule,ACC-102581
43,4.902725246205742,48.54037062225306,0.9717433247149859,0,0.9441063076507186,8,OTP,1,Fast Burner,ACC-102582
42,6.1509791720608185,2.532092870991282,0.7473566309196044,1,0.8896693182177768,4,OTP,1,Fast Burner,ACC-102583
3,1.1599829033665132,252.71061032052066,0.1714780339174363,55,0.14429144505791044,0,PIN,0,Legitimate,ACC-102584
3,1.1751339048375404,1141.6923102662356,0.022068445557755445,109,0.12332570111382217,0,PIN,0,Legitimate,ACC-102585
4,1.7442758483100822,2304.6714505664936,0.09862176964964893,92,0.13121569988423945,2,Biometric,0,Legitimate,ACC-102586
1,0.8155527081393527,406.13609288002107,0.0038831119753131253,32,0.02190155506660114,1,OTP,0,Legitimate,ACC-102587
2,0.6109924070203439,510.677357305148,0.07728967489086898,97,0.0616536600998089,0,Biometric,0,Legitimate,ACC-102588
43,5.269971554321744,29.235550858934896,0.8932007801949003,0,0.9490308242935159,5,Biometric,1,Fast Burner,ACC-102589
6,1.0083044837799966,75.55145072714093,0.1726608572870787,90,0.13999515723527917,2,Biometric,0,Legitimate,ACC-102590
3,0.9705452315075691,372.12303867814677,0.046036698266800305,114,0.035584834476537056,1,PIN,0,Legitimate,ACC-102591
39,6.467656490368153,31.787078028299945,0.7666599811280937,1,0.6871779603606136,5,PIN,1,Fast Burner,ACC-102592
39,8.202974633805622,10.267555569218862,0.7958354505138248,0,0.977112470612139,4,PIN,1,Fast Burner,ACC-102593
1,0.8468905105640787,2197.879750346504,0.1720411274413453,68,0.021521586644676037,0,Biometric,0,Legitimate,ACC-102594
35,3.209333924742465,7.8345624169323,0.6858843283181535,36,0.7074154334579343,3,OTP,1,Sleeper Mule,ACC-102595
28,7.180226789489434,41.18682323756428,0.8340333048692923,84,0.5457908367445896,6,OTP,1,Sleeper Mule,ACC-102596
0,1.4103393602138754,138.2735981604186,0.14322220711785022,113,0.10115453727971332,1,Biometric,0,Legitimate,ACC-102597
1,1.0647646520719602,707.0667691718699,0.18315843130939738,67,0.02240299663363075,0,Biometric,0,Legitimate,ACC-102598
35,3.6146325909749843,29.82800987147251,0.7771122963540266,96,0.5868281730459299,2,PIN,1,Sleeper Mule,ACC-102599
1,1.3948814595338657,1863.5819929314255,0.04147559608726834,41,0.10254370349867249,1,Biometric,0,Legitimate,ACC-102600
1,1.0976086456019822,351.159999166872,0.16802263284008997,110,0.08469391968201241,1,Biometric,0,Legitimate,ACC-102601
6,0.7733824508496207,197.41961432078736,0.17146692898457538,33,0.02108398451545031,0,OTP,0,Legitimate,ACC-102602
4,0.4892927065256245,655.1905481842881,0.13632131803366185,37,0.1260207246584924,1,PIN,0,Legitimate,ACC-102603
58,7.528517547529807,34.060302941408715,0.9744724512028853,0,0.9071200693393244,4,PIN,1,Fast Burner,ACC-102604
1,1.1805385676839917,202.3013283260402,0.15230146193530475,102,0.0901683588037554,0,Biometric,0,Legitimate,ACC-102605
4,1.3766495854625842,785.3380209186357,0.12368869438673538,40,0.047963568292314504,0,Biometric,0,Legitimate,ACC-102606
4,0.7477503250194748,385.2022645868813,0.08917546838296855,42,0.0641565176203182,0,Biometric,0,Legitimate,ACC-102607
3,1.7344199149802573,80.84532404999948,0.15982887779433275,24,0.04199089658456989,0,Biometric,0,Legitimate,ACC-102608
49,4.58948355584849,7.335743653777459,0.7552999536165053,1,0.6379722118662491,5,PIN,1,Fast Burner,ACC-102609
3,1.0631494957559822,352.95032153007764,0.026289203329642487,41,0.1372997375352775,1,Biometric,0,Legitimate,ACC-102610
3,1.0073302564668032,305.45845830221765,0.03522822677483533,112,0.004556081815735574,0,OTP,0,Legitimate,ACC-102611
3,0.7858941193760445,210.33330770036721,0.03454620818954892,84,0.13144680743743237,1,Biometric,0,Legitimate,ACC-102612
0,0.846990544268728,182.5572678759973,0.09300883071165822,76,0.1446747787295911,0,Biometric,0,Legitimate,ACC-102613
2,1.6298964830128733,124.12397973129146,0.0035383846242296626,39,0.00758680277501062,0,Biometric,0,Legitimate,ACC-102614
5,1.0492240458282944,547.3411769115086,0.10811893079234978,84,0.017563075103226706,1,Biometric,0,Legitimate,ACC-102615
27,4.815376912474607,14.685599080238493,0.8292378118149863,46,0.6764910278835539,3,OTP,1,Sleeper Mule,ACC-102616
3,1.0359484634415652,376.0837825355869,0.009135147713270642,104,0.14388568570251015,0,Biometric,0,Legitimate,ACC-102617
0,0.7339631599010203,1418.2854847609913,0.1102376719082296,63,0.08430317734562807,0,Biometric,0,Legitimate,ACC-102618
50,6.381141810743016,29.294469333693225,0.9005779398984274,1,0.9369462571423187,6,OTP,1,Fast Burner,ACC-102619
3,1.3961677830813073,832.948063829491,0.13457876079785777,110,0.011779153738767494,0,PIN,0,Legitimate,ACC-102620
5,1.8315259918003506,210.13379964191196,0.1951304262782543,55,0.061228767265803195,0,OTP,0,Legitimate,ACC-102621
30,5.051299415036701,23.962200207480144,0.7364171792525159,47,0.7800863289039096,3,OTP,1,Sleeper Mule,ACC-102622
50,5.66677254749602,2.9098945624270396,0.8100552710154574,2,0.6791491872182536,4,PIN,1,Fast Burner,ACC-102623
2,1.402699335977093,210.99787874011287,0.1433098136046584,36,0.0971878570740205,0,OTP,0,Legitimate,ACC-102624
3,1.2734691905138187,1365.5448380854405,0.06066707647899743,102,0.05079929193547087,1,Biometric,0,Legitimate,ACC-102625
53,6.272260591839132,65.27816891436964,0.9759471506245183,2,0.8850775621410247,3,OTP,1,Fast Burner,ACC-102626
3,1.3319009166819071,1129.3825642290053,0.11818979203032026,28,0.1050687414644655,0,Biometric,0,Legitimate,ACC-102627
1,0.9912957767500454,251.03897090376287,0.07809568810522134,48,0.05057475192853377,2,Biometric,0,Legitimate,ACC-102628
4,1.7690666243616242,414.3649454143385,0.038614454759346266,85,0.0517544434517588,1,Biometric,0,Legitimate,ACC-102629
3,1.1003181896249734,70.4913474105033,0.172966762915297,57,0.13336063882322458,1,PIN,0,Legitimate,ACC-102630
3,0.9306174043079308,244.34154791360228,0.13669983089327561,107,0.09012635694831357,0,PIN,0,Legitimate,ACC-102631
3,1.1597406932143641,797.8474339302142,0.08520101588326885,21,0.12565107279132126,0,Biometric,0,Legitimate,ACC-102632
3,1.004761903479462,590.5394630009433,0.004172294527481801,20,0.07803668499152913,0,PIN,0,Legitimate,ACC-102633
1,1.3516616630709624,303.41148480414734,0.09520883657752029,85,0.10008105825323242,1,OTP,0,Legitimate,ACC-102634
43,4.931376327171816,23.627182307907173,0.6095045394647239,80,0.598422732719204,3,OTP,1,Sleeper Mule,ACC-102635
3,1.0352284040062274,708.1638595701577,0.07957160364745122,102,0.060827526573959206,0,Biometric,0,Legitimate,ACC-102636
5,1.333167851712866,571.7866406400914,0.08535918721263192,102,0.1190166063973051,1,OTP,0,Legitimate,ACC-102637
5,1.6811598201803597,447.5850291310606,0.15487207723631763,72,0.0426517652917406,0,Biometric,0,Legitimate,ACC-102638
43,6.165706263352871,29.854848752240283,0.7345593977785274,49,0.8152705870961288,4,OTP,1,Sleeper Mule,ACC-102639
3,1.0595626398611429,848.6210637722738,0.03782586736514133,106,0.007210966880109015,0,PIN,0,Legitimate,ACC-102640
2,0.818328711830411,755.2927350826641,0.18981736316387465,103,0.02656808935486573,0,PIN,0,Legitimate,ACC-102641
5,0.8045723892613483,204.7211227414602,0.16860287096899254,18,0.1270948850169301,1,Biometric,0,Legitimate,ACC-102642
30,2.7583146508101444,5.0754601845888425,0.8430999605756437,75,0.8942901012852221,1,OTP,1,Sleeper Mule,ACC-102643
4,1.7588279059140846,2109.6317783240734,0.0033734363469717366,52,0.09922080834074404,1,Biometric,0,Legitimate,ACC-102644
7,1.145757766473832,574.6541812688931,0.1812321269063787,47,0.13544694735845234,0,Biometric,0,Legitimate,ACC-102645
1,0.941566971160714,704.3242461806785,0.08146875043403745,22,0.0555902104771474,0,PIN,0,Legitimate,ACC-102646
43,5.4277065290392335,21.58188912812093,0.7255715185501923,1,0.6831285349047753,3,OTP,1,Fast Burner,ACC-102647
2,1.4161917694071802,512.4967467144077,0.15930841320592917,93,0.09736554522968996,0,Biometric,0,Legitimate,ACC-102648
3,1.415523509332989,1400.747930746135,0.19558000945723775,95,0.1316803510365769,0,Biometric,0,Legitimate,ACC-102649
48,7.905463752521156,2.3029486509887027,0.8935342702540509,0,0.8880133862300222,4,PIN,1,Fast Burner,ACC-102650
3,1.4602183478993926,2679.093959728137,0.10305592482241709,102,0.07491730789884642,2,Biometric,0,Legitimate,ACC-102651
4,1.579656876425562,152.02564267979832,0.06737923706295457,63,0.13071056871392442,0,Biometric,0,Legitimate,ACC-102652
4,0.7548062821597747,272.94162287418504,0.1839804251319795,49,0.13718605199813905,0,PIN,0,Legitimate,ACC-102653
2,0.8755046711207817,523.0799920435961,0.12496845951955748,71,0.051233681469897964,0,PIN,0,Legitimate,ACC-102654
2,0.779983038850986,1853.6799382990678,0.06630884073908028,23,0.07907727545206505,1,OTP,0,Legitimate,ACC-102655
2,1.3418860694139814,228.51461211451164,0.10102248421393799,58,0.14029032616431475,1,Biometric,0,Legitimate,ACC-102656
54,4.307845770480495,23.746802839400342,0.803429172943872,0,0.8500644467068725,7,OTP,1,Fast Burner,ACC-102657
3,1.5554231696120042,977.5631481814964,0.16481752243414877,113,0.1347906094883859,1,Biometric,0,Legitimate,ACC-102658
3,0.6762092902575054,527.5862089309849,0.07772261217860817,48,0.029928396135184374,1,Biometric,0,Legitimate,ACC-102659
36,6.734716866337285,88.98204012982664,0.7220040996526987,92,0.6704692625362665,4,OTP,1,Sleeper Mule,ACC-102660
4,1.3820190007560318,1626.574139938956,0.03323818392310236,69,0.11413236510467675,1,Biometric,0,Legitimate,ACC-102661
3,1.3346828154578991,478.427895403225,0.0924319427249263,14,0.021338586745622307,0,PIN,0,Legitimate,ACC-102662
2,0.8310350654140377,184.2179906424297,0.1624790483492094,112,0.12964121405110626,1,Biometric,0,Legitimate,ACC-102663
6,0.8845357324979517,79.50772250555066,0.09777862857274851,31,0.03907536771810977,1,PIN,0,Legitimate,ACC-102664
47,8.57517144532504,16.00918437100836,0.7725875381610081,0,0.8193985378824545,6,PIN,1,Fast Burner,ACC-102665
32,4.44169760009262,9.15475072862185,0.7508181767079637,1,0.7394996120960523,4,OTP,1,Fast Burner,ACC-102666
4,1.6423492102711543,577.0841100297303,0.06435938171752176,67,0.0015357003863993078,2,Biometric,0,Legitimate,ACC-102667
5,1.4883280371696248,751.3603001081939,0.12305882381770805,50,0.13203600686931824,2,Biometric,0,Legitimate,ACC-102668
5,1.5537789475737687,649.5514553376617,0.15907566226607195,18,0.12364348132866783,0,PIN,0,Legitimate,ACC-102669
48,5.362881875321598,3.2054702972836715,0.848420622220651,0,0.8871630265435536,2,PIN,1,Fast Burner,ACC-102670
6,1.1331755360543936,166.68501451601804,0.0437135573225044,25,0.0283636566538354,1,Biometric,0,Legitimate,ACC-102671
4,1.2016373532843942,2203.3530082578127,0.01959381807901346,71,0.14248614139964313,0,Biometric,0,Legitimate,ACC-102672
44,6.8912541017860605,36.67838630822741,0.8669785638432137,1,0.7910805979138739,5,OTP,1,Fast Burner,ACC-102673
2,1.6757037519302276,350.23429180979934,0.07688364134595367,55,0.017430579449597566,0,Biometric,0,Legitimate,ACC-102674
3,1.550187215215134,501.92383857848944,0.021387212699148783,101,0.0824758681726093,3,Biometric,0,Legitimate,ACC-102675
5,1.1710038271145577,253.46770784258493,0.13262574764883744,31,0.0760398155093977,0,OTP,0,Legitimate,ACC-102676
4,0.950613631355433,83.08008546596957,0.15220412084308937,29,0.08032791298664103,0,Biometric,0,Legitimate,ACC-102677
4,1.2981225654159922,86.36351507556915,0.07438589110657082,65,0.1421202255566041,0,OTP,0,Legitimate,ACC-102678
4,0.35394935332779276,296.6711372703477,0.11264666174870142,105,0.14916385333412666,1,Biometric,0,Legitimate,ACC-102679
57,6.031035191161794,5.0866841314176146,0.9551577054429625,0,0.6586752310121852,1,OTP,1,Fast Burner,ACC-102680
3,1.6038310271587441,117.50837095103074,0.15724364612852085,103,0.11614369355717402,0,Biometric,0,Legitimate,ACC-102681
5,1.4427932711793903,1227.2429813097854,0.010472074838881507,101,0.12279224126379631,1,Biometric,0,Legitimate,ACC-102682
3,1.2888400769656814,358.67719595134463,0.06430994160254243,93,0.002776106227560199,0,PIN,0,Legitimate,ACC-102683
2,0.8788595270939786,659.6838885643749,0.06060934966371732,79,0.027990932649304568,0,Biometric,0,Legitimate,ACC-102684
2,1.4607093826592519,897.6020585843344,0.04761743640891452,118,0.1030269806057589,1,Biometric,0,Legitimate,ACC-102685
45,3.850240571341174,23.484663586510464,0.9301777157927971,0,0.9195959546517395,10,PIN,1,Fast Burner,ACC-102686
1,1.322583224269175,366.01348131122194,0.1715534185732817,61,0.02390975110086463,0,Biometric,0,Legitimate,ACC-102687
2,1.2784875790742312,156.3238520169478,0.06150055489268602,16,0.023811319346608288,0,Biometric,0,Legitimate,ACC-102688
26,4.774658710857113,30.142837165121527,0.6096593927835916,101,0.8239766831956168,3,OTP,1,Sleeper Mule,ACC-102689
32,6.558013731394722,41.71227590108673,0.8305750754050079,50,0.575657053090615,3,OTP,1,Sleeper Mule,ACC-102690
0,0.920650421766912,66.51065133095905,0.09653048366257536,66,0.044042517098591034,0,Biometric,0,Legitimate,ACC-102691
4,1.883306677809279,324.08222784658443,0.04801917925569752,110,0.1382813880746745,0,PIN,0,Legitimate,ACC-102692
43,7.912363434890083,5.0637990516654385,0.8323260917368198,1,0.6543764441959539,2,OTP,1,Fast Burner,ACC-102693
36,5.634360048441112,2.5250387955663296,0.7582725020196134,2,0.6965187116547623,7,OTP,1,Fast Burner,ACC-102694
4,0.765785599961073,757.2578878730508,0.13445473080494735,51,0.1229120256809993,0,Biometric,0,Legitimate,ACC-102695
44,6.210488744623145,3.6336922569471994,0.8460375522150028,2,0.9933415124535147,6,PIN,1,Fast Burner,ACC-102696
45,3.2405612782543995,6.572414887715527,0.710484694117141,1,0.9575136157187853,7,OTP,1,Fast Burner,ACC-102697
0,0.49322432252030335,1078.034356559539,0.0680572934196794,76,0.13486460942126138,0,Biometric,0,Legitimate,ACC-102698
49,8.054774209563643,8.219195500263751,0.813913550670766,0,0.908699576781278,4,OTP,1,Fast Burner,ACC-102699
2,1.0849565943228339,261.05608674082487,0.10392141909446924,90,0.04898367272509658,0,Biometric,0,Legitimate,ACC-102700
4,1.6426362393126883,942.0579619635226,0.18417231303630877,86,0.08712483888778817,0,PIN,0,Legitimate,ACC-102701
41,6.774871829567877,2.3468151791489897,0.9521242154214888,0,0.6716908622420188,6,OTP,1,Fast Burner,ACC-102702
37,5.060313879819066,5.256436335270688,0.6749946497750923,71,0.5712740792248205,6,OTP,1,Sleeper Mule,ACC-102703
0,1.3686276786247853,446.0028866680448,0.0022233564668747265,71,0.14270793276007165,0,Biometric,0,Legitimate,ACC-102704
1,1.0331506291734,539.154292405186,0.03239658538596486,35,0.09149650826027401,0,PIN,0,Legitimate,ACC-102705
3,1.06978999370292,1204.3993203511473,0.12728900556975142,71,0.014736976132786782,0,Biometric,0,Legitimate,ACC-102706
3,1.4379787487865092,327.54478794734644,0.19711492598086924,76,0.13490016850997028,0,Biometric,0,Legitimate,ACC-102707
4,1.102278332045214,511.71846019296896,0.022932641228392073,52,0.09627911681445298,0,Biometric,0,Legitimate,ACC-102708
1,1.0535076639865524,61.24928621742512,0.19322326449855098,37,0.019813056783327742,0,Biometric,0,Legitimate,ACC-102709
3,1.1455017218442585,461.32885429233033,0.17747310312059353,37,0.0321518340095511,1,Biometric,0,Legitimate,ACC-102710
3,1.4732721105101247,343.999692716261,0.19751076577231308,61,0.10422841196839792,1,Biometric,0,Legitimate,ACC-102711
2,2.08357388698053,507.140857566293,0.028429274091303358,32,0.07251653976218597,0,OTP,0,Legitimate,ACC-102712
2,1.472259690237809,572.42976213753,0.07320010955010413,93,0.033473659260438986,0,OTP,0,Legitimate,ACC-102713
6,1.0800531949213596,2980.1478875615344,0.1758602093178718,70,0.12357247157508681,1,PIN,0,Legitimate,ACC-102714
40,7.447617210629311,41.97336713933044,0.8416965423171563,2,0.6334857634279221,7,PIN,1,Fast Burner,ACC-102715
4,1.00298688006706,605.6465282769194,0.148150760258393,101,0.1258296346546874,0,OTP,0,Legitimate,ACC-102716
3,1.4889679601681818,140.0322287638807,0.07645940299219248,10,0.014120964100453298,1,Biometric,0,Legitimate,ACC-102717
1,1.7349343559977517,363.75990753800625,0.037514631563751344,44,0.0944069504425357,0,PIN,0,Legitimate,ACC-102718
3,0.9610162291116063,1222.0773693537913,0.11231514732520687,96,0.029545215463406476,1,OTP,0,Legitimate,ACC-102719
4,1.16916976155372,2885.908133559658,0.06569978393956553,12,0.1157180779706819,1,PIN,0,Legitimate,ACC-102720
39,4.823911546756119,75.64837830683457,0.8484110288887659,101,0.5608177467258662,5,PIN,1,Sleeper Mule,ACC-102721
1,1.194498580009887,84.87143350110942,0.11056800175281056,94,0.10462320848969361,0,Biometric,0,Legitimate,ACC-102722
4,1.4103766918330107,333.71174509680725,0.0011683200243020498,61,0.05243371687665426,1,PIN,0,Legitimate,ACC-102723
2,1.1845256228353265,757.5721350495041,0.13376011980668023,77,0.12632626718166842,1,Biometric,0,Legitimate,ACC-102724
2,1.2292252029192938,227.87304856125593,0.10173492641798768,112,0.0648840450779015,2,Biometric,0,Legitimate,ACC-102725
1,1.2643389802402654,141.24244119369052,0.060784736722653276,88,0.10773664049214753,1,PIN,0,Legitimate,ACC-102726
2,1.339279122970738,1240.0254602030789,0.10854447338765097,46,0.11576705284274441,1,PIN,0,Legitimate,ACC-102727
1,1.0670343922716912,218.11743363991891,0.13805252183708025,112,0.054002843732261434,1,Biometric,0,Legitimate,ACC-102728
50,6.093902435125571,3.4200513989821104,0.77646155839229,2,0.9932798571086978,8,PIN,1,Fast Burner,ACC-102729
31,5.046064134458996,5.244419824336455,0.8896258639635206,74,0.8357238713769306,3,PIN,1,Sleeper Mule,ACC-102730
3,1.4552948035520294,931.0170916499554,0.096224804673943,83,0.030968235756405903,1,PIN,0,Legitimate,ACC-102731
5,1.1844244923671816,460.3241277000842,0.00838713311977375,45,0.07133381071877047,4,Biometric,0,Legitimate,ACC-102732
42,5.082512164719562,15.110647839889678,0.9893202105221748,0,0.8726629811704686,0,OTP,1,Fast Burner,ACC-102733
54,4.48595040472581,94.06076969273215,0.88760645448312,0,0.7968607876494906,6,PIN,1,Fast Burner,ACC-102734
31,6.816339177615932,27.355130099991342,0.876816888286672,60,0.6855230006972449,2,PIN,1,Sleeper Mule,ACC-102735
4,1.7341915798433125,457.83750973992625,0.14645185650169132,30,0.13422658686919514,2,OTP,0,Legitimate,ACC-102736
44,7.486837538601799,62.50944047166464,0.7599047183775866,2,0.826511161846665,7,OTP,1,Fast Burner,ACC-102737
0,1.1068112280489357,83.97258818406925,0.14287303238946572,86,0.09292433744915242,0,Biometric,0,Legitimate,ACC-102738
42,9.543662374084235,7.202190384926953,0.8442861467750338,0,0.8138994489066035,8,OTP,1,Fast Burner,ACC-102739
2,1.4975561101523573,452.29840526542944,0.01628817346438658,47,0.007018777615191185,0,Biometric,0,Legitimate,ACC-102740
4,1.1844906181874304,428.69396095252523,0.1030373917745232,83,0.039078479616862505,1,Biometric,0,Legitimate,ACC-102741
36,6.581795818018788,9.376558127252018,0.8527042874341217,0,0.8171277313336336,7,OTP,1,Fast Burner,ACC-102742
50,3.7838550182880986,5.942207245024242,0.9691272282258385,2,0.6349924755108568,3,OTP,1,Fast Burner,ACC-102743
45,5.161782037882048,22.303499882278732,0.8910161570310624,47,0.6285289776860509,0,OTP,1,Sleeper Mule,ACC-102744
35,6.627689435698379,12.975374745464043,0.9543861347041755,2,0.8739696912595709,5,OTP,1,Fast Burner,ACC-102745
2,0.9385228586794716,345.40805179325326,0.03683770510467428,24,0.1095118539742524,0,OTP,0,Legitimate,ACC-102746
1,1.1788618978602012,126.60787553785495,0.05182402085428457,93,0.12545340708406816,1,PIN,0,Legitimate,ACC-102747
43,5.67135826408749,44.67104491976474,0.790384197939842,110,0.8079563096455595,1,OTP,1,Sleeper Mule,ACC-102748
3,1.132727713335544,658.5974317557786,0.1321615885855057,87,0.13451755410189142,0,PIN,0,Legitimate,ACC-102749
24,5.875093340562003,7.989038582094778,0.8585305942724073,83,0.6392078083067704,4,OTP,1,Sleeper Mule,ACC-102750
7,1.4038119511722362,367.44948315934187,0.0892668051441276,7,0.08380909030886391,1,Biometric,0,Legitimate,ACC-102751
42,5.93087076931371,17.841774655834296,0.764916101992615,2,0.7411869946248009,5,OTP,1,Fast Burner,ACC-102752
42,4.187430774562968,43.14078596191231,0.820653992425272,82,0.7836314829385191,4,OTP,1,Sleeper Mule,ACC-102753
1,1.3919212520096684,538.3206112196632,0.12382293906068419,70,0.10122786220790238,2,Biometric,0,Legitimate,ACC-102754
31,2.7256140322198235,28.486668659923136,0.6635163642627303,92,0.6166922682358973,3,PIN,1,Sleeper Mule,ACC-102755
4,1.1785242921318362,198.936514042643,0.08579082244650882,84,0.06352314175685639,1,PIN,0,Legitimate,ACC-102756
3,0.8445144176321775,275.51572884820513,0.13214579402983487,38,0.11918013038491869,0,Biometric,0,Legitimate,ACC-102757
5,1.394874399493852,785.0612547759307,0.09217799392554334,60,0.0541745103406649,0,Biometric,0,Legitimate,ACC-102758
4,1.3877796287918707,90.20881871908738,0.1841232168451291,66,0.06892984095389894,1,Biometric,0,Legitimate,ACC-102759
2,1.6449776654569772,421.02762499835165,0.06881548750205475,30,0.039876830071462824,0,Biometric,0,Legitimate,ACC-102760
2,1.5521526061100106,177.52484433236987,0.17222383367255423,89,0.10821066200759318,0,Biometric,0,Legitimate,ACC-102761
1,0.8736487356859141,199.94963108487119,0.001137644705875407,48,0.12530240692627398,0,Biometric,0,Legitimate,ACC-102762
41,6.625004980159299,6.4798027871181185,0.9028537283395287,2,0.6766707425384636,6,PIN,1,Fast Burner,ACC-102763
58,6.087192251887169,3.504459244956313,0.9823170729765189,1,0.6462151692825167,5,PIN,1,Fast Burner,ACC-102764
4,1.154075848655579,79.91966521329664,0.09017484628044797,76,0.046229114048918,1,OTP,0,Legitimate,ACC-102765
4,1.870628230427088,1794.8420623116026,0.08623269862696036,57,0.06036706907545673,1,OTP,0,Legitimate,ACC-102766
44,5.045844323950112,8.37998592566315,0.7473615142283228,0,0.6639806315753177,4,PIN,1,Fast Burner,ACC-102767
2,0.7484802429288886,1568.6356933050938,0.03996945181711267,64,0.06347622771495844,2,Biometric,0,Legitimate,ACC-102768
4,1.141282506274835,173.90374399557584,0.044999735403514235,100,0.04633464034431061,1,Biometric,0,Legitimate,ACC-102769
4,0.639307777251937,298.84878510534077,0.1401398642204112,22,0.09485958966182054,1,Biometric,0,Legitimate,ACC-102770
6,0.7128246472290098,1023.5469979412671,0.17088408187627893,89,0.0175052652635455,0,Biometric,0,Legitimate,ACC-102771
6,1.1083103835642958,785.798641634638,0.06039604539078727,64,0.048387966922445055,0,Biometric,0,Legitimate,ACC-102772
3,1.427116800545825,216.70583223142094,0.04475445831617069,34,0.08114043647971127,1,Biometric,0,Legitimate,ACC-102773
1,0.7091094644701621,636.9505405605559,0.19311184366373166,106,0.030659751549311963,1,Biometric,0,Legitimate,ACC-102774
3,0.9265219870241561,689.9089765912227,0.11794576509317603,101,0.06390906297641247,3,Biometric,0,Legitimate,ACC-102775
3,0.9418478020484069,616.861262435416,0.1411250440488503,86,0.018978325725541034,0,Biometric,0,Legitimate,ACC-102776
45,5.688766723675127,18.76897153815195,0.7612601116557001,2,0.7763601270687673,3,PIN,1,Fast Burner,ACC-102777
30,5.286927855547424,55.189972045209515,0.8002599754184013,56,0.6689270961454274,7,OTP,1,Sleeper Mule,ACC-102778
2,1.2851783662814165,454.4367036066243,0.1735845817170228,107,0.030530207688064113,0,Biometric,0,Legitimate,ACC-102779
58,3.4858713633781573,4.759272416239188,0.9234970157850255,1,0.6983826377706374,4,PIN,1,Fast Burner,ACC-102780
6,1.2874976799567137,1890.0923674538908,0.10779840181839218,14,0.00606511432727358,1,Biometric,0,Legitimate,ACC-102781
39,4.7452313744899906,4.54310599021241,0.9790888304413754,0,0.8499372843734814,2,OTP,1,Fast Burner,ACC-102782
38,7.543002362902832,11.596649390921456,0.7895908355661895,1,0.938477334675707,2,OTP,1,Fast Burner,ACC-102783
47,4.790521055048789,31.03637103685315,0.6230530977629463,78,0.8902295504948692,4,PIN,1,Sleeper Mule,ACC-102784
3,1.1396883684400094,105.13649430759287,0.013048090835096638,116,0.08380898141848721,1,Biometric,0,Legitimate,ACC-102785
3,1.2332509136076666,421.73998109807,0.05073523031902603,6,0.0641371105459571,0,Biometric,0,Legitimate,ACC-102786
39,7.351068646011643,3.4043578717657477,0.8583951175835497,0,0.6442731248141943,3,PIN,1,Fast Burner,ACC-102787
3,1.5678313756002205,2052.5743553717375,0.12227401131191465,6,0.051492318883081596,0,Biometric,0,Legitimate,ACC-102788
2,1.426080332747944,698.1508820825874,0.06101432749586982,41,0.13117531384240164,1,OTP,0,Legitimate,ACC-102789
2,1.1842656901052642,427.1714994494349,0.19368297253912362,93,0.12322563231110144,0,PIN,0,Legitimate,ACC-102790
31,7.752859249933101,8.91404540974827,0.9941062869450124,2,0.801079531203883,7,OTP,1,Fast Burner,ACC-102791
37,8.102576809871259,27.095475586876496,0.7825996901685139,1,0.8045396310963229,5,PIN,1,Fast Burner,ACC-102792
2,0.9248215073468138,1232.1292902851337,0.19922303403858246,38,0.04645192522808047,2,Biometric,0,Legitimate,ACC-102793
52,5.281933421740423,27.767865584724568,0.7976717698203152,0,0.7826721824183027,3,OTP,1,Fast Burner,ACC-102794
5,0.9161058531756611,73.32316076124644,0.14971714534236055,30,0.10845134625001535,2,PIN,0,Legitimate,ACC-102795
44,3.1303891110652984,15.948456151145756,0.88412431440573,81,0.7876147136685019,1,OTP,1,Sleeper Mule,ACC-102796
1,1.3968348605580811,1193.4379713966598,0.16567380144603955,103,0.040974990661736536,0,OTP,0,Legitimate,ACC-102797
32,2.945453921201016,16.554516996981768,0.8347161419248748,118,0.7425223657135908,3,OTP,1,Sleeper Mule,ACC-102798
3,1.5267816740793296,153.60599340640258,0.0930678453464102,103,0.1483644566185384,1,Biometric,0,Legitimate,ACC-102799
2,1.3377483947935673,192.83133603185013,0.0917466654273484,117,0.03503996561118373,1,Biometric,0,Legitimate,ACC-102800
1,1.4006893445154547,436.0833672814966,0.02548310376031069,71,0.07889053125210646,1,Biometric,0,Legitimate,ACC-102801
5,1.16599356176781,1216.5121852378857,0.1969394778943099,104,0.05234145329964772,1,OTP,0,Legitimate,ACC-102802
4,1.4957845149944164,669.1428514917707,0.1206089138599096,13,0.05921414786028206,1,Biometric,0,Legitimate,ACC-102803
41,8.952662121953493,23.471185011135997,0.7394442188139186,1,0.8848666135616505,7,OTP,1,Fast Burner,ACC-102804
4,0.8055753419068731,388.78470711422904,0.005513648167169128,113,0.12248325360607745,1,Biometric,0,Legitimate,ACC-102805
0,1.2313626736647647,185.53745400795492,0.02930731015781467,114,0.038386514463288564,1,PIN,0,Legitimate,ACC-102806
5,1.6035351520835364,1352.7705924685406,0.16589201879624438,20,0.03674703239007633,0,Biometric,0,Legitimate,ACC-102807
34,6.238419312249052,7.563926671305282,0.8486051276124372,95,0.5531641092343885,3,OTP,1,Sleeper Mule,ACC-102808
4,1.1518541339014312,444.2909049367773,0.039174641591996906,60,0.07560006757010063,0,Biometric,0,Legitimate,ACC-102809
1,0.8477572882556657,989.1302222787485,0.1550050111258987,57,0.09357099891383043,1,Biometric,0,Legitimate,ACC-102810
2,1.4444053311882206,1914.347206696614,0.16872196582748836,58,0.12621720383745902,0,Biometric,0,Legitimate,ACC-102811
41,4.372040704561391,54.0437006617679,0.6139201267028956,47,0.6887719820628784,1,OTP,1,Sleeper Mule,ACC-102812
34,7.961614231848017,8.538168423821524,0.891242577312295,0,0.8747690647685903,11,Biometric,1,Fast Burner,ACC-102813
2,1.5171130257496097,612.3097828574912,0.009625245522970194,31,0.10093383593593151,0,Biometric,0,Legitimate,ACC-102814
3,1.1272000615718631,156.1535314702237,0.05926605021837131,78,0.08662093471792139,0,Biometric,0,Legitimate,ACC-102815
4,0.9449975235718842,279.42042722737006,0.0008958953839415251,42,0.11320634679653489,1,Biometric,0,Legitimate,ACC-102816
0,0.9238250322490567,402.8474867223196,0.1587854550469908,62,0.021256216430151964,0,PIN,0,Legitimate,ACC-102817
3,1.5171177034069732,69.1377100523453,0.030646464046922242,108,0.034098483763422095,0,OTP,0,Legitimate,ACC-102818
31,4.856040201069743,29.980396115219257,0.689081663106816,86,0.736556304594143,2,OTP,1,Sleeper Mule,ACC-102819
4,0.7628102137248505,190.16720027371076,0.10215632360141619,60,0.13088526918777804,0,Biometric,0,Legitimate,ACC-102820
1,1.2302288468704796,170.65305171886916,0.1315421338310685,76,0.066012534433857,0,Biometric,0,Legitimate,ACC-102821
26,5.213268488016334,43.64678990830632,0.8337480421382224,112,0.75478598457082,3,OTP,1,Sleeper Mule,ACC-102822
41,3.922521093884466,31.647123925692725,0.8147562520248047,0,0.849946200254815,6,PIN,1,Fast Burner,ACC-102823
2,1.1180543260440294,274.1530392267622,0.061527521620017935,104,0.0559426380961203,2,Biometric,0,Legitimate,ACC-102824
37,4.129639160577314,65.42716956021721,0.6297183903572328,60,0.6991620311484127,4,PIN,1,Sleeper Mule,ACC-102825
3,1.383131945942848,106.1085520409492,0.1562061408667838,81,0.10265319018724688,1,PIN,0,Legitimate,ACC-102826
43,7.52617482647442,27.324968887680257,0.9579182037972203,1,0.8761917125596803,6,OTP,1,Fast Burner,ACC-102827
1,1.2536145373007859,110.054976246987,0.0734787318459064,117,0.06941806048333055,1,Biometric,0,Legitimate,ACC-102828
1,1.3525605952881392,103.92495757676608,0.17979821121041878,84,0.10677753343144593,0,Biometric,0,Legitimate,ACC-102829
4,1.3647380026675096,306.76110450670666,0.037561555511513814,108,0.09408178785680286,0,Biometric,0,Legitimate,ACC-102830
26,3.31446599461358,19.536003359567015,0.8129199046771938,105,0.6892430084451332,4,OTP,1,Sleeper Mule,ACC-102831
50,6.1870504364179215,8.186733314858891,0.7416120501114455,2,0.8398295617359065,3,OTP,1,Fast Burner,ACC-102832
43,4.786552708992607,10.791502846262002,0.8619551689391036,0,0.7252384133978793,10,OTP,1,Fast Burner,ACC-102833
44,5.749536095968435,9.612287793778503,0.9007428783084104,2,0.7879744535377089,4,OTP,1,Fast Burner,ACC-102834
5,1.6671482669095976,220.61600327954682,0.11706610837801242,65,0.013929350146987611,0,Biometric,0,Legitimate,ACC-102835
1,1.5648019616734428,1334.667775763165,0.10762113171184638,90,0.055188344543741955,0,Biometric,0,Legitimate,ACC-102836
6,0.9149542409844383,1067.414976714265,0.15265557698539545,53,0.10936538679049504,2,Biometric,0,Legitimate,ACC-102837
3,1.3815399047276848,1771.506628345622,0.02755995440879815,93,0.0763789871186892,0,PIN,0,Legitimate,ACC-102838
0,1.4101786191831382,449.4297962017783,0.03193790249241681,86,0.05609025392570841,1,Biometric,0,Legitimate,ACC-102839
1,1.5945144178572603,113.30555928815383,0.12461874706555612,57,0.0612296748137148,0,Biometric,0,Legitimate,ACC-102840
32,2.7215339283902056,32.21092766077824,0.7474189971990329,112,0.7011726271816603,2,OTP,1,Sleeper Mule,ACC-102841
1,0.940028833672351,1863.331484353129,0.07051242844849703,9,0.002954088326823073,3,Biometric,0,Legitimate,ACC-102842
2,1.4221263642143254,81.8425271485135,0.05433026390983878,102,0.12745389799653908,2,Biometric,0,Legitimate,ACC-102843
37,6.781941314774468,15.170829568948818,0.8284878462407319,1,0.7480368844970672,5,Biometric,1,Fast Burner,ACC-102844
41,6.956141490706777,15.114315437658043,0.9305998168038967,2,0.9235605202241228,4,OTP,1,Fast Burner,ACC-102845
4,1.0016934355371863,384.9317840011887,0.1493653012298188,37,0.07970364293923274,0,Biometric,0,Legitimate,ACC-102846
50,4.837651455858984,9.783731445763845,0.7628480571855816,1,0.6436733850910232,3,PIN,1,Fast Burner,ACC-102847
6,1.1545807524175773,695.5495900723505,0.004418749420954971,109,0.11706355034572147,0,Biometric,0,Legitimate,ACC-102848
52,7.859679100389176,11.048859533870818,0.8117025055164022,1,0.927167905741513,7,OTP,1,Fast Burner,ACC-102849
0,1.9028571024862222,2014.519694731268,0.16163366218250785,57,0.12434309014599443,0,Biometric,0,Legitimate,ACC-102850
7,1.1789860668816106,846.2823979279586,0.046233163930784055,96,0.014133642774673749,1,PIN,0,Legitimate,ACC-102851
2,1.307000282174954,2990.1198639691556,0.10348283776337963,51,0.10221603981958453,1,PIN,0,Legitimate,ACC-102852
1,0.6525066759116649,407.11355887325044,0.14999102022081562,88,0.01997160887001065,1,Biometric,0,Legitimate,ACC-102853
42,5.921484826846752,2.098959833979784,0.8893106117754015,2,0.6904171431171696,1,OTP,1,Fast Burner,ACC-102854
2,1.4328880772241965,356.0551281023047,0.14586414956652488,47,0.14085864881854968,1,PIN,0,Legitimate,ACC-102855
35,5.780302025819942,41.70341468917427,0.8493285429643207,89,0.5928624855928468,2,PIN,1,Sleeper Mule,ACC-102856
2,1.3599975091843042,144.2651104986814,0.15393289769973162,90,0.04252024820883803,0,PIN,0,Legitimate,ACC-102857
3,1.0748203904032818,2081.887870021362,0.02419155235090469,45,0.0977037607576808,0,Biometric,0,Legitimate,ACC-102858
1,0.9734626804654445,893.3160618886378,0.06643098329053287,116,0.057557596580804976,0,Biometric,0,Legitimate,ACC-102859
48,7.634478410953734,29.32016440562123,0.8367760261668005,2,0.9008034983119458,4,PIN,1,Fast Burner,ACC-102860
53,6.962973967751057,2.3236583356392497,0.9295990218379104,0,0.9657182539410508,8,Biometric,1,Fast Burner,ACC-102861
35,5.43493833060543,18.24530419592181,0.7507383227062132,83,0.6671783429953575,4,PIN,1,Sleeper Mule,ACC-102862
3,1.0820290772511463,910.3642556044371,0.16759243496721699,48,0.09248200337242012,0,Biometric,0,Legitimate,ACC-102863
30,7.283209974116701,7.245496866341269,0.8818641069615144,2,0.6076593164768584,0,PIN,1,Fast Burner,ACC-102864
7,1.712928975499372,1067.8871516831798,0.11141536839488607,97,0.022376207168138335,1,PIN,0,Legitimate,ACC-102865
43,4.400839733476907,38.56100855189151,0.8437080544290106,118,0.5400265983271711,2,PIN,1,Sleeper Mule,ACC-102866
55,6.499924527998232,27.59935249274147,0.7277754116826138,2,0.7386412927166642,5,PIN,1,Fast Burner,ACC-102867
2,0.6789819546706682,263.60331234278345,0.04735445228078068,49,0.12613287256563305,3,Biometric,0,Legitimate,ACC-102868
5,0.8087990466490086,154.82742629468538,0.01519773037910832,38,0.06994836959431903,0,Biometric,0,Legitimate,ACC-102869
51,7.056468181158621,18.030274906910794,0.8877241193689424,1,0.709975489859165,2,OTP,1,Fast Burner,ACC-102870
2,0.9957273512592916,588.5096853058152,0.178895611117364,81,0.12111629828918154,1,PIN,0,Legitimate,ACC-102871
1,0.9244150624430902,365.34625859357595,0.08688919024397573,20,0.01304811085216328,1,OTP,0,Legitimate,ACC-102872
3,1.0837854764955854,320.0384942035851,0.07903824886251098,12,0.08608038253608086,0,Biometric,0,Legitimate,ACC-102873
49,10.17046956326773,6.224083756804786,0.9580493311611336,0,0.9890999045931419,1,PIN,1,Fast Burner,ACC-102874
3,1.3532028413576422,183.48423555905077,0.06529015408350061,94,0.01931681332161948,1,Biometric,0,Legitimate,ACC-102875
5,1.9123398849851976,338.2964140409331,0.146172164608914,13,0.07512255646407599,0,PIN,0,Legitimate,ACC-102876
35,5.978442097346843,29.294162525206662,0.7320855820233733,101,0.8879290058099362,1,OTP,1,Sleeper Mule,ACC-102877
2,0.8856675161582703,835.1912327656223,0.19563137512736445,23,0.05905473195864747,0,PIN,0,Legitimate,ACC-102878
49,7.080321837943314,4.355827433303373,0.81827407418733,2,0.8261932350479249,5,PIN,1,Fast Burner,ACC-102879
2,1.2290693628102942,530.0457647763586,0.015741400273703278,80,0.05277108310652067,0,Biometric,0,Legitimate,ACC-102880
25,4.567146448963912,53.28730504525811,0.6739354665801562,47,0.5148978521053729,2,PIN,1,Sleeper Mule,ACC-102881
2,1.537871456530915,422.1892510081733,0.1434563234451434,61,0.015069541298955873,0,OTP,0,Legitimate,ACC-102882
3,1.461627058660135,235.86817185871362,0.11465947401733281,87,0.04282622496245871,0,Biometric,0,Legitimate,ACC-102883
50,6.880659030008937,18.22811426690156,0.7602942796134357,0,0.9947474630920651,8,PIN,1,Fast Burner,ACC-102884
2,1.2782598524165927,992.9779858657456,0.15697598189985645,20,0.027219727989004905,1,Biometric,0,Legitimate,ACC-102885
3,1.3861502697297488,249.02285910798244,0.06757842891869208,110,0.10648496965918097,1,PIN,0,Legitimate,ACC-102886
4,0.907470343263918,418.509933822865,0.08451253300386963,46,0.05541008567493569,0,Biometric,0,Legitimate,ACC-102887
2,1.4200044021534541,656.4611560428522,0.1609717830931432,114,0.08172456199946776,1,PIN,0,Legitimate,ACC-102888
36,4.662173958363071,5.368922236653802,0.6543579019651059,47,0.8057573700152593,0,PIN,1,Sleeper Mule,ACC-102889
32,6.361566441625405,24.920305727582043,0.9993545558676824,0,0.6105689500375904,4,PIN,1,Fast Burner,ACC-102890
2,1.28115404263992,114.0388331255418,0.06838526091561281,72,0.10760563400560347,0,Biometric,0,Legitimate,ACC-102891
30,4.7575461716733285,48.71254296594266,0.8755431698116012,84,0.7930247298515167,4,OTP,1,Sleeper Mule,ACC-102892
3,0.7933374416507621,515.2563882617337,0.1556953658232474,33,0.055917413991278975,0,Biometric,0,Legitimate,ACC-102893
1,1.2565837025925035,1734.2730464088252,0.012860306178256864,24,0.04893129199106161,0,Biometric,0,Legitimate,ACC-102894
3,1.1853671206498149,116.33966298819712,0.10215659810309595,43,0.09250889239640687,0,Biometric,0,Legitimate,ACC-102895
36,6.978785934634221,4.304864964969039,0.7595935616098637,2,0.7983613332383888,8,PIN,1,Fast Burner,ACC-102896
5,1.6674884870317344,269.38256932569243,0.014784343329152728,106,0.14715822576154647,1,Biometric,0,Legitimate,ACC-102897
5,1.3564785481057522,209.08557613225503,0.029440045632031155,79,0.06015072637250649,0,OTP,0,Legitimate,ACC-102898
5,1.4350981422680122,493.3082502359871,0.0845606944897637,98,0.09604184179157588,1,Biometric,0,Legitimate,ACC-102899
31,8.109773529529754,11.269878508973099,0.9074701747406135,0,0.6866262682237625,1,OTP,1,Fast Burner,ACC-102900
7,1.3278469678938554,114.02268227994253,0.025781010776327485,85,0.03345809320592855,0,Biometric,0,Legitimate,ACC-102901
41,5.919295915245293,17.322002535993366,0.9285698815261645,2,0.7522254853543968,2,Biometric,1,Fast Burner,ACC-102902
2,1.2581010055044506,1353.9456745081613,0.15195722424008096,73,0.11151343471303796,4,Biometric,0,Legitimate,ACC-102903
5,1.0345452809691058,1229.2679537952552,0.0824098451778772,18,0.07477167663567971,0,Biometric,0,Legitimate,ACC-102904
4,1.3711754100359579,1748.1220275054309,0.1313746604518718,32,0.04146024845043437,2,Biometric,0,Legitimate,ACC-102905
1,1.6451670461303285,64.63253101329589,0.06953058951665936,119,0.08493180673659051,0,PIN,0,Legitimate,ACC-102906
3,0.6955869324854208,739.9537749893458,0.05817199478858617,10,0.030170266601479798,0,Biometric,0,Legitimate,ACC-102907
0,1.6366204013178574,581.7152420053211,0.11942669704348546,53,0.08403820867752508,1,OTP,0,Legitimate,ACC-102908
1,1.049050944286093,331.933376486101,0.04473511962129073,100,0.0685541032530645,0,Biometric,0,Legitimate,ACC-102909
1,1.202827908169132,396.8711928664892,0.1831913190931356,101,0.09673431154524166,0,Biometric,0,Legitimate,ACC-102910
1,0.5539235661166344,1584.4186706051391,0.07094075162484181,49,0.0048285224774952396,2,Biometric,0,Legitimate,ACC-102911
3,1.1056668629107111,346.2924416634085,0.18082814978086,65,0.12340908318710206,0,Biometric,0,Legitimate,ACC-102912
28,6.524586161232907,39.27312595889093,0.7780662673648208,38,0.5923761332372237,5,OTP,1,Sleeper Mule,ACC-102913
4,0.48672905102186925,131.27842759972,0.013289167778525623,36,0.06973055558988406,0,Biometric,0,Legitimate,ACC-102914
5,1.472786219008108,288.7444051974104,0.11917686765120622,78,0.008883509575874486,0,Biometric,0,Legitimate,ACC-102915
31,3.6317930218404753,28.571566655066576,0.8861710870497645,72,0.779150313173584,2,OTP,1,Sleeper Mule,ACC-102916
48,8.419466217656353,10.733327317754192,0.7024463783378289,0,0.9149010281631288,5,PIN,1,Fast Burner,ACC-102917
33,3.6294331944474596,21.114730579877058,0.7870678558853555,40,0.7393305093651547,2,OTP,1,Sleeper Mule,ACC-102918
7,1.2970897417538931,1548.0117534957415,0.1219754254616212,117,0.005878408955570347,0,Biometric,0,Legitimate,ACC-102919
3,1.223760878606893,901.485438991622,0.027481974046798377,15,0.0022893437450147436,0,Biometric,0,Legitimate,ACC-102920
1,0.9453286030888606,553.6451889590314,0.04201499135801561,102,0.08298887807428948,0,Biometric,0,Legitimate,ACC-102921
47,7.190825401771459,8.86391831904328,0.8904682233780259,0,0.7636526871032351,4,PIN,1,Fast Burner,ACC-102922
4,1.276105066289429,708.1736909458101,0.1477462210924806,110,0.038923156106377935,0,OTP,0,Legitimate,ACC-102923
54,7.394782222375717,10.099573435760014,0.8067218541509457,0,0.9696112916431578,6,PIN,1,Fast Burner,ACC-102924
1,0.6401262195451232,142.9258725378006,0.07130842864285446,119,0.010112194071427176,0,Biometric,0,Legitimate,ACC-102925
3,1.3211821248204914,276.1253230540566,0.18247061739782766,113,0.0765504068162529,1,Biometric,0,Legitimate,ACC-102926
5,1.242140092720457,2538.428923512964,0.14998348441434392,98,0.13508828518046823,0,Biometric,0,Legitimate,ACC-102927
49,5.134697765408002,94.81298213391304,0.7231006483792313,115,0.8489053654080372,6,PIN,1,Sleeper Mule,ACC-102928
2,1.3700281143352973,405.1735845237427,0.06066462404753199,53,0.012658574405531463,0,Biometric,0,Legitimate,ACC-102929
44,5.440786944622047,3.2927356868442876,0.7361932655881909,1,0.7474114667894858,6,PIN,1,Fast Burner,ACC-102930
5,0.9733617595821354,555.929115918568,0.14155206116508076,60,0.012257213555445722,0,PIN,0,Legitimate,ACC-102931
1,1.4095197363988203,348.2163033448514,0.11727250090519575,42,0.09474602848875198,1,PIN,0,Legitimate,ACC-102932
41,6.101968545492737,5.080055365446279,0.7991530245412579,1,0.6520774729225739,3,OTP,1,Fast Burner,ACC-102933
2,1.7031718778923368,260.98885008258424,0.19716027014970436,27,0.04930643990811772,1,PIN,0,Legitimate,ACC-102934
38,7.349708276293644,127.30273265883838,0.702505976746714,116,0.6868057239430436,4,OTP,1,Sleeper Mule,ACC-102935
43,4.9423075958197416,2.872749333245138,0.766628862378806,1,0.6487229728953686,3,OTP,1,Fast Burner,ACC-102936
3,1.498122078860387,238.7854629901433,0.0989039125940569,39,0.06582601990742301,0,Biometric,0,Legitimate,ACC-102937
3,1.1826401522356977,232.51059017176428,0.18009141454959648,82,0.13990966282642306,1,PIN,0,Legitimate,ACC-102938
3,0.3094894709292443,827.721917685968,0.19950955232347206,75,0.11786139196837839,0,PIN,0,Legitimate,ACC-102939
2,1.0618301910721326,71.70916606671203,0.0953722583582549,18,0.1390381038473835,0,Biometric,0,Legitimate,ACC-102940
1,0.8976113295259086,411.6278210584264,0.07995550953477736,34,0.09347744421004393,1,Biometric,0,Legitimate,ACC-102941
7,1.431818513375818,542.6768780745647,0.05786086342081065,92,0.04538985605407908,0,Biometric,0,Legitimate,ACC-102942
4,1.012049935187002,84.04607451635538,0.12666957003783247,63,0.06268768289820684,1,Biometric,0,Legitimate,ACC-102943
46,10.06492498576327,22.731216030561704,0.7203347022138863,1,0.9239629640943068,5,OTP,1,Fast Burner,ACC-102944
8,1.410564675617788,255.57717189898145,0.12881893868723712,37,0.05822284321334589,1,Biometric,0,Legitimate,ACC-102945
1,1.0802230062162113,1034.6190895936134,0.15021075824270677,79,0.08828129786481109,0,Biometric,0,Legitimate,ACC-102946
6,0.5326847674173394,2172.858238997654,0.19944102879486025,38,0.1204147931304456,1,PIN,0,Legitimate,ACC-102947
1,1.3368609957455229,551.3130497052201,0.08550443091205072,36,0.030091671536272978,1,Biometric,0,Legitimate,ACC-102948
2,0.9413079191508957,363.9254614667626,0.04696720982950658,58,0.09634471850540567,1,PIN,0,Legitimate,ACC-102949
4,1.3059117745245001,234.9269876339977,0.16430170337961839,35,0.008952449768936888,1,Biometric,0,Legitimate,ACC-102950
5,1.1940957737015192,922.0633012947411,0.12381888843872041,70,0.0971408265872572,0,Biometric,0,Legitimate,ACC-102951
3,1.3837234958746125,208.8428596012714,0.05554742971085143,92,0.08711454049757834,0,Biometric,0,Legitimate,ACC-102952
5,1.1991254545755616,284.6725051080897,0.1885490507001266,80,0.1054093174592643,0,Biometric,0,Legitimate,ACC-102953
35,9.062111810545769,10.202739020339486,0.9553665809783405,0,0.6197568304723502,3,OTP,1,Fast Burner,ACC-102954
2,1.4986580075022342,683.4768265054049,0.18851804285538232,97,0.0018985155317793765,0,PIN,0,Legitimate,ACC-102955
4,1.2623559714412937,1072.1401692617874,0.15445512258292254,41,0.09371608755497529,0,Biometric,0,Legitimate,ACC-102956
2,1.139935000052503,127.61839975669703,0.08650259494930937,33,0.0905735058342275,0,Biometric,0,Legitimate,ACC-102957
6,1.3926135275680682,776.9592455432746,0.09327282376652227,13,0.017682909943200768,0,Biometric,0,Legitimate,ACC-102958
3,0.9768900249284449,132.56754600424185,0.09070742135314368,7,0.04824159003837325,1,Biometric,0,Legitimate,ACC-102959
2,1.416899080387297,230.8718351940519,0.19468052178567125,59,0.040241034952305556,0,Biometric,0,Legitimate,ACC-102960
40,6.632479476169271,15.199434932538756,0.9970494680010931,2,0.9991213687176714,3,PIN,1,Fast Burner,ACC-102961
40,7.994075916039691,7.784330221100899,0.7925641291483513,2,0.9930018094093791,4,PIN,1,Fast Burner,ACC-102962
4,1.6228303272152729,837.8498502968288,0.13356291456398628,115,0.03822735817128063,0,OTP,0,Legitimate,ACC-102963
5,1.2000955834395204,219.6340637952029,0.019080686841031726,106,0.054147229355078874,0,Biometric,0,Legitimate,ACC-102964
49,5.401268124689718,23.651382761832334,0.9995233783707344,0,0.7524258154353567,6,PIN,1,Fast Burner,ACC-102965
1,1.6068320142630974,62.19163580767827,0.0863190821195339,114,0.13492174056804132,1,Biometric,0,Legitimate,ACC-102966
39,5.83011045461469,13.875457144368786,0.8477537396507946,0,0.7079045333116918,7,Biometric,1,Fast Burner,ACC-102967
0,0.615798038201423,105.22743613820649,0.11542343144519025,100,0.08609766305626686,1,PIN,0,Legitimate,ACC-102968
41,4.963199365504169,22.012313380142135,0.721486019698058,1,0.9375469141198447,2,Biometric,1,Fast Burner,ACC-102969
2,1.2285083655816218,413.0115651317226,0.11840059643186907,49,0.035932702363968685,1,Biometric,0,Legitimate,ACC-102970
0,1.362977089492282,284.5341821570061,0.09347174544543618,113,0.05846211220104913,1,PIN,0,Legitimate,ACC-102971
4,1.0811748101762193,902.6378401512493,0.11649122609391444,69,0.0018074883580301792,1,PIN,0,Legitimate,ACC-102972
3,1.2106114251265916,123.85184383687368,0.020655233106380066,87,0.07737386977386741,0,Biometric,0,Legitimate,ACC-102973
2,1.1200358087157758,454.58404037926493,0.002874041185349796,16,0.12141338065440643,1,Biometric,0,Legitimate,ACC-102974
3,0.7023676124741907,555.2798409886525,0.08265020064665528,29,0.14171353587781377,1,Biometric,0,Legitimate,ACC-102975
1,1.1368395178941024,881.3557564084892,0.12624914415232383,87,0.048371813057932735,0,Biometric,0,Legitimate,ACC-102976
2,1.4568144284326539,98.77489721577314,0.11858106828105269,77,0.0879950188685076,1,Biometric,0,Legitimate,ACC-102977
44,6.245077923110992,27.94574108921096,0.8992817226664351,2,0.6870845975457295,1,PIN,1,Fast Burner,ACC-102978
27,5.053461445565279,149.44937759742876,0.7336211146444973,110,0.8160251029009677,5,PIN,1,Sleeper Mule,ACC-102979
48,6.741966230304385,7.998945476648256,0.8477882596901438,2,0.7875641940727255,1,PIN,1,Fast Burner,ACC-102980
2,1.0249971201364536,309.9978389044478,0.0014545962957183134,107,0.010797139747609041,1,Biometric,0,Legitimate,ACC-102981
3,1.5887783584721251,898.1976346914314,0.12885457319393537,21,0.04288017534694161,0,Biometric,0,Legitimate,ACC-102982
48,7.969470296443184,21.19026609257404,0.7867606905928224,2,0.703947805051965,5,PIN,1,Fast Burner,ACC-102983
7,1.1528290823914342,146.9251097266718,0.10865356831968308,94,0.14907720942830766,0,Biometric,0,Legitimate,ACC-102984
40,7.424086298462695,24.043941749027987,0.7240185153161758,2,0.9848063907947175,4,PIN,1,Fast Burner,ACC-102985
3,0.9407483762478105,722.2722041392395,0.11218150561407421,35,0.11857023914401094,1,Biometric,0,Legitimate,ACC-102986
2,1.277878694009686,1380.5991959714383,0.17384001761296142,66,0.14785243538582518,2,Biometric,0,Legitimate,ACC-102987
2,1.4047467627781909,1071.8252608002222,0.15504226344683425,37,0.0962927356356457,0,Biometric,0,Legitimate,ACC-102988
2,1.1697912381548468,311.7588474638321,0.11877185299310532,63,0.11001089173719107,0,PIN,0,Legitimate,ACC-102989
5,1.1782566841217894,95.90519498348623,0.1134346200370403,23,0.01274005826572699,0,Biometric,0,Legitimate,ACC-102990
5,1.6838340698091117,673.0424325049464,0.15946282881732504,57,0.10399303088359328,0,Biometric,0,Legitimate,ACC-102991
6,0.6691469290942583,2379.1615879288483,0.08161364060718618,109,0.10598850883539336,1,Biometric,0,Legitimate,ACC-102992
0,1.0887688210018471,1362.7434587456619,0.19312716574162292,84,0.07433066621161664,1,OTP,0,Legitimate,ACC-102993
3,0.8871674829730742,735.1984858198459,0.16952355704577457,96,0.1405052346760691,1,Biometric,0,Legitimate,ACC-102994
1,0.9687002961543814,349.4115323002048,0.04483080088473972,50,0.10026978827533466,0,Biometric,0,Legitimate,ACC-102995
39,7.063024700795453,4.135397535573004,0.8563726632852323,2,0.8554564800061503,7,PIN,1,Fast Burner,ACC-102996
0,1.5850063731864616,147.3128883232894,0.1741654620503269,91,0.004501573166121175,0,Biometric,0,Legitimate,ACC-102997
42,5.910971846684789,6.4914411803192,0.7569157528559375,2,0.806443693194236,2,PIN,1,Fast Burner,ACC-102998
1,0.9261963717912398,1086.291349560837,0.049023811434468705,76,0.11709368177455529,0,Biometric,0,Legitimate,ACC-102999
31,4.578249962034898,21.562724499605707,0.8104477442483329,110,0.6799686973479813,6,PIN,1,Sleeper Mule,ACC-103000
46,6.901781179249278,3.3379279253125027,0.9149396132187894,2,0.8717950648202739,9,PIN,1,Fast Burner,ACC-103001
44,3.8120214739537692,27.844309055110497,0.8893289964975473,62,0.6971344704369655,3,OTP,1,Sleeper Mule,ACC-103002
46,5.331402978593818,7.283873121922999,0.7466708873006913,2,0.9530731269369435,4,PIN,1,Fast Burner,ACC-103003
6,1.0843323060112544,249.07897716984954,0.020557115711459285,40,0.059755497124066276,1,Biometric,0,Legitimate,ACC-103004
40,5.697810872929187,22.755257421564146,0.9750696089854853,0,0.7980947932333657,5,OTP,1,Fast Burner,ACC-103005
1,1.505259427179188,260.91975851563564,0.13520031218838147,84,0.06347152820197167,0,OTP,0,Legitimate,ACC-103006
4,1.5470411846740417,1044.369703769924,0.062432338798713065,114,0.12410473068069146,0,OTP,0,Legitimate,ACC-103007
2,1.3391169172671342,290.24828752651445,0.13264286545969123,29,0.021753370090528745,0,Biometric,0,Legitimate,ACC-103008
1,1.4336322923933347,856.2915198541663,0.1137600697767516,114,0.14193088270722581,0,PIN,0,Legitimate,ACC-103009
4,1.1038126571079565,1830.0943725405698,0.18173233396901012,44,0.006540054797807437,0,OTP,0,Legitimate,ACC-103010
3,1.130439448012263,61.96689209128599,0.11655302268870889,80,0.12790850667521347,0,PIN,0,Legitimate,ACC-103011
2,0.7747080728317781,100.81571578920168,0.04336684353859813,27,0.03486282665165653,0,PIN,0,Legitimate,ACC-103012
4,1.3795785274333177,2541.49691501257,0.08789837329562784,91,0.11546001038610665,0,Biometric,0,Legitimate,ACC-103013
4,0.8125633306539106,534.5340918212946,0.17691424128275346,61,0.1227970553401193,1,PIN,0,Legitimate,ACC-103014
2,1.4143649284390516,2675.7241838649757,0.09467133740864067,104,0.005646756167514455,1,Biometric,0,Legitimate,ACC-103015
1,0.9365634889183642,144.65149277740045,0.10290399965766867,18,0.023516601963655154,0,PIN,0,Legitimate,ACC-103016
0,0.5936993037371269,252.767740865047,0.044862781861157025,38,0.08198638661871817,0,Biometric,0,Legitimate,ACC-103017
45,5.76224540689126,17.154856181254367,0.9366661985036915,2,0.6663855567734632,7,Biometric,1,Fast Burner,ACC-103018
37,5.058461622668887,35.861395222651026,0.8301974786869577,72,0.6825255705956204,3,OTP,1,Sleeper Mule,ACC-103019
3,0.9719146684135218,76.64104796360408,0.18811185215136897,103,0.031285354249339245,0,PIN,0,Legitimate,ACC-103020
6,1.330362029176287,186.00183444232187,0.18458314871064282,90,0.018495630838206566,1,PIN,0,Legitimate,ACC-103021
47,7.162600845298446,2.5167156986552466,0.8490686084685628,2,0.7509026003294743,6,OTP,1,Fast Burner,ACC-103022
5,1.2438644389132678,760.3698147215715,0.10267848042513537,84,0.004816768610484801,1,Biometric,0,Legitimate,ACC-103023
0,1.3732550863821635,1184.3581108736623,0.03230478445985226,34,0.016233063535110802,0,Biometric,0,Legitimate,ACC-103024
4,1.0950089758946133,67.66674453650245,0.052857044242496404,108,0.012854499473558906,0,PIN,0,Legitimate,ACC-103025
2,1.0199387326243115,446.2001134779228,0.19571755116995643,89,0.09759289566032939,2,Biometric,0,Legitimate,ACC-103026
40,6.32175381968344,35.754737247590946,0.7535311018722328,2,0.7348316611973915,6,PIN,1,Fast Burner,ACC-103027
8,1.333784333137591,332.47401284090256,0.1024537501568904,70,0.07481119193449572,0,PIN,0,Legitimate,ACC-103028
42,6.662110433332589,19.897965180566842,0.843951594670292,0,0.9269557954387896,7,Biometric,1,Fast Burner,ACC-103029
2,1.4480838182828397,767.0727172135561,0.09446433008566178,8,0.04018434403637648,0,OTP,0,Legitimate,ACC-103030
1,1.2430769476438477,538.9427975068097,0.09606831524444537,71,0.10287231496826514,0,PIN,0,Legitimate,ACC-103031
6,1.5534262105686523,142.59072372862602,0.1614320156584369,24,0.12491749712827324,1,Biometric,0,Legitimate,ACC-103032
2,1.1013331509987572,679.1166836551489,0.023829638694518797,53,0.03518552398054119,1,Biometric,0,Legitimate,ACC-103033
1,1.3971963285358617,259.5024703364453,0.18635953089319973,82,0.1171271017228106,1,PIN,0,Legitimate,ACC-103034
40,6.20491724762837,37.87030222628271,0.700559015601209,1,0.9631375087873588,4,OTP,1,Fast Burner,ACC-103035
4,0.9050690558567551,260.16487842424317,0.1463320038512044,115,0.09837408508902643,0,OTP,0,Legitimate,ACC-103036
3,1.4102916968111896,319.8924976922248,0.08095908117234765,90,0.09003092646089526,0,OTP,0,Legitimate,ACC-103037
1,0.7552570453909072,403.36011445266604,0.038396853512129694,54,0.06432420145603289,0,Biometric,0,Legitimate,ACC-103038
2,1.206620310281059,1767.3787130257183,0.07414043612293988,90,0.12532648918192074,2,Biometric,0,Legitimate,ACC-103039
1,1.0651049418471559,794.5293969689023,0.09481262483090154,7,0.10695815940394311,1,Biometric,0,Legitimate,ACC-103040
3,0.9926836867818312,1333.9567404530494,0.18942192282911785,22,0.04863870010469431,1,Biometric,0,Legitimate,ACC-103041
4,1.4372016956072184,1128.7494280313679,0.10747583758274151,98,0.014096061661257419,0,Biometric,0,Legitimate,ACC-103042
3,1.330220546154953,108.03084984178867,0.06079405519420109,8,0.10745997755450788,0,Biometric,0,Legitimate,ACC-103043
45,4.103315144317278,33.272126671319015,0.8395528003506607,88,0.6388287854462211,4,PIN,1,Sleeper Mule,ACC-103044
3,0.868872431219305,1290.7372187543851,0.0001983728939254137,97,0.023224697729017012,1,OTP,0,Legitimate,ACC-103045
37,4.5178686960044105,8.562418237047531,0.6202804205188479,100,0.8643812753176296,3,OTP,1,Sleeper Mule,ACC-103046
46,7.904712433886046,12.171605360289421,0.8100605333662761,1,0.8057863258581635,0,OTP,1,Fast Burner,ACC-103047
4,0.9996174988621486,719.8727803950185,0.02544863454860662,26,0.13358591013656734,0,Biometric,0,Legitimate,ACC-103048
2,1.4802935213012312,377.10804146179504,0.08597039565797036,42,0.05165622246080159,0,Biometric,0,Legitimate,ACC-103049
45,6.945069953131541,11.333044934924953,0.8368545463471323,0,0.7681574251983192,2,PIN,1,Fast Burner,ACC-103050
5,0.9524708100163426,1095.9189189866759,0.13714874646609673,79,0.06825176788348815,0,Biometric,0,Legitimate,ACC-103051
5,1.4095275403153116,122.53624679955388,0.1213615669204867,62,0.006616523924192858,0,PIN,0,Legitimate,ACC-103052
43,3.0476103469997815,14.091066415680583,0.6330464297236132,54,0.6122465826815345,3,OTP,1,Sleeper Mule,ACC-103053
1,1.3645389820621712,369.93053971509147,0.14111364041511334,69,0.006149364275705099,0,Biometric,0,Legitimate,ACC-103054
47,6.826287622474293,22.65128912214603,0.9067105309335637,0,0.7299709997202308,3,PIN,1,Fast Burner,ACC-103055
2,1.4829579910433381,531.4142718208681,0.09571174301607054,57,0.03584498003828946,0,Biometric,0,Legitimate,ACC-103056
43,5.708056195821887,16.389916377733844,0.6224920023573026,40,0.8360324361595859,3,OTP,1,Sleeper Mule,ACC-103057
4,1.0930718638424763,450.31310119120417,0.07928123074513123,93,0.12619547243659612,0,Biometric,0,Legitimate,ACC-103058
2,1.5260590469165507,727.2717086250839,0.16304437084242365,10,0.09651682814516171,0,Biometric,0,Legitimate,ACC-103059
44,7.031150288039312,2.544678079145519,0.9145914403745363,2,0.7522653067723994,6,PIN,1,Fast Burner,ACC-103060
5,0.9149473613790615,557.675788084751,0.11379262718505861,21,0.029651862635352303,1,Biometric,0,Legitimate,ACC-103061
38,7.134796740166975,14.626710920761141,0.9653947292192839,0,0.9345280683500452,6,OTP,1,Fast Burner,ACC-103062
2,1.3008788853557687,638.6665011910045,0.1529033122072264,12,0.0973194247104609,0,Biometric,0,Legitimate,ACC-103063
3,0.886743846340793,377.813193879566,0.1971319695116477,58,0.03791276586918074,0,Biometric,0,Legitimate,ACC-103064
2,0.6614612410140395,459.24160616343767,0.1754929899343556,91,0.1064257187977987,0,Biometric,0,Legitimate,ACC-103065
4,1.0966095488975531,806.7494323092105,0.1540022779804564,87,0.12577458268672126,1,Biometric,0,Legitimate,ACC-103066
51,7.595281243447548,13.019937902420162,0.7271868948680155,2,0.8130444767878979,3,PIN,1,Fast Burner,ACC-103067
4,1.2660387562463327,327.8048722637764,0.08036388141686548,49,0.03428581154818652,1,Biometric,0,Legitimate,ACC-103068
6,1.159238085490861,398.12363045300964,0.12941244140980987,114,0.12010680888277271,1,Biometric,0,Legitimate,ACC-103069
2,1.1300768423847534,437.2187679480953,0.015557040040093596,88,0.10653621095413837,2,Biometric,0,Legitimate,ACC-103070
1,1.343853168882391,264.8348277837049,0.007048889814031268,68,0.018753824837984035,0,Biometric,0,Legitimate,ACC-103071
4,0.7036468815261762,225.85951600678382,0.06960821408975869,109,0.010716045091323583,2,Biometric,0,Legitimate,ACC-103072
4,1.6040019004203439,956.9725790353814,0.16809791132173701,113,0.0084249246817288,1,Biometric,0,Legitimate,ACC-103073
36,5.94614000600797,82.57138139443668,0.603719918349566,107,0.6540499422874853,5,PIN,1,Sleeper Mule,ACC-103074
2,1.3600879274449427,167.66754976207426,0.01002108530099437,29,0.04366308974913455,1,Biometric,0,Legitimate,ACC-103075
2,1.5691937412534034,755.6136317670812,0.11485333792017963,26,0.025435868479776292,0,Biometric,0,Legitimate,ACC-103076
4,1.2126789194894938,792.6341537766681,0.1565793537344669,43,0.05284198399713049,1,PIN,0,Legitimate,ACC-103077
53,7.762622685848399,22.154000535208148,0.9507354265727888,2,0.7430336558364794,3,PIN,1,Fast Burner,ACC-103078
1,1.3008968907963843,912.526608695067,0.0694281194189552,75,0.057674037211097984,2,PIN,0,Legitimate,ACC-103079
43,9.020199496260439,7.20068835107337,0.8098021566518263,1,0.7522789117419104,10,PIN,1,Fast Burner,ACC-103080
43,6.1982990739249635,10.10524412965983,0.7684587925374103,0,0.9326201417018626,2,OTP,1,Fast Burner,ACC-103081
43,7.796984691739402,50.3530559320104,0.9432740369489273,1,0.7104777062449446,5,OTP,1,Fast Burner,ACC-103082
3,0.7414236053208999,689.1608963556653,0.026681296255642663,66,0.14479683993201972,0,Biometric,0,Legitimate,ACC-103083
49,9.340329711772766,23.719394452313544,0.8992546958306911,0,0.8577336651422174,1,PIN,1,Fast Burner,ACC-103084
3,1.0258934991441806,87.69655327045966,0.09893702976331638,54,0.04662724063907402,0,Biometric,0,Legitimate,ACC-103085
3,1.322763773581964,457.9137703780618,0.19828010831042714,84,0.009742865112328762,0,OTP,0,Legitimate,ACC-103086
5,0.888379669751199,862.1319733967567,0.19921538315931958,74,0.018397493478741637,2,Biometric,0,Legitimate,ACC-103087
48,6.339459518869805,6.442917996554201,0.9453437391646786,1,0.7770053414458229,6,PIN,1,Fast Burner,ACC-103088
3,0.8000348838147011,119.6722282902183,0.1936146561727485,68,0.012202855908450749,0,Biometric,0,Legitimate,ACC-103089
1,0.9890530613232559,1607.8169574072629,0.1653595479527092,81,0.015241822755181976,0,Biometric,0,Legitimate,ACC-103090
6,1.4356447769488727,909.9392035811668,0.17762273103607543,29,0.12021456093679757,0,Biometric,0,Legitimate,ACC-103091
5,1.5372287684104875,417.6727916558972,0.11595300178010184,46,0.11506243308439357,0,Biometric,0,Legitimate,ACC-103092
4,1.3530756667215056,129.81734053368083,0.07494640269062429,42,0.054922445581585606,1,Biometric,0,Legitimate,ACC-103093
2,1.6185305719506893,340.11623329395076,0.06660768467973466,68,0.02647566136343773,1,OTP,0,Legitimate,ACC-103094
1,1.5323469847250402,1099.6016029534799,0.11829597721488164,86,0.09092526399671753,0,Biometric,0,Legitimate,ACC-103095
5,0.6809333621563544,531.3317322705861,0.017593156202611548,112,0.06488418612696162,0,Biometric,0,Legitimate,ACC-103096
5,1.6377482982566074,1086.872773659488,0.1335395523412943,71,0.12907832092374003,0,Biometric,0,Legitimate,ACC-103097
4,1.335016401355544,82.67248450895008,0.011060137265669678,79,0.1457981523187142,0,PIN,0,Legitimate,ACC-103098
4,1.3947443163211262,280.7911297324147,0.13851279830286653,16,0.08720154056096147,0,OTP,0,Legitimate,ACC-103099
3,1.1407934533996007,445.2866186631481,0.06085065668195242,77,0.07961429252325346,0,Biometric,0,Legitimate,ACC-103100
1,1.3365439142848554,265.2764625231797,0.18691311494142776,83,0.11449745821117809,0,Biometric,0,Legitimate,ACC-103101
4,1.8353190009025693,213.49709009033174,0.14019857879782976,99,0.09245694069234575,1,Biometric,0,Legitimate,ACC-103102
43,7.744318250646992,20.617656860435694,0.8868943138450956,0,0.643953265764442,2,Biometric,1,Fast Burner,ACC-103103
66,4.631091016311851,33.49887100473696,0.785501243917227,1,0.6579258218866343,4,OTP,1,Fast Burner,ACC-103104
4,1.1238870794800804,92.52420981639582,0.1657146290878598,117,0.05484741692883389,0,OTP,0,Legitimate,ACC-103105
0,1.230807155024576,242.97154566880207,0.1559927049863339,102,0.011092094172729805,1,Biometric,0,Legitimate,ACC-103106
55,9.076272393112827,13.444142294268222,0.9715283112890184,0,0.9183959980560702,9,PIN,1,Fast Burner,ACC-103107
30,4.7366548894262674,23.470870567340548,0.8038801691596912,56,0.8705171451654925,2,PIN,1,Sleeper Mule,ACC-103108
1,1.165178756963855,164.58324709181497,0.0054167309656415474,68,0.09100409451936431,1,PIN,0,Legitimate,ACC-103109
43,8.786597509261451,57.210110011072004,0.7347144485031025,0,0.7400559015914363,8,OTP,1,Fast Burner,ACC-103110
5,1.1164245828729855,965.6639500080965,0.0815216406435782,53,5.165519768116078e-05,1,Biometric,0,Legitimate,ACC-103111
36,5.326943961551012,45.812643163858,0.7762129021945912,41,0.8558457711613625,0,OTP,1,Sleeper Mule,ACC-103112
3,1.6590556871389681,1376.76787428341,0.17889572495335518,35,0.025697363074919728,0,Biometric,0,Legitimate,ACC-103113
5,1.1292059703399162,453.23231267382835,0.14499645184191934,13,0.032027877128259954,0,Biometric,0,Legitimate,ACC-103114
50,8.039266509386914,9.235423132691,0.7958924142212693,2,0.7198622396454852,3,PIN,1,Fast Burner,ACC-103115
3,1.0428887151331425,1341.5060911295918,0.07432552368768042,36,0.13273360821462066,0,Biometric,0,Legitimate,ACC-103116
4,0.9525798061492912,413.8398151468523,0.19873960602543167,22,0.044002085648790656,1,Biometric,0,Legitimate,ACC-103117
2,1.66140488455849,330.3033959657263,0.1759043185172175,87,0.07268060140328286,0,Biometric,0,Legitimate,ACC-103118
5,1.1455064583281298,158.39184341641186,0.15240198809553235,35,0.017242833371049916,0,OTP,0,Legitimate,ACC-103119
42,6.132177348564221,4.753595025962995,0.9109706159159542,0,0.7072191930144143,3,OTP,1,Fast Burner,ACC-103120
4,1.6660064097167684,526.0399429735874,0.13316455281111847,74,0.10163119740336163,0,OTP,0,Legitimate,ACC-103121
4,0.9537483123449125,63.23516523948379,0.12795434420279292,107,0.07565024662449957,0,Biometric,0,Legitimate,ACC-103122
4,1.9875916740806734,682.5865547357739,0.1934852864166028,30,0.048493815122099555,0,Biometric,0,Legitimate,ACC-103123
2,1.8405963371927871,256.63052541590673,0.01646305965746575,12,0.10465882785254,3,Biometric,0,Legitimate,ACC-103124
5,1.331401577555618,613.9498179687886,0.1073732534168725,64,0.08656644741956734,1,PIN,0,Legitimate,ACC-103125
3,1.2770157518387222,407.24067530728814,0.04979665324630285,47,0.05811040808913949,0,Biometric,0,Legitimate,ACC-103126
42,7.989136199813663,5.577893305442766,0.8211755360065074,1,0.9409101277966767,5,PIN,1,Fast Burner,ACC-103127
4,1.1673454124792515,845.3629417591584,0.06936044395760076,23,0.007526125809889366,1,Biometric,0,Legitimate,ACC-103128
48,5.771308605507348,8.15123208302635,0.9916054519454335,2,0.8674378053846725,6,PIN,1,Fast Burner,ACC-103129
40,7.254901860131472,6.150831306624499,0.9726786564244412,0,0.7433671181729751,5,OTP,1,Fast Burner,ACC-103130
7,1.5456640989206005,645.3522395280443,0.1931093835787891,69,0.03860969686205778,1,Biometric,0,Legitimate,ACC-103131
3,1.8500877801740896,1030.000899686151,0.14517486869905696,48,0.09920139179969885,0,Biometric,0,Legitimate,ACC-103132
46,5.833282685157819,13.949840585827491,0.7268904788668753,0,0.9472094884095936,6,OTP,1,Fast Burner,ACC-103133
32,5.293672080981513,90.16246794581744,0.6059181500956157,55,0.8300269420975024,2,OTP,1,Sleeper Mule,ACC-103134
48,4.6976348385721325,30.964524034636312,0.7122405886394559,1,0.9682584140713981,5,OTP,1,Fast Burner,ACC-103135
1,1.5439415632463707,1024.0844212669524,0.1544681951107685,61,0.07398171593579836,1,PIN,0,Legitimate,ACC-103136
3,0.8375089453022002,598.9137949556338,0.15253356327752843,87,0.05300698303983018,0,PIN,0,Legitimate,ACC-103137
33,5.566989657758694,43.483834420369774,0.635010840244575,119,0.6872165254329404,2,PIN,1,Sleeper Mule,ACC-103138
5,1.2826188702429626,194.27607853525788,0.12108002675010482,49,0.003616853932173897,0,Biometric,0,Legitimate,ACC-103139
4,1.101060522886248,594.3322226627479,0.0484959262791235,25,0.016189628289405327,0,OTP,0,Legitimate,ACC-103140
5,1.2989469182605529,1261.4878273188422,0.08782016114986219,54,0.008130121326304989,0,Biometric,0,Legitimate,ACC-103141
51,4.55498176773398,7.157461095975405,0.9890779016811344,0,0.670860266320548,5,OTP,1,Fast Burner,ACC-103142
4,1.0458600741875894,272.9691080557408,0.04729191521247114,46,0.019094312100564063,0,Biometric,0,Legitimate,ACC-103143
4,1.343188802642827,159.30902947321644,0.07729919817534454,39,0.04737290694769584,0,Biometric,0,Legitimate,ACC-103144
4,0.9692513044073547,71.1939562344314,0.08517669289300585,66,0.12197171865217785,0,PIN,0,Legitimate,ACC-103145
0,0.7966961985508345,74.29764576426969,0.1592556756595657,33,0.06938776065589133,0,Biometric,0,Legitimate,ACC-103146
2,1.186486656463454,620.2733562412363,0.05432822614883481,69,0.13022640790714324,0,OTP,0,Legitimate,ACC-103147
3,0.878847559609374,64.98638516982514,0.052911825599117,90,0.04911511045770585,1,PIN,0,Legitimate,ACC-103148
35,6.13476626643074,43.20802735320215,0.8493280384169494,48,0.8240133626390578,3,OTP,1,Sleeper Mule,ACC-103149
2,1.005949108749713,292.24242245415195,0.023611779952362834,10,0.04371721251479296,1,PIN,0,Legitimate,ACC-103150
2,0.9912510160823174,463.9589336829227,0.0811459385977337,75,0.09127706007614657,2,Biometric,0,Legitimate,ACC-103151
7,1.3152480533902433,303.39435167991786,0.10320105843475823,82,0.11412627786067053,0,Biometric,0,Legitimate,ACC-103152
1,1.2198423345447005,604.3079749928189,0.10626208737785905,30,0.14516582428947725,0,PIN,0,Legitimate,ACC-103153
3,0.781641468640357,313.3468787979916,0.03167477945982793,113,0.025388928630606867,1,Biometric,0,Legitimate,ACC-103154
46,5.586868630822495,9.640809956431488,0.9679210574545221,0,0.9717197922129924,8,OTP,1,Fast Burner,ACC-103155
3,1.3201104868387683,1970.5913849259919,0.19492462336151314,17,0.05386453545885723,0,PIN,0,Legitimate,ACC-103156
3,0.561405262644444,63.72398765870383,0.16344528381861845,116,0.0770066974925972,2,Biometric,0,Legitimate,ACC-103157
3,0.8954122877250552,812.2968356361068,0.18028873716984933,26,0.01985594391037539,0,OTP,0,Legitimate,ACC-103158
1,1.4397739372551734,902.8943194050554,0.08245450449487596,51,0.033013489813037526,0,Biometric,0,Legitimate,ACC-103159
44,5.715629741745104,6.609381013803341,0.9884002678982853,2,0.9520547205841134,5,OTP,1,Fast Burner,ACC-103160
43,6.056987515786658,13.1978717144796,0.9319974937043386,2,0.9369144671047853,2,OTP,1,Fast Burner,ACC-103161
4,1.378000979889409,662.2977007362147,0.12618258529316465,82,0.061830962537166384,1,Biometric,0,Legitimate,ACC-103162
44,6.230915330187065,20.650337785785382,0.725116370094484,1,0.61864630593827,6,Biometric,1,Fast Burner,ACC-103163
4,0.8607037834543241,685.8864692845284,0.07514015488441672,118,0.10498781622576334,1,Biometric,0,Legitimate,ACC-103164
1,0.8552461193349659,233.5707327284493,0.07724058490917621,103,0.06437940939368941,0,Biometric,0,Legitimate,ACC-103165
36,6.181368448478907,11.243210871817706,0.6726783255457132,68,0.5489372863409767,1,OTP,1,Sleeper Mule,ACC-103166
2,1.2511246252779336,615.8403782035027,0.19489997665255662,94,0.011364075738188895,0,Biometric,0,Legitimate,ACC-103167
2,1.5813090298293422,726.3532843125207,0.17261479971811472,60,0.008830826263462627,0,Biometric,0,Legitimate,ACC-103168
2,1.2482056494376959,107.15970263703937,0.089008421502048,111,0.014618392086708875,1,Biometric,0,Legitimate,ACC-103169
1,0.8874339202567895,70.36801236141044,0.1745235940393226,18,0.025384534635019034,0,Biometric,0,Legitimate,ACC-103170
38,9.20997788567589,10.706241700540918,0.8568105112718096,1,0.6654573013989377,7,OTP,1,Fast Burner,ACC-103171
5,1.5220099747334916,297.5313768914789,0.19709925427841712,49,0.05805186049179341,1,PIN,0,Legitimate,ACC-103172
4,1.062118410372756,120.37416231188615,0.10545734480673685,75,0.11552807266572371,0,PIN,0,Legitimate,ACC-103173
6,1.1871431257018985,264.9931354803474,0.06414081867271386,23,0.02470123807755312,1,Biometric,0,Legitimate,ACC-103174
29,4.307283499500742,41.84723610308411,0.7253909642888098,98,0.5886278154415103,3,OTP,1,Sleeper Mule,ACC-103175
2,1.5590289674941316,119.14914240368122,0.07426667168546923,93,0.05019612666953458,0,Biometric,0,Legitimate,ACC-103176
4,0.7976220818289786,181.87723284279087,0.15584533021645108,29,0.01756411217099971,0,Biometric,0,Legitimate,ACC-103177
45,5.580354209562298,11.903970026294097,0.8626585952798657,41,0.8231052101418584,2,PIN,1,Sleeper Mule,ACC-103178
1,0.9354544503043741,601.378291273565,0.1335965275658789,45,0.1165121049275836,0,Biometric,0,Legitimate,ACC-103179
4,1.5146383319013723,219.55323132588472,0.07599498489168165,88,0.06352425582418023,1,Biometric,0,Legitimate,ACC-103180
3,1.2061770531704037,510.71670144728296,0.19985530518924743,28,0.14120105268497565,1,Biometric,0,Legitimate,ACC-103181
40,5.384305575939779,9.181193761036479,0.6872756759100126,114,0.7173432549986888,1,OTP,1,Sleeper Mule,ACC-103182
4,1.5459509095364534,667.0597484006017,0.05100713392729202,19,0.05234286171770312,1,PIN,0,Legitimate,ACC-103183
4,1.1618524209375347,1710.5543221780817,0.12707991149582246,101,0.05289672098014533,0,Biometric,0,Legitimate,ACC-103184
4,1.932376753579602,876.2168812854376,0.1361634179907072,34,0.12936699396828033,2,Biometric,0,Legitimate,ACC-103185
52,5.516264692168588,12.315704315760149,0.9598653484283367,0,0.7804095727055802,11,PIN,1,Fast Burner,ACC-103186
44,4.37114771322057,11.683623235802768,0.881283654233448,98,0.8765393515436357,2,OTP,1,Sleeper Mule,ACC-103187
0,1.4982008365106538,1930.5413272131223,0.019525647921704883,45,0.021663462939674777,0,Biometric,0,Legitimate,ACC-103188
6,1.4026472541796409,147.39049261155844,0.10435788224889318,112,0.07637945297070894,0,Biometric,0,Legitimate,ACC-103189
1,0.9669678272438819,487.7799820255343,0.14535611047105354,78,0.11981304342250906,0,PIN,0,Legitimate,ACC-103190
3,0.6432200138434689,204.1755460208794,0.00419043405890498,48,0.043225764982115056,2,Biometric,0,Legitimate,ACC-103191
8,1.1037760885563461,271.7181389125804,0.020343688807925808,24,0.11529717534749756,1,Biometric,0,Legitimate,ACC-103192
4,1.6116836740339724,535.4385893237474,0.07547822208473826,46,0.032710145335789795,0,Biometric,0,Legitimate,ACC-103193
4,1.3693494612142492,652.5181682779917,0.19012489385406334,66,0.04097455356285828,1,Biometric,0,Legitimate,ACC-103194
6,0.9929962200556244,60.305911140337116,0.03744938978774472,11,0.0041689184950617015,0,Biometric,0,Legitimate,ACC-103195
37,3.9972157304138056,3.613703865619208,0.7917244773546024,1,0.7251683919354469,4,PIN,1,Fast Burner,ACC-103196
3,0.5892292289685672,1167.0946861164953,0.1691803334874226,94,0.06391184877964325,1,PIN,0,Legitimate,ACC-103197
2,1.25612068139298,389.13499975797254,0.11729355440810946,48,0.08406337779238025,0,Biometric,0,Legitimate,ACC-103198
43,8.215912685064902,33.97527107765837,0.7533164421544831,0,0.70264961110119,5,PIN,1,Fast Burner,ACC-103199
44,5.087600605042196,45.044056909923796,0.747044596547984,0,0.7146953412795451,6,OTP,1,Fast Burner,ACC-103200
43,3.9863056109913915,23.737223729244416,0.7641786383035831,2,0.8097002334342298,3,PIN,1,Fast Burner,ACC-103201
2,0.8011784690024755,531.6281106185222,0.07733850760111115,85,0.06652798207137425,0,Biometric,0,Legitimate,ACC-103202
3,1.420868233549538,245.795225913038,0.04294670047684568,47,0.06693282278732807,0,Biometric,0,Legitimate,ACC-103203
1,0.662804702112986,108.45177630600742,0.14154433200434507,117,0.04856633688979042,0,OTP,0,Legitimate,ACC-103204
3,1.1415631136150293,71.23561859028916,0.015146567491895115,111,0.047986631484243814,1,OTP,0,Legitimate,ACC-103205
3,1.114294035572321,110.96566473158799,0.11041533925624956,12,0.11867800308515457,2,PIN,0,Legitimate,ACC-103206
4,0.9473112849689793,269.17288333251014,0.1559368730731156,112,0.07485589553922954,1,Biometric,0,Legitimate,ACC-103207
3,1.3756564598570602,1357.5052459539845,0.18324676666264303,112,0.0479923293527381,0,Biometric,0,Legitimate,ACC-103208
1,0.9788214970824116,468.5494414313639,0.11174259051890433,34,0.09487614739946584,1,Biometric,0,Legitimate,ACC-103209
4,1.255265168859028,72.92233176634142,0.15705351220177732,119,0.08788484561265598,0,Biometric,0,Legitimate,ACC-103210
45,4.6422194425336425,17.372635382136416,0.7091493814252846,1,0.8146260225115584,8,OTP,1,Fast Burner,ACC-103211
1,0.9400656690142805,954.4887965120879,0.1838789682417357,34,0.08548455587554529,0,Biometric,0,Legitimate,ACC-103212
2,1.4429538183358281,1122.1658275888585,0.07215692831830578,28,0.06376119971445295,1,Biometric,0,Legitimate,ACC-103213
32,7.545207371774092,7.743665342936057,0.9133757180238586,0,0.8997721997101742,7,PIN,1,Fast Burner,ACC-103214
3,1.0851664794871323,526.6519318814596,0.017857179783587165,27,0.03826745469596371,2,PIN,0,Legitimate,ACC-103215
47,4.254594075146973,26.612339524168153,0.8683014560883942,1,0.8097053910784672,3,PIN,1,Fast Burner,ACC-103216
1,1.1320013388828,375.3043332216837,0.18446461229573383,57,0.14021711869626305,1,PIN,0,Legitimate,ACC-103217
3,1.7841985460712848,2071.206895974655,0.09451558697750706,103,0.086344634740964,0,PIN,0,Legitimate,ACC-103218
3,1.142399618921574,722.7413508592125,0.19950113863470026,42,0.134451495620204,0,PIN,0,Legitimate,ACC-103219
43,5.905593952160232,12.504337575860015,0.9430510499609887,0,0.8468508175835723,11,OTP,1,Fast Burner,ACC-103220
4,1.1476668197144153,534.6470272422328,0.08337395667288748,78,0.10424684379079954,0,PIN,0,Legitimate,ACC-103221
36,6.202032172130243,49.899922806598916,0.6901932948474697,80,0.636058906636696,4,OTP,1,Sleeper Mule,ACC-103222
37,7.729697221309306,9.309108798450112,0.7483201992738414,2,0.7243282059823986,7,OTP,1,Fast Burner,ACC-103223
4,1.4926007204666278,665.1184488523277,0.02208552729266662,6,0.05009991299250222,0,Biometric,0,Legitimate,ACC-103224
4,1.2726873557406955,925.6624539751886,0.1691209590196793,63,0.12725657080089248,0,Biometric,0,Legitimate,ACC-103225
46,6.755468824556857,6.268384948266769,0.866176314620759,1,0.8231156807457632,4,PIN,1,Fast Burner,ACC-103226
0,0.9911648845961094,1278.388476860721,0.019653041162664066,69,0.0075268165374544945,0,OTP,0,Legitimate,ACC-103227
1,0.9774470516974574,112.52672588453328,0.1776610304593295,39,0.1220323218657401,1,Biometric,0,Legitimate,ACC-103228
3,1.455010918556871,1015.7716981671741,0.12534251519135753,23,0.012114927723536766,2,Biometric,0,Legitimate,ACC-103229
4,1.1399238519561672,343.65135946229435,0.1371056030021673,7,0.003691950840513941,0,Biometric,0,Legitimate,ACC-103230
4,1.2858820010332326,466.1569130375445,0.011547255930196211,88,0.07658630123340003,1,Biometric,0,Legitimate,ACC-103231
6,1.3170516578640254,182.94918506897108,0.1540558504353427,108,0.0654090918138457,0,Biometric,0,Legitimate,ACC-103232
36,6.648587579348155,32.46206582096199,0.6007901764723375,50,0.7756155522536647,6,OTP,1,Sleeper Mule,ACC-103233
5,0.9986366774598333,165.5086140139686,0.16604870559408147,12,0.14078880950728967,1,Biometric,0,Legitimate,ACC-103234
2,1.0075752629929697,744.8124428614216,0.13490075575324753,50,0.13080281338809518,0,Biometric,0,Legitimate,ACC-103235
32,3.92803686842349,27.549733571449565,0.6971899242300467,100,0.5891006599527769,1,OTP,1,Sleeper Mule,ACC-103236
6,1.1771165544781252,371.2357829817303,0.032517262352622714,94,0.03968991812245753,0,Biometric,0,Legitimate,ACC-103237
48,3.8560524645411913,4.557076717707025,0.9333388882340671,0,0.6078420389622987,8,OTP,1,Fast Burner,ACC-103238
42,7.105663087526837,7.722447226442256,0.8713228255893066,58,0.6121775829615196,6,OTP,1,Sleeper Mule,ACC-103239
5,1.153048850937237,743.543315226256,0.043399549212063376,95,0.07906415144691258,0,Biometric,0,Legitimate,ACC-103240
4,1.5301178676836187,771.8163842811404,0.11448287559459945,20,0.1069216135673646,1,Biometric,0,Legitimate,ACC-103241
51,3.952184834331431,9.378961337064387,0.9311892950106913,0,0.6585228433004005,9,OTP,1,Fast Burner,ACC-103242
0,1.1612107628893475,1669.2493009837935,0.1949980930537394,85,0.1407127889274231,0,Biometric,0,Legitimate,ACC-103243
4,1.4085498052854768,163.70807620101203,0.0014385912015719927,77,0.051911593436977044,0,Biometric,0,Legitimate,ACC-103244
0,1.1440280240833907,565.3031836856526,0.09368705574141874,85,0.07305664492049448,2,Biometric,0,Legitimate,ACC-103245
4,1.0091404676393614,547.8492634001246,0.1976111437248218,107,0.11169723614333628,2,Biometric,0,Legitimate,ACC-103246
4,0.8190230738017359,587.1932830279387,0.07134725377842158,86,0.10470690634489987,1,Biometric,0,Legitimate,ACC-103247
2,1.272422734911014,147.33540866531567,0.18889379056230815,101,0.011965469662529081,0,Biometric,0,Legitimate,ACC-103248
2,1.8154528392256744,1891.773515628051,0.12491150050241824,43,0.0151238004080597,0,Biometric,0,Legitimate,ACC-103249
3,1.18652413855367,288.29635537864056,0.0518745067048392,12,0.1170309387109432,0,Biometric,0,Legitimate,ACC-103250
2,1.4702325395371674,121.57444982749327,0.10674007468303433,108,0.06602564367524595,0,Biometric,0,Legitimate,ACC-103251
1,0.9844371879662879,232.14490143151005,0.17851675527792407,35,0.07058956754040122,0,OTP,0,Legitimate,ACC-103252
2,1.3714592090702225,195.41804156151844,0.12012259538210364,61,0.033643055473943896,1,OTP,0,Legitimate,ACC-103253
4,1.0353584931668494,1050.2742477109055,0.06165159790096511,10,0.14400672617524335,0,PIN,0,Legitimate,ACC-103254
5,1.006838396667494,1122.7169068802505,0.013788122455844022,27,0.0326215109715625,0,Biometric,0,Legitimate,ACC-103255
5,0.6565080458644839,162.09627409101194,0.008487945158348253,35,0.0964827046095087,1,Biometric,0,Legitimate,ACC-103256
6,0.7244261967810428,352.8823610346359,0.16338011893697668,62,0.04685192155778877,1,OTP,0,Legitimate,ACC-103257
47,8.027248146123364,13.349058512105133,0.9002928469670661,2,0.6885321814111908,4,OTP,1,Fast Burner,ACC-103258
3,1.0231990306244458,93.34380678526965,0.011141379138684827,7,0.00030855310928434295,0,Biometric,0,Legitimate,ACC-103259
1,1.30098042826865,505.8142650849192,0.19787100302550384,93,0.008779760891306504,2,Biometric,0,Legitimate,ACC-103260
4,0.613474165824555,153.70954066789915,0.1341861585908218,67,0.12752086944468433,0,PIN,0,Legitimate,ACC-103261
38,2.7100767134254444,5.516312517689374,0.7510484893179638,110,0.7030688775663704,0,PIN,1,Sleeper Mule,ACC-103262
4,1.266906090888649,613.5455737421241,0.19866143886155962,17,0.06144812588284754,0,PIN,0,Legitimate,ACC-103263
5,0.9073401193156103,826.4576980231517,0.043144698093121894,85,0.02734938447248586,0,Biometric,0,Legitimate,ACC-103264
46,8.132154490939,77.85924841702472,0.9598746192654787,2,0.6042680797038619,8,Biometric,1,Fast Burner,ACC-103265
4,1.0101577202333454,1911.132928907809,0.15960310374089048,58,0.07914148510464171,0,Biometric,0,Legitimate,ACC-103266
34,6.324901298748524,32.16849163540597,0.8450016268213935,0,0.7174128847101688,6,PIN,1,Fast Burner,ACC-103267
3,1.0436235579431612,391.07667456925685,0.01966473341839277,55,0.11760498542746942,0,Biometric,0,Legitimate,ACC-103268
42,5.945282785409269,8.955523315579136,0.8259762525342524,2,0.8335267828030385,4,PIN,1,Fast Burner,ACC-103269
1,1.0008500691522928,223.2549127371543,0.19601854277185504,90,0.13484222783715663,0,Biometric,0,Legitimate,ACC-103270
5,1.163109316009689,509.89340838710837,0.17847542291865995,18,0.08234242650699593,0,Biometric,0,Legitimate,ACC-103271
1,1.2129376292859146,670.9584484632938,0.16872475771792816,108,0.013253918022914578,0,Biometric,0,Legitimate,ACC-103272
3,1.2432092705937678,365.61768533711097,0.10000147186317646,73,0.13613489390045241,2,Biometric,0,Legitimate,ACC-103273
37,6.364074160111483,7.714349928350646,0.8190613153134332,0,0.7309106243419122,1,OTP,1,Fast Burner,ACC-103274
2,1.3757438950663967,514.7705305707893,0.12340344138674203,25,0.041393748863007444,0,Biometric,0,Legitimate,ACC-103275
2,0.9238924151079224,552.9486098247503,0.19761089213910188,17,0.09227637170748634,0,Biometric,0,Legitimate,ACC-103276
38,8.657179319762148,8.369543367143091,0.7666434783751939,1,0.6309465656406127,5,OTP,1,Fast Burner,ACC-103277
4,1.4911387910719998,198.56232782496943,0.06938266407417946,17,0.07851207406771692,0,PIN,0,Legitimate,ACC-103278
2,1.5548701468162571,132.72244540248403,0.036560006049126195,98,0.04707242918984522,1,OTP,0,Legitimate,ACC-103279
4,1.4470070488431517,1573.5920040013102,0.11487101406077559,35,0.011470969896608146,0,Biometric,0,Legitimate,ACC-103280
48,6.511228905102283,5.850352719577683,0.9260055839377345,0,0.827147652479919,5,OTP,1,Fast Burner,ACC-103281
1,1.2694585440652557,3025.570438650907,0.07342863186241476,69,0.08908593903383968,0,Biometric,0,Legitimate,ACC-103282
4,1.18889757177803,91.52692042725722,0.018695784185325384,68,0.0873046379667952,0,Biometric,0,Legitimate,ACC-103283
36,3.1455365126750987,16.584241919114035,0.6074200089669817,52,0.6409769954070539,1,OTP,1,Sleeper Mule,ACC-103284
29,6.750668106965201,4.9774673721408575,0.9471484685979575,1,0.6911129538595338,4,PIN,1,Fast Burner,ACC-103285
39,8.259524636822611,44.67473094585883,0.72574494120113,2,0.8512786441517124,8,OTP,1,Fast Burner,ACC-103286
3,1.2465738156174837,173.43111236136406,0.0005960261564661895,98,0.04989543703636175,1,Biometric,0,Legitimate,ACC-103287
1,0.7143532284040679,522.2651916933406,0.14699910005288433,105,0.10913484623564546,1,OTP,0,Legitimate,ACC-103288
28,4.149440448955616,40.75231224914063,0.8769838623882411,105,0.5499214478173862,4,OTP,1,Sleeper Mule,ACC-103289
41,7.530199869484011,11.226936670871154,0.8970387700863677,2,0.8403845135863348,8,OTP,1,Fast Burner,ACC-103290
38,6.175098373159967,18.365478395699256,0.8121821643867789,44,0.5380421836064266,5,OTP,1,Sleeper Mule,ACC-103291
2,1.1201361148780524,363.32859446945264,0.15297790572222877,72,0.04763950044515579,1,Biometric,0,Legitimate,ACC-103292
5,0.8745096037558568,815.1069209457613,0.044768477712679666,100,0.1491013542092975,0,Biometric,0,Legitimate,ACC-103293
2,1.2536009325657216,319.99328947560343,0.15878088002653817,104,0.08656030735590425,2,Biometric,0,Legitimate,ACC-103294
1,1.0235674203227072,163.83694296185286,0.08595496688827323,32,0.10235967283392439,1,Biometric,0,Legitimate,ACC-103295
43,8.677937867742633,6.281919119294013,0.8015272049366784,2,0.6159459838352125,3,PIN,1,Fast Burner,ACC-103296
5,0.9159051703147956,2182.5612738489713,0.02869514082684295,62,0.0153802471931544,0,OTP,0,Legitimate,ACC-103297
2,1.2657926739396161,1663.8865234743557,0.15359349930158,85,0.10995707788373756,2,PIN,0,Legitimate,ACC-103298
1,1.5622509584855762,96.83815620524909,0.10281049105870953,75,0.1378371895493994,3,Biometric,0,Legitimate,ACC-103299
3,0.8434845987779787,341.93157190692045,0.14088636412951908,117,0.06197017819970241,2,PIN,0,Legitimate,ACC-103300
29,4.38543436203739,7.868882620696445,0.7938310284277851,89,0.7393138975647002,1,OTP,1,Sleeper Mule,ACC-103301
38,8.36819172023247,25.15830020141203,0.8215807024060472,0,0.9610327560098296,8,OTP,1,Fast Burner,ACC-103302
3,0.9451747590851083,681.8199153062305,0.05038507407132849,27,0.12267906060120759,1,Biometric,0,Legitimate,ACC-103303
3,1.0507891400579212,556.0718059434739,0.12232946654751971,60,0.04655140710858357,1,Biometric,0,Legitimate,ACC-103304
34,3.6501856082901467,20.00319237370625,0.7317905990007731,112,0.7093061367668111,2,PIN,1,Sleeper Mule,ACC-103305
4,1.5967645388494982,863.0347142224734,0.025091617908196386,88,0.09323508517225614,0,PIN,0,Legitimate,ACC-103306
38,4.793816196688959,11.579972714988452,0.7447535710652122,74,0.883247051095305,5,OTP,1,Sleeper Mule,ACC-103307
33,7.350282438117531,29.066803702672782,0.8816808174402146,0,0.733059911257633,7,PIN,1,Fast Burner,ACC-103308
42,6.359812079824351,13.437678786751533,0.9171860189932817,1,0.6072350827541946,3,OTP,1,Fast Burner,ACC-103309
0,0.7133038160118703,399.29110906542496,0.08618734635692954,102,0.1373629159022349,2,PIN,0,Legitimate,ACC-103310
4,0.7908396199111976,130.33552501610552,0.09909202663447206,35,0.05339361795037465,0,Biometric,0,Legitimate,ACC-103311
0,1.3986918427104906,196.98961535390524,0.16397538236521564,53,0.04965919898923426,0,Biometric,0,Legitimate,ACC-103312
40,6.5175205073980695,29.892114971518875,0.8262328008309964,49,0.8756451186383523,5,PIN,1,Sleeper Mule,ACC-103313
3,1.5456751955618244,390.5239847850664,0.13101180346811656,41,0.038912062662866155,1,PIN,0,Legitimate,ACC-103314
6,1.5270732850974194,314.574279304986,0.13052592721504475,14,0.05818084008397019,0,PIN,0,Legitimate,ACC-103315
55,7.279627516759115,30.9117390706214,0.9244566794794944,1,0.6068301292097239,6,Biometric,1,Fast Burner,ACC-103316
2,0.5460634015829263,186.59215259826226,0.15698243089014585,10,0.042043779169918756,0,Biometric,0,Legitimate,ACC-103317
51,6.717030761926806,18.528259352159182,0.8028273440971881,1,0.8302824341832586,6,PIN,1,Fast Burner,ACC-103318
2,1.6453302115320685,85.26718597317853,0.09690755004281133,39,0.11307139633689883,2,Biometric,0,Legitimate,ACC-103319
5,1.095975032697527,153.8347156110213,0.10444273592554493,41,0.04778373872821252,1,Biometric,0,Legitimate,ACC-103320
2,1.113402551796231,532.6420113296317,0.08371311962747173,44,0.06803364445736058,0,Biometric,0,Legitimate,ACC-103321
36,9.11653117659879,12.863274747614154,0.9573069000421728,1,0.6420494889537421,1,OTP,1,Fast Burner,ACC-103322
4,0.8608438631901116,607.2049520179194,0.19475186144860276,109,0.0884041577994112,0,PIN,0,Legitimate,ACC-103323
39,5.192065954559934,88.22954353008099,0.7770319589552089,114,0.577145033327526,4,OTP,1,Sleeper Mule,ACC-103324
3,1.108599649873303,132.64507350755446,0.1696549201334457,33,0.08374496510569567,1,Biometric,0,Legitimate,ACC-103325
2,0.5841652700488423,1760.403798735078,0.10869498407687267,89,0.07878886706198875,0,PIN,0,Legitimate,ACC-103326
4,0.9281345621421916,500.90743017155654,0.06164721018598838,70,0.13865459425285345,0,Biometric,0,Legitimate,ACC-103327
55,7.955382672992985,5.30123088595886,0.7797606248857598,0,0.7605562080637239,10,PIN,1,Fast Burner,ACC-103328
1,1.3466968591980135,151.7828307795616,0.1302679881739021,106,0.07184503675187195,0,OTP,0,Legitimate,ACC-103329
4,1.615461328138213,329.34719807321085,0.06570702331924119,41,0.025166955915663456,2,PIN,0,Legitimate,ACC-103330
1,1.0573545776431672,1598.5362384344553,0.09409299652352049,45,0.08903251342565058,0,Biometric,0,Legitimate,ACC-103331
4,1.0889890162295408,768.0506652616348,0.005726340946728303,89,0.017416037978232612,0,Biometric,0,Legitimate,ACC-103332
32,5.630124703328256,10.503801391319818,0.6823661539006933,64,0.6364219144740823,3,OTP,1,Sleeper Mule,ACC-103333
55,8.839749720527205,10.97795834029695,0.9852377433351214,2,0.6098634014248253,3,PIN,1,Fast Burner,ACC-103334
6,1.4785166037408513,357.5709607987903,0.11208230200312219,76,0.07606196986090702,0,Biometric,0,Legitimate,ACC-103335
3,1.7136914062312796,265.9042019938549,0.09458402337235589,10,0.07381531584583945,2,PIN,0,Legitimate,ACC-103336
42,6.0474555719798415,58.63603325782307,0.8260083155386575,2,0.7595464322644527,5,PIN,1,Fast Burner,ACC-103337
26,5.136380224776628,42.6756708178658,0.6874058580769516,109,0.5278178728842481,2,OTP,1,Sleeper Mule,ACC-103338
19,4.853760484794954,8.017171137665287,0.8052627038583748,72,0.6997806976291423,2,OTP,1,Sleeper Mule,ACC-103339
7,1.2992590593200735,729.6061766206337,0.07597092575249043,25,0.05884281864960398,1,Biometric,0,Legitimate,ACC-103340
3,1.2273815694502719,83.15723040879769,0.12792764186069916,55,0.004188389585795998,0,Biometric,0,Legitimate,ACC-103341
2,0.8302232807493254,1193.789681547679,0.021499864198448473,45,0.08630523032666879,0,Biometric,0,Legitimate,ACC-103342
2,1.3286433541299016,500.30500034137054,0.05465249091111646,8,0.03127091683510737,0,Biometric,0,Legitimate,ACC-103343
46,5.744804665996099,8.114182574407726,0.8716458073790724,1,0.9378183805369175,7,PIN,1,Fast Burner,ACC-103344
4,1.608528274002067,432.10475897337506,0.017514563453246024,41,0.02731213998753823,0,Biometric,0,Legitimate,ACC-103345
41,7.123098977265402,15.986280731767122,0.852474229021407,99,0.6222031535053819,1,OTP,1,Sleeper Mule,ACC-103346
2,1.310675160872474,184.68185786193385,0.08883375617456091,60,0.008969901288914821,1,Biometric,0,Legitimate,ACC-103347
3,1.3040880890653443,487.9338956586243,0.17715647158392567,81,0.004325276411848583,0,Biometric,0,Legitimate,ACC-103348
48,5.708988986705839,12.44948844302603,0.751646327311803,1,0.7432796894295706,5,PIN,1,Fast Burner,ACC-103349
32,4.576797011193477,12.818588875342803,0.7139786465926266,55,0.5074841868656816,5,OTP,1,Sleeper Mule,ACC-103350
3,1.3654309614526636,1015.2283226653649,0.10253228907345949,47,0.09174524310136069,0,Biometric,0,Legitimate,ACC-103351
6,1.2927835155380083,687.228578785483,0.19556229782763898,32,0.11700626187551472,0,Biometric,0,Legitimate,ACC-103352
1,1.7479941237935814,200.04898201384876,0.0521354253668973,32,0.08143745248994097,4,Biometric,0,Legitimate,ACC-103353
48,5.966162149635194,16.418759680105488,0.7761285557405913,0,0.6007281143817443,9,PIN,1,Fast Burner,ACC-103354
36,4.926925613688966,7.076036582613956,0.8622122929457865,116,0.8042979415965468,2,PIN,1,Sleeper Mule,ACC-103355
6,1.4414827720912042,180.04906837323952,0.0063134992819762654,89,0.07701032779884319,1,Biometric,0,Legitimate,ACC-103356
5,1.5908785265837433,117.22843562217645,0.14516410413885694,10,0.08834126761154351,0,Biometric,0,Legitimate,ACC-103357
2,1.7565355719106037,928.9315359148297,0.16932641065861356,110,0.033837037086843914,0,PIN,0,Legitimate,ACC-103358
3,0.9686191749967556,154.48492040349163,0.00966642795779822,80,0.03246554559485082,1,OTP,0,Legitimate,ACC-103359
4,1.2985689345562546,770.3325631693274,0.1077090884280262,31,0.07831566795178523,0,Biometric,0,Legitimate,ACC-103360
4,0.753323323178827,912.5286475461579,0.13663957013699943,22,0.14284131755198748,1,Biometric,0,Legitimate,ACC-103361
40,6.189564335089283,15.0842705619432,0.8513464404289336,71,0.7290891233978644,1,OTP,1,Sleeper Mule,ACC-103362
1,1.6578647876388835,403.83541752371025,0.1141844303600746,89,0.13564609576057052,1,PIN,0,Legitimate,ACC-103363
1,1.2321435989212703,1739.4665108076242,0.06036625957489672,68,0.13745187803924494,0,Biometric,0,Legitimate,ACC-103364
1,0.9834910637953672,305.82617619611005,0.02132261726224216,35,0.1487520976675251,0,Biometric,0,Legitimate,ACC-103365
1,1.0129209359002083,82.22072641302246,0.19938217785955456,99,0.14789123493331216,0,Biometric,0,Legitimate,ACC-103366
4,1.702775636282813,108.23593918207189,0.19417825181162374,54,0.058821617949653134,1,Biometric,0,Legitimate,ACC-103367
1,1.3402724737446472,1120.393078863775,0.15121222240110752,16,0.09963746758427725,1,OTP,0,Legitimate,ACC-103368
40,8.427535624929085,3.355858574029163,0.7495739700995125,2,0.936131039205446,2,OTP,1,Fast Burner,ACC-103369
37,6.082354248430816,5.776409678361509,0.8893294286781874,50,0.7662744136920163,0,PIN,1,Sleeper Mule,ACC-103370
2,1.2047725975198893,99.30605971114423,0.049321352736047125,65,0.021751825109442794,0,Biometric,0,Legitimate,ACC-103371
45,4.985382982844017,24.97286080723933,0.7561502710657545,1,0.8892974978065632,1,Biometric,1,Fast Burner,ACC-103372
2,1.1391228130397317,199.44923359340754,0.12376126146608474,107,0.050344348871117335,0,PIN,0,Legitimate,ACC-103373
2,1.6727161351121294,221.47022635759123,0.17498236665095768,65,0.016621740425495322,1,Biometric,0,Legitimate,ACC-103374
20,4.642648954321545,13.91775457672274,0.7233075573120378,114,0.5771682905035695,3,PIN,1,Sleeper Mule,ACC-103375
47,5.220766236606492,2.398352550798403,0.7287351476576488,0,0.6318281941030335,4,PIN,1,Fast Burner,ACC-103376
44,5.914944436543029,11.983712538938232,0.6507686523342013,113,0.6031801706782028,4,PIN,1,Sleeper Mule,ACC-103377
42,3.9360024238517175,2.057492154331878,0.9779294094805377,1,0.8575136301794379,0,OTP,1,Fast Burner,ACC-103378
43,8.50205769836164,31.488506509958217,0.9688815701239755,0,0.651939846367221,3,PIN,1,Fast Burner,ACC-103379
4,1.3829854161995931,1210.5331535023115,0.017006490700387445,107,0.020817452116009483,1,Biometric,0,Legitimate,ACC-103380
31,4.553470890793885,15.736131008248757,0.8293964735321298,113,0.7792594619092938,2,OTP,1,Sleeper Mule,ACC-103381
2,0.30997407937778076,179.05660700978683,0.19311141715280877,73,0.010943683457184545,1,Biometric,0,Legitimate,ACC-103382
6,1.2446282200007088,1343.531789660386,0.03560590592107273,42,0.10434624118733853,1,Biometric,0,Legitimate,ACC-103383
33,6.196488600445301,12.149336557947011,0.771868132001853,2,0.6460379959585902,7,PIN,1,Fast Burner,ACC-103384
29,4.20625147549085,20.79915159958776,0.870715113647311,46,0.5633350022158203,0,OTP,1,Sleeper Mule,ACC-103385
3,1.3701991430959888,361.24633072560493,0.15284870308152967,87,0.07647121212717396,1,Biometric,0,Legitimate,ACC-103386
3,1.184717316280979,204.2156809281472,0.18639584391147632,59,0.09694090770238707,1,OTP,0,Legitimate,ACC-103387
2,1.2499016597851966,368.44585657267186,0.16485094439300157,96,0.03736392816850707,2,OTP,0,Legitimate,ACC-103388
3,1.2070155375468543,473.36539425049494,0.19803456108368636,68,0.11489874595379075,0,PIN,0,Legitimate,ACC-103389
35,5.049098490181519,7.37977668413615,0.8921700856036332,98,0.7082637932961127,4,OTP,1,Sleeper Mule,ACC-103390
3,1.1147436353535665,221.3067395955343,0.14919296949565192,99,0.06547399904148715,0,Biometric,0,Legitimate,ACC-103391
43,5.614866879493376,19.262782363075996,0.8365499758420984,0,0.8477036587745824,9,PIN,1,Fast Burner,ACC-103392
5,1.4375235822026167,317.98235539117593,0.1477943063906579,104,0.03145181669926181,0,Biometric,0,Legitimate,ACC-103393
2,1.4983243260270713,78.71952647067211,0.06394968024531282,80,0.09905525844560807,1,Biometric,0,Legitimate,ACC-103394
1,1.5009939938444703,202.9855564749677,0.187038206091514,69,0.042101056539050226,2,PIN,0,Legitimate,ACC-103395
5,1.3312118022539003,87.40277485419075,0.055866203706068124,41,0.08813639664649085,1,Biometric,0,Legitimate,ACC-103396
34,6.001546748994201,4.136494443913609,0.8111025723676406,2,0.6513658783181758,6,PIN,1,Fast Burner,ACC-103397
42,5.017897339466491,78.87254856299579,0.7463252704020933,92,0.7123581731238354,0,PIN,1,Sleeper Mule,ACC-103398
3,1.597650065916377,2173.5307198059113,0.04706167961507415,90,0.11046776781297007,0,Biometric,0,Legitimate,ACC-103399
46,4.532517169701473,5.718545648457192,0.9429199303687852,1,0.7179480925206385,6,PIN,1,Fast Burner,ACC-103400
0,1.8999049254758065,278.8569405189854,0.19871299987066304,76,0.010393230463546803,1,Biometric,0,Legitimate,ACC-103401
2,0.9753564986929268,677.1733031573164,0.05649384606549961,57,0.1342449567965797,1,PIN,0,Legitimate,ACC-103402
7,1.1211075257952887,69.69872656265316,0.03863678254660457,24,0.09638580186369632,0,Biometric,0,Legitimate,ACC-103403
1,1.3618964323035212,186.6246918737344,0.07900908379393357,31,0.14676797223214894,0,Biometric,0,Legitimate,ACC-103404
5,1.3895701017473439,756.3672639196391,0.1226740339523686,57,0.13267514448977383,1,PIN,0,Legitimate,ACC-103405
50,7.813090510749252,9.08911879919551,0.8259947824220885,1,0.8144269067554502,4,OTP,1,Fast Burner,ACC-103406
5,1.2170119946517797,665.2383285905306,0.16716860497363106,37,0.09685917237007682,0,PIN,0,Legitimate,ACC-103407
4,1.0491271049885942,94.79758118392485,0.11190172668746562,111,0.07493030966160603,1,OTP,0,Legitimate,ACC-103408
3,1.2509055272573253,136.03911862996227,0.0513940155438289,72,0.05271189616949502,1,Biometric,0,Legitimate,ACC-103409
1,1.6515587996637118,371.7606936456698,0.047046915994129315,31,0.11779050988651117,0,Biometric,0,Legitimate,ACC-103410
2,1.427085820838346,319.4558927355675,0.17255598226050015,15,0.0735470728444952,1,OTP,0,Legitimate,ACC-103411
2,1.5713214317247675,1164.3487011939355,0.04432145134847909,18,0.140106568897124,1,PIN,0,Legitimate,ACC-103412
65,5.425659454477977,16.025025440988543,0.7583323531354,0,0.7244132431204016,7,OTP,1,Fast Burner,ACC-103413
49,8.801091814805622,7.455842926563401,0.9294611257875041,1,0.7140004080344221,5,OTP,1,Fast Burner,ACC-103414
5,1.3292219801945553,132.88134633318379,0.04292894279795115,43,0.047777105631041795,0,PIN,0,Legitimate,ACC-103415
44,8.198619640802969,5.2091259479787,0.7361966055430773,2,0.9995712637252483,3,OTP,1,Fast Burner,ACC-103416
0,0.9729658898937399,163.8069630628557,0.17683283503869662,66,0.07430030204091632,0,OTP,0,Legitimate,ACC-103417
4,1.311255567813299,198.7376256412107,0.016720456204882807,52,0.03266978413556196,1,Biometric,0,Legitimate,ACC-103418
2,1.1159151860768457,893.291289385868,0.1484752765745276,117,0.13920787861031905,0,PIN,0,Legitimate,ACC-103419
39,5.375713859549574,15.130457823919116,0.7989797217629124,1,0.6072559335572083,5,PIN,1,Fast Burner,ACC-103420
3,1.402130650300878,472.41827805742923,0.02180463214389863,50,0.023206032279389475,1,OTP,0,Legitimate,ACC-103421
6,1.0176570059911025,214.6828943343233,0.16948417752533118,104,0.08701379062344276,0,Biometric,0,Legitimate,ACC-103422
4,1.0828816598648572,447.72511008421645,0.1813892006297328,23,0.028990384035474725,1,Biometric,0,Legitimate,ACC-103423
7,1.0837534010190928,551.8091968129553,0.018977835047850222,19,0.07707746152803245,1,PIN,0,Legitimate,ACC-103424
4,1.1273135705464834,282.57896063791793,0.037834372720341874,108,0.027228395018093685,0,Biometric,0,Legitimate,ACC-103425
3,1.121147850161282,98.80752119519066,0.1955783715820919,23,0.05755311024576369,0,Biometric,0,Legitimate,ACC-103426
2,1.0014194460247716,1237.6879100175852,0.09292920022815776,11,0.08908218558217082,1,Biometric,0,Legitimate,ACC-103427
5,1.2322575001292395,948.2212874710865,0.1585971166629895,66,0.07719109653531925,1,PIN,0,Legitimate,ACC-103428
6,1.1017099688070118,556.0464349560252,0.1873536266744205,19,0.12554826921714693,0,OTP,0,Legitimate,ACC-103429
3,1.5111514417596013,1694.7145620081883,0.06773438497749944,9,0.013266922040863171,0,PIN,0,Legitimate,ACC-103430
38,8.160717499677924,4.816073315871934,0.8226254877133549,1,0.8403326786373514,7,PIN,1,Fast Burner,ACC-103431
2,1.383865221528955,373.91952867429444,0.16161791728087962,17,0.06459631232607368,2,Biometric,0,Legitimate,ACC-103432
2,1.2541404425493619,104.67032908370986,0.04705388756934137,23,0.10974192289700496,0,OTP,0,Legitimate,ACC-103433
36,7.538515416990169,3.4933836011674444,0.9053622004596044,1,0.8855116676678028,4,OTP,1,Fast Burner,ACC-103434
1,0.9264653136994074,576.4674351503975,0.07732643844274115,43,0.14072393409096887,0,OTP,0,Legitimate,ACC-103435
2,0.9872913293055083,188.00268066175963,0.12146174858425507,96,0.12131723192095414,0,PIN,0,Legitimate,ACC-103436
3,0.9847082587168378,134.79899217852545,0.03389765498401134,89,0.0016182744393738347,0,Biometric,0,Legitimate,ACC-103437
4,1.1608273628114485,67.03972183813087,0.060233107400251854,111,0.1292796024424358,0,Biometric,0,Legitimate,ACC-103438
4,1.1576274536794404,86.49080313373402,0.09043215044183145,117,0.09469556659923163,1,Biometric,0,Legitimate,ACC-103439
2,1.4867814180534933,581.7368569183022,0.01862185612009215,25,0.007535534888664147,0,Biometric,0,Legitimate,ACC-103440
2,1.6109343305887136,1529.0279678733914,0.009498844936464447,58,0.007830706439264739,0,Biometric,0,Legitimate,ACC-103441
34,6.492375839011898,11.01034454693429,0.8888022529036971,0,0.9338610978001087,4,OTP,1,Fast Burner,ACC-103442
35,6.745858415535225,21.305034514471412,0.8513145882455591,2,0.9510858070502057,5,OTP,1,Fast Burner,ACC-103443
51,9.255040746629042,44.66337381965239,0.7930007478639732,0,0.8033729610379348,3,PIN,1,Fast Burner,ACC-103444
0,1.6098644355617364,164.69956717777745,0.10235898334023824,26,0.10359995846421435,1,Biometric,0,Legitimate,ACC-103445
2,1.1438777190231837,257.22663870567385,0.03847663624484996,100,0.006574476816666119,1,PIN,0,Legitimate,ACC-103446
61,6.8866165124813365,12.867158368655781,0.7413783209506827,1,0.7220601510714897,2,OTP,1,Fast Burner,ACC-103447
44,6.903269444313687,13.93405429730014,0.737233458248457,1,0.7673348983988254,6,Biometric,1,Fast Burner,ACC-103448
3,1.2060041415004832,266.9786604387966,0.08312831332956605,54,0.06594686271371059,0,PIN,0,Legitimate,ACC-103449
45,7.6361278246704805,7.246394304496486,0.856149526450976,0,0.7691291843304766,8,PIN,1,Fast Burner,ACC-103450
1,1.072657224722466,256.2433890621099,0.11833608390640032,15,0.024435403993948283,1,Biometric,0,Legitimate,ACC-103451
2,0.8627502045714197,82.94780521483236,0.05524546271305469,24,0.13822555906384412,1,Biometric,0,Legitimate,ACC-103452
3,1.0707685173958847,288.16293227540075,0.19365871165459028,6,0.01797900801204842,0,Biometric,0,Legitimate,ACC-103453
5,1.4720502439118779,248.00940819951492,0.059243052330341106,11,0.019194219240273862,0,Biometric,0,Legitimate,ACC-103454
1,1.0410021204889572,425.44335352010484,0.1492172645643255,29,0.05911962731589397,0,Biometric,0,Legitimate,ACC-103455
3,0.950378859680161,1448.1977385361324,0.06058341362620248,43,0.13362770810387742,0,Biometric,0,Legitimate,ACC-103456
5,1.578773222089245,186.88655396050478,0.13049162969759073,54,0.1133009967533211,0,PIN,0,Legitimate,ACC-103457
3,1.4177463444116392,299.89025025092775,0.021768464565509228,109,0.025163093379830432,0,Biometric,0,Legitimate,ACC-103458
1,0.7922396194010031,518.8286313273834,0.14649002317346124,112,0.011154986272453121,0,Biometric,0,Legitimate,ACC-103459
3,1.4563107961048263,205.38150066048644,0.04270369808867285,102,0.07808480942120472,2,Biometric,0,Legitimate,ACC-103460
51,7.592170952532818,7.032959971129094,0.861111952903696,0,0.8351610276769132,5,PIN,1,Fast Burner,ACC-103461
2,1.8999106686334402,263.37084307524947,0.11872294087611215,116,0.07810351313160767,1,PIN,0,Legitimate,ACC-103462
2,1.6163896751920102,230.48645701735484,0.059588091745807814,60,0.041317945836971084,0,Biometric,0,Legitimate,ACC-103463
5,1.3026298444672144,548.7134827196978,0.07843133104824576,35,0.047782820625465426,0,Biometric,0,Legitimate,ACC-103464
2,1.279888606932187,61.37739324818163,0.0874171731918852,32,0.01864624488769086,0,Biometric,0,Legitimate,ACC-103465
3,1.2053496763589273,684.5775470439444,0.05894645515533828,15,0.03221850581088814,3,Biometric,0,Legitimate,ACC-103466
50,7.111294083665146,27.93947859014216,0.822469063930976,1,0.7700349175623832,4,OTP,1,Fast Burner,ACC-103467
51,5.63320456672971,51.96730512482618,0.8687634095317565,86,0.7798019748685188,2,OTP,1,Sleeper Mule,ACC-103468
2,1.0267973952874998,137.8359533797746,0.1648664675470497,117,0.049642935772616685,1,Biometric,0,Legitimate,ACC-103469
55,7.209467068512415,37.36641405499908,0.7246982078715252,2,0.8238322564032529,2,PIN,1,Fast Burner,ACC-103470
46,5.129822055308096,7.561119931350673,0.908330532157265,0,0.8578014813635018,5,OTP,1,Fast Burner,ACC-103471
32,6.477160784885188,14.240003061628027,0.7335295120287761,57,0.6086084314931401,4,OTP,1,Sleeper Mule,ACC-103472
4,1.3237924084328896,552.7066453098653,0.1905493201985077,61,0.053945772263397265,0,Biometric,0,Legitimate,ACC-103473
29,7.044901146950058,5.054365829423938,0.6549266974697855,39,0.6116602788288666,2,OTP,1,Sleeper Mule,ACC-103474
3,1.0278890567122045,163.08601671736113,0.12481168855546974,44,0.015309165527913464,0,Biometric,0,Legitimate,ACC-103475
0,1.2486669650696496,126.68083404757807,0.06041575985469936,74,0.04439857429136907,0,Biometric,0,Legitimate,ACC-103476
2,0.9853461701631754,223.92428357659276,0.10365046228264199,49,0.04077516360373571,0,Biometric,0,Legitimate,ACC-103477
2,1.7289896400898708,999.5253900230878,0.04393752508589635,99,0.09372157335368259,1,Biometric,0,Legitimate,ACC-103478
2,1.1286829879958662,177.03932113175625,0.12236701091983618,51,0.048495131250657166,0,Biometric,0,Legitimate,ACC-103479
46,7.374823098226679,14.82747367390832,0.9870195671614277,1,0.862879794696257,6,OTP,1,Fast Burner,ACC-103480
4,1.506437431204613,996.1554395401224,0.16680888324429646,45,0.04805269123104414,0,Biometric,0,Legitimate,ACC-103481
3,1.2655706666621147,858.3101334979557,0.0833653007849704,7,0.07735619508519563,0,Biometric,0,Legitimate,ACC-103482
1,1.228171944498135,377.0437297298613,0.15793890254739756,50,0.009089537200996294,1,Biometric,0,Legitimate,ACC-103483
5,0.9825257538703509,440.3199575099224,0.1350010177164714,104,0.05656613825071623,1,Biometric,0,Legitimate,ACC-103484
3,1.0545133365367154,904.3540496860446,0.06994791816879671,33,0.03906323528019549,1,Biometric,0,Legitimate,ACC-103485
1,1.6583944720918533,295.048972137114,0.052648731254649334,57,0.11073780653653852,0,Biometric,0,Legitimate,ACC-103486
4,0.6205643132711335,338.5709612387067,0.06081270750130055,70,0.04275870057348946,0,Biometric,0,Legitimate,ACC-103487
3,1.3197014277731556,559.2632779213312,0.19314532468235768,58,0.01599551451432255,1,Biometric,0,Legitimate,ACC-103488
1,1.8430334455630943,1079.4339831327263,0.03623052146099424,10,0.11867830031645993,0,Biometric,0,Legitimate,ACC-103489
45,8.903983649637338,4.966850518380788,0.9164491229720422,0,0.9726261808458507,3,PIN,1,Fast Burner,ACC-103490
3,1.5219354080398124,633.4909757099535,0.05040937193441411,92,0.06145156137347624,1,Biometric,0,Legitimate,ACC-103491
43,5.38430336738662,6.722018868664431,0.8513111986444403,0,0.8557166913843084,7,OTP,1,Fast Burner,ACC-103492
38,4.465180520223688,25.995635924958165,0.8604596782432434,46,0.53046794191524,3,PIN,1,Sleeper Mule,ACC-103493
50,5.8267861941021355,19.84081878484896,0.7941038202339723,0,0.6079875474412675,9,PIN,1,Fast Burner,ACC-103494
2,0.5085428482211134,660.7791862657893,0.0600497693832277,34,0.05375182630092879,1,OTP,0,Legitimate,ACC-103495
5,1.207343900955573,281.0764952918313,0.16215229362952768,84,0.06969604657505109,1,Biometric,0,Legitimate,ACC-103496
40,6.017056386668225,32.11708350808794,0.867991239190646,70,0.521756343555644,4,OTP,1,Sleeper Mule,ACC-103497
3,1.4237569554295733,312.56971153828704,0.08202994397772796,88,0.10427069587912464,0,Biometric,0,Legitimate,ACC-103498
7,1.9105003627201311,473.15226716346547,0.10103824575055385,101,0.12859149540619344,1,Biometric,0,Legitimate,ACC-103499
39,7.746140100064775,3.713633898428766,0.7530487610673522,0,0.9350516079856666,3,OTP,1,Fast Burner,ACC-103500
3,0.9022022953645256,218.90009524122752,0.13371250511242197,101,0.008930409830122587,0,Biometric,0,Legitimate,ACC-103501
4,1.0368269839460227,1396.62815210311,0.08603289050289993,67,0.019403454931853286,0,Biometric,0,Legitimate,ACC-103502
34,5.3835848298137075,7.270978041736278,0.755576777263726,63,0.5582675612940926,5,PIN,1,Sleeper Mule,ACC-103503
6,1.7966653916264559,395.17401606237655,0.0935141924504835,51,0.11892158424527405,0,Biometric,0,Legitimate,ACC-103504
43,3.262245939834833,16.43599305457852,0.8615325345990432,1,0.8595623818007977,4,PIN,1,Fast Burner,ACC-103505
4,1.3352311251558797,560.5619262272176,0.048428939947850115,30,0.12028199279325012,0,Biometric,0,Legitimate,ACC-103506
3,1.4429585954612625,92.9656087634643,0.11509337777059742,51,0.10421836535515012,0,OTP,0,Legitimate,ACC-103507
53,6.785248444000852,32.20329512371645,0.7407062788945864,0,0.9492193103147888,6,Biometric,1,Fast Burner,ACC-103508
4,1.2897599298266686,1062.6154786851048,0.1471377497340409,82,0.14238609565307095,0,Biometric,0,Legitimate,ACC-103509
7,1.3884236090700746,625.2758894234026,0.014596542946190172,96,0.03239822901536325,2,Biometric,0,Legitimate,ACC-103510
0,0.6000040319069126,837.7636126881034,0.11744042597536242,33,0.11133335756801994,0,PIN,0,Legitimate,ACC-103511
2,1.368228380401672,488.2823198778454,0.16540909822856595,32,0.004879448187899582,0,OTP,0,Legitimate,ACC-103512
2,1.1163615060685341,83.78772665624152,0.06138714875847045,62,0.10037870832114584,1,Biometric,0,Legitimate,ACC-103513
1,1.4063706248677195,596.9946082994647,0.19950050069623942,97,0.140967441964296,3,PIN,0,Legitimate,ACC-103514
1,1.2876796368467136,108.00866955445414,0.1483518953781928,52,0.1063356912064249,0,OTP,0,Legitimate,ACC-103515
3,1.3986920689943902,469.3586825902273,0.005326337382821001,116,0.1421381099665061,0,OTP,0,Legitimate,ACC-103516
51,6.331732748360296,74.25014665975841,0.7991959442675425,1,0.8463834782991073,5,OTP,1,Fast Burner,ACC-103517
2,0.8497497528357857,614.0264473050902,0.09947278404334355,93,0.014943267142448917,0,Biometric,0,Legitimate,ACC-103518
5,1.2001618087886636,281.2716890018746,0.14700276169215956,116,0.0686181982332053,0,Biometric,0,Legitimate,ACC-103519
4,1.2239987565730746,664.7857522276652,0.14948850506411182,44,0.09934958284560343,1,Biometric,0,Legitimate,ACC-103520
4,1.095851555274465,421.0349999745663,0.15494299560223823,10,0.05937552131353438,0,Biometric,0,Legitimate,ACC-103521
3,1.2250036052925275,340.1209185714722,0.15377105413796277,65,0.03524895308100568,0,Biometric,0,Legitimate,ACC-103522
5,1.0736691683514503,813.7915520979471,0.10997671189755043,96,0.12467931844856953,0,Biometric,0,Legitimate,ACC-103523
4,0.9856007649477022,203.52237618245744,0.18254532521767952,74,0.019161469126352443,0,Biometric,0,Legitimate,ACC-103524
46,7.952028484649497,2.2391076216957755,0.7947576488115861,0,0.8205328743803406,2,PIN,1,Fast Burner,ACC-103525
47,6.886953422563688,4.4621223133627215,0.7547495842592844,1,0.6482964498781245,7,OTP,1,Fast Burner,ACC-103526
3,1.4849101152833608,498.55806261765775,0.19512661307310109,19,0.06259588785592925,0,Biometric,0,Legitimate,ACC-103527
1,1.4982006118518834,336.1877950408472,0.14833947527593563,39,0.04037345664171414,0,PIN,0,Legitimate,ACC-103528
4,1.1129908795601422,121.48697358543305,0.17267731295787248,88,0.11941285444043623,0,Biometric,0,Legitimate,ACC-103529
1,1.5630498286095955,574.6367019037714,0.09888644016579767,68,0.03683750524107996,1,Biometric,0,Legitimate,ACC-103530
3,1.6006421693551962,72.29631928635747,0.1281107593288096,51,0.07493799796828383,0,Biometric,0,Legitimate,ACC-103531
55,5.656578198492054,3.6102592773980424,0.8381987845213406,2,0.9213424911680028,4,PIN,1,Fast Burner,ACC-103532
4,1.2584903117972275,64.8038597650569,0.017471962932827555,68,0.10884677824210008,1,Biometric,0,Legitimate,ACC-103533
3,1.1731992403586862,724.706886874288,0.017254631546709122,47,0.05497715305285146,2,PIN,0,Legitimate,ACC-103534
6,0.9934050274089699,238.35633337146825,0.04323076552127594,87,0.09115622510611521,0,Biometric,0,Legitimate,ACC-103535
34,5.408146193973094,14.28030157580977,0.7390423991523049,1,0.7033873831020303,4,OTP,1,Fast Burner,ACC-103536
36,4.187462401601201,7.302552319553049,0.6843882509370879,63,0.5013071751048308,2,PIN,1,Sleeper Mule,ACC-103537
47,6.568471612558187,2.2348549483084037,0.7489571378159896,2,0.6693527783291653,0,PIN,1,Fast Burner,ACC-103538
3,0.9886919027337355,727.345687336928,0.16128007202626596,81,0.060881866161542335,0,OTP,0,Legitimate,ACC-103539
41,7.706187553415711,13.835586612435005,0.6804209140445695,47,0.6429651571128793,3,OTP,1,Sleeper Mule,ACC-103540
39,5.185303884857688,4.884455607704139,0.916779921995045,1,0.8448464936639661,5,OTP,1,Fast Burner,ACC-103541
2,1.1313646968241855,670.3639255203566,0.004366375270484624,100,0.04229265079120512,0,Biometric,0,Legitimate,ACC-103542
0,1.0024579214216232,1187.5919313523223,0.14655237227633658,12,0.13784191132081636,0,PIN,0,Legitimate,ACC-103543
3,1.2737457665449168,87.21689624546343,0.02446086325874477,70,0.0060907832939987245,0,Biometric,0,Legitimate,ACC-103544
1,1.3074899444798305,823.7081441721671,0.19443641559335206,48,0.12780422097409108,0,Biometric,0,Legitimate,ACC-103545
2,1.192981811926816,905.1679275348894,0.1296359116530747,38,0.013868994888413593,0,PIN,0,Legitimate,ACC-103546
50,8.895681462473224,17.514213806775167,0.8851441543001567,2,0.6396158154465044,3,OTP,1,Fast Burner,ACC-103547
3,1.4009604113714464,740.3106154120695,0.1439799272769399,106,0.1069928359353663,1,PIN,0,Legitimate,ACC-103548
4,1.4895793153141343,974.4004692237495,0.04720552103856504,96,0.003943496981277017,0,Biometric,0,Legitimate,ACC-103549
2,1.7187902598134268,201.72003799655084,0.0480896250816159,65,0.12890423935366138,1,Biometric,0,Legitimate,ACC-103550
34,8.96620292507579,10.670092182649752,0.7114298491077367,0,0.9907910685522157,6,PIN,1,Fast Burner,ACC-103551
4,1.5341587193946662,763.9470125454847,0.08966726829163613,106,0.09414492332083019,1,Biometric,0,Legitimate,ACC-103552
3,1.101877970740864,718.790209697122,0.036101423968879436,14,0.09693742527905705,0,OTP,0,Legitimate,ACC-103553
3,1.037093416084263,735.6292687808168,0.09449700507427644,34,0.10576683920030158,0,PIN,0,Legitimate,ACC-103554
6,2.112206086247832,512.5569817585649,0.19251391747552649,9,0.025347661433933893,1,Biometric,0,Legitimate,ACC-103555
1,1.4703335343186514,1235.223391206413,0.007640158997835944,78,0.09632459830585612,1,OTP,0,Legitimate,ACC-103556
0,0.8067263978783521,1805.449907711397,0.08408783585590739,48,0.03361005703728186,0,PIN,0,Legitimate,ACC-103557
3,1.57062953272704,1018.0022945561744,0.10353673050601489,108,0.10927150261816991,0,Biometric,0,Legitimate,ACC-103558
5,0.8086353301247671,389.735445033763,0.016359822765489952,56,0.1327665433662172,0,OTP,0,Legitimate,ACC-103559
5,1.2652317242177527,224.8500761923024,0.1330778474336035,23,0.07820965318540177,0,Biometric,0,Legitimate,ACC-103560
40,6.912433561518966,11.247389184420447,0.8169378755450231,2,0.8676424238644462,8,OTP,1,Fast Burner,ACC-103561
4,0.9724608231207404,211.38716219502373,0.1635398623695212,110,0.021538634742472345,1,Biometric,0,Legitimate,ACC-103562
3,1.4062652158777482,1684.7693464273634,0.19486074810071874,119,0.010454366935371879,0,PIN,0,Legitimate,ACC-103563
1,1.5790617032389525,642.4355580271623,0.08900905666297308,30,0.022257804524946006,0,Biometric,0,Legitimate,ACC-103564
3,0.8397543000494878,193.5291633421818,0.07183407023395798,27,0.05031651097503544,0,Biometric,0,Legitimate,ACC-103565
39,6.21601568611039,46.720615246672274,0.6909972733426356,99,0.7772447352583881,2,OTP,1,Sleeper Mule,ACC-103566
2,1.1413220289452324,678.9763717786183,0.026431239460864543,95,0.028843900174092107,0,Biometric,0,Legitimate,ACC-103567
1,0.7460161592526683,689.3181737774944,0.11671603724673774,31,0.13668526945433937,0,OTP,0,Legitimate,ACC-103568
50,8.7470668513603,13.186150907172262,0.7683732151679844,2,0.6099730138660118,3,PIN,1,Fast Burner,ACC-103569
49,4.70952386876634,7.575564021324198,0.677611023915268,48,0.5702998946556516,3,PIN,1,Sleeper Mule,ACC-103570
3,1.2400498257184114,382.72173342364107,0.18907359496240053,14,0.035478021340983955,0,PIN,0,Legitimate,ACC-103571
5,0.8975960330487966,140.72432107026228,0.11762048886354054,40,0.03757595329677496,0,Biometric,0,Legitimate,ACC-103572
1,1.364261946050716,155.48703976308957,0.09058657411469061,28,0.09359163251939405,0,Biometric,0,Legitimate,ACC-103573
1,1.2390388314294125,96.77661498749794,0.015499204332348438,38,0.07123369587341265,1,PIN,0,Legitimate,ACC-103574
0,1.1840844024224682,762.4271654752843,0.012430385426513492,111,0.08837744889180942,2,Biometric,0,Legitimate,ACC-103575
0,0.75803801103742,244.82712930089858,0.0924193648385539,112,0.09572168525582608,0,Biometric,0,Legitimate,ACC-103576
47,6.727411865557294,37.52514328440424,0.9254296057344659,1,0.876992453691951,4,Biometric,1,Fast Burner,ACC-103577
49,5.355751588388799,7.2513982346908525,0.9273307504906488,2,0.7110727635626661,9,OTP,1,Fast Burner,ACC-103578
3,0.890974183528671,390.48559160218326,0.1628119348896684,100,0.13567562118271181,1,PIN,0,Legitimate,ACC-103579
29,4.032909314564244,25.70478981909176,0.6692569547589162,71,0.668616411788394,1,OTP,1,Sleeper Mule,ACC-103580
5,1.0233924901592177,1417.142060204582,0.09756059777376298,34,0.06441987398493049,1,PIN,0,Legitimate,ACC-103581
9,1.1159927301234691,717.1248719337307,0.18925938408768828,66,0.13705757157730075,1,Biometric,0,Legitimate,ACC-103582
6,1.5811587672441427,860.725320399832,0.12877264700208604,35,0.04611061494902369,0,Biometric,0,Legitimate,ACC-103583
49,6.408409948101396,9.845442437028677,0.978790299926197,1,0.7809498406624905,7,PIN,1,Fast Burner,ACC-103584
53,5.723926473044724,7.214910908561471,0.7728670966266011,103,0.5138265448640749,5,OTP,1,Sleeper Mule,ACC-103585
5,0.7346921454050039,283.0716248423074,0.10100541770045882,59,0.03156025363057236,1,Biometric,0,Legitimate,ACC-103586
29,5.502663178776318,4.497825338702744,0.8202839732836844,2,0.6338761432036426,5,PIN,1,Fast Burner,ACC-103587
1,1.4514531658798313,305.3653502537977,0.16412445085663074,32,0.13384605710131808,0,Biometric,0,Legitimate,ACC-103588
4,1.353220664882182,375.00216044382347,0.025916433585984545,8,0.09675630183611889,0,PIN,0,Legitimate,ACC-103589
2,1.0904601186612646,174.48872375027187,0.021907320995474256,85,0.11810679053851493,0,Biometric,0,Legitimate,ACC-103590
5,1.0505424237895682,1109.6118978877576,0.057420793337622116,87,0.03227354491661331,2,PIN,0,Legitimate,ACC-103591
29,4.94011019895186,11.298274996624226,0.8504802251426649,63,0.7687303376454535,4,OTP,1,Sleeper Mule,ACC-103592
3,1.270266124079868,392.7482877818321,0.18370203013771,55,0.0515869633775683,0,PIN,0,Legitimate,ACC-103593
3,1.1538573666356893,1531.0756277110356,0.04145812871883046,100,0.08437954463345729,1,Biometric,0,Legitimate,ACC-103594
2,0.7646688040599784,1864.753485563748,0.1306916556410792,34,0.14364142246925313,0,PIN,0,Legitimate,ACC-103595
4,1.189373957792547,509.0757066842951,0.0054474205168428165,75,0.010616050521045816,2,Biometric,0,Legitimate,ACC-103596
45,4.507044895419763,50.509553117969325,0.7543221109000489,2,0.6854530642614696,2,OTP,1,Fast Burner,ACC-103597
0,1.3630018790997143,402.1323859596539,0.07168514847602976,21,0.08136752386518764,0,Biometric,0,Legitimate,ACC-103598
2,1.0959079640684648,110.20840325150012,0.0614951870411165,83,0.022984795504984012,0,OTP,0,Legitimate,ACC-103599
4,1.4009653470647223,323.0926762772553,0.046401240256361435,106,0.11979311013453683,1,Biometric,0,Legitimate,ACC-103600
5,1.5422357401357423,672.1574612894839,0.0666408464251718,80,0.06056506356837159,0,PIN,0,Legitimate,ACC-103601
40,4.215160036620647,43.30783678407711,0.7751100759297048,1,0.7249323028441303,4,Biometric,1,Fast Burner,ACC-103602
37,10.23157109222461,12.466115177720072,0.8765377368466497,0,0.6460598844663646,7,OTP,1,Fast Burner,ACC-103603
47,7.258089101731368,39.848990944096215,0.7036111847508147,0,0.7285401122423741,3,PIN,1,Fast Burner,ACC-103604
4,1.0026125617003465,460.54952708110557,0.16439726553714423,44,0.128064450618728,0,Biometric,0,Legitimate,ACC-103605
42,8.558796277290748,33.66633822966567,0.993994714550956,0,0.8839188091865653,4,OTP,1,Fast Burner,ACC-103606
38,0.1,14.534964451862077,0.8129025284638248,59,0.6185491354461229,2,OTP,1,Sleeper Mule,ACC-103607
2,1.2100702944207018,2007.7828470275176,0.17506103135136034,37,0.03078815139464125,0,Biometric,0,Legitimate,ACC-103608
4,1.6805696374769943,95.7664849738211,0.03220366656484728,22,0.031141704835266425,0,PIN,0,Legitimate,ACC-103609
3,1.3356823132945737,218.29393429132142,0.17540239178857073,95,0.041464741755121166,0,OTP,0,Legitimate,ACC-103610
2,1.058045068107866,2126.75765360197,0.037986333439514436,30,0.09902403881171405,1,Biometric,0,Legitimate,ACC-103611
50,5.421585844757412,14.771353773255262,0.9422587641028497,0,0.8610003605750949,3,OTP,1,Fast Burner,ACC-103612
5,0.9021393883863905,1916.1074998971012,0.10013541496109526,30,0.1441311534031908,0,Biometric,0,Legitimate,ACC-103613
2,0.8983332086448756,340.15324193139173,0.16634422509863717,7,0.03942013159322086,0,OTP,0,Legitimate,ACC-103614
39,3.605743803980325,9.742393118524838,0.7265676803163545,50,0.8272928500822136,3,OTP,1,Sleeper Mule,ACC-103615
3,1.1859751638291893,359.6639753425334,0.13671760225638646,93,0.07822917578315565,0,Biometric,0,Legitimate,ACC-103616
4,1.3989820143793432,183.50587980821547,0.010637068293429898,12,0.022889210732263843,0,Biometric,0,Legitimate,ACC-103617
0,0.9826909104589617,1495.6940181536809,0.025221996267361282,25,0.019141377414673758,0,Biometric,0,Legitimate,ACC-103618
2,1.3451523375079384,368.7807806462672,0.09719769891318118,11,0.03532749278776333,0,PIN,0,Legitimate,ACC-103619
41,2.88448281571354,15.903277047471677,0.7507820558117879,37,0.8092808732148233,3,OTP,1,Sleeper Mule,ACC-103620
5,0.6982786422562942,2316.7169084949687,0.01629084294688008,16,0.10822359413535297,0,Biometric,0,Legitimate,ACC-103621
38,5.504986044578541,19.519075671964575,0.763240014889679,2,0.9882931623641535,3,OTP,1,Fast Burner,ACC-103622
4,1.5967853523782316,1370.4479070007635,0.04710933475273289,98,0.14354980097096964,1,Biometric,0,Legitimate,ACC-103623
38,7.14305944960533,21.270314848991706,0.7832068252088834,1,0.603869744521132,3,PIN,1,Fast Burner,ACC-103624
2,1.442862566475882,512.6144466562241,0.04807479080629325,31,0.08983254743554367,0,Biometric,0,Legitimate,ACC-103625
47,6.2143821893156606,4.865222796896544,0.8207099029058205,1,0.8619137468510255,3,PIN,1,Fast Burner,ACC-103626
7,1.0143033591456951,190.8001094786242,0.13724500063719874,92,0.056016039202250525,0,Biometric,0,Legitimate,ACC-103627
1,1.3913694948779773,1314.639668134575,0.037301336557155194,68,0.0026930206498858578,0,PIN,0,Legitimate,ACC-103628
36,6.875102013029355,6.5392403493281135,0.8500819092504847,2,0.9549325863067205,5,PIN,1,Fast Burner,ACC-103629
1,1.1761871579939063,413.66720952773665,0.03224248278367399,74,0.06942633855514924,1,Biometric,0,Legitimate,ACC-103630
52,8.9048092114441,26.3760319201921,0.9048424233456,0,0.6737422464822181,2,OTP,1,Fast Burner,ACC-103631
40,3.908597357575404,9.607418395158676,0.6695937004082162,93,0.8913008852734896,2,OTP,1,Sleeper Mule,ACC-103632
0,1.0462519827357293,499.06589704070586,0.15036241526553326,21,0.053185657088918814,0,PIN,0,Legitimate,ACC-103633
2,1.3003124240619894,1160.1356189809599,0.09162767258482794,9,0.028202573033036676,1,Biometric,0,Legitimate,ACC-103634
5,0.9514790334755245,697.0549745613209,0.15226198309047587,13,0.08634356258807965,0,Biometric,0,Legitimate,ACC-103635
1,1.1772303644761017,902.8837610065917,0.0007231723543135393,24,0.012993034351434535,0,OTP,0,Legitimate,ACC-103636
2,1.34806118826113,161.98428326552323,0.18603374292953562,93,0.1146002184041763,1,Biometric,0,Legitimate,ACC-103637
56,7.2890798798939835,35.548919399816576,0.8640255281720863,1,0.6252633135510685,6,PIN,1,Fast Burner,ACC-103638
7,1.4800268863427593,293.14613881624655,0.001303263138375055,25,0.1467307805699875,1,PIN,0,Legitimate,ACC-103639
3,0.8680967528768673,732.5447043616314,0.12187915268644814,60,0.054370696639800854,1,OTP,0,Legitimate,ACC-103640
2,1.7035721893046272,684.2049600890266,0.08613353790656804,13,0.0407500210024522,1,Biometric,0,Legitimate,ACC-103641
4,1.1778045655391194,1238.7894673371377,0.12847196474335562,92,0.09020507652195046,0,OTP,0,Legitimate,ACC-103642
0,0.7015257032466024,347.8175261084149,0.032566429165892564,24,0.13407105380812412,1,Biometric,0,Legitimate,ACC-103643
5,0.7710827270908887,270.2108321490664,0.07821377583028398,110,0.025122462896436108,0,Biometric,0,Legitimate,ACC-103644
4,0.594529766570641,429.34473714313634,0.1988737952733588,40,0.08811454303288228,0,Biometric,0,Legitimate,ACC-103645
1,1.6911365370005116,486.3578716244278,0.039412706808863246,94,0.10880631199868622,1,Biometric,0,Legitimate,ACC-103646
49,6.864682759161858,6.4575408361681195,0.905802848449446,0,0.953842672590628,7,OTP,1,Fast Burner,ACC-103647
3,1.7232309553397935,417.07880344641006,0.1704695601905276,72,0.13860859730400102,0,Biometric,0,Legitimate,ACC-103648
38,4.850556334603474,30.351134666285745,0.6150010192148898,52,0.6881443789185175,4,PIN,1,Sleeper Mule,ACC-103649
4,1.6294766715642333,587.7632587791792,0.19768093843118928,65,0.04396208168871564,0,Biometric,0,Legitimate,ACC-103650
45,6.176450818631668,29.938727067770998,0.8757886597672669,79,0.6184616439762903,4,PIN,1,Sleeper Mule,ACC-103651
1,1.2414578243373962,399.8340599133677,0.15115348018985847,8,0.09629012096485814,0,Biometric,0,Legitimate,ACC-103652
4,1.3444522892973916,232.27933883516909,0.1325047820767408,119,0.08846565684816189,0,Biometric,0,Legitimate,ACC-103653
42,9.632589671097817,7.089257421915476,0.9338057121790839,2,0.703036739757483,5,OTP,1,Fast Burner,ACC-103654
4,1.1198988714698905,98.10499208665527,0.0218029489069012,30,0.07904118375540493,0,OTP,0,Legitimate,ACC-103655
2,1.2304268892718973,341.00660904992316,0.15926037928465625,91,0.06377518094801553,2,PIN,0,Legitimate,ACC-103656
3,1.0791499714575588,312.79589737259437,0.03822128761869579,23,0.016427623791353874,0,PIN,0,Legitimate,ACC-103657
0,0.5242399455649053,1531.9354350528547,0.14151088339575152,15,0.10538324804439762,1,Biometric,0,Legitimate,ACC-103658
3,0.9433416936178128,744.781866933606,0.11441892134563472,116,0.031090599902767867,0,OTP,0,Legitimate,ACC-103659
4,1.917903688430036,94.12919730996694,0.00993374118016186,50,0.11447684942375781,0,Biometric,0,Legitimate,ACC-103660
2,1.3529661743763584,444.3364118085463,0.06778164065674457,36,0.11346368044788764,0,Biometric,0,Legitimate,ACC-103661
3,1.53134331115124,816.8724918196897,0.14504007931915075,39,0.0566476426258791,0,Biometric,0,Legitimate,ACC-103662
56,9.319408691118714,11.540701047680555,0.7584751683232758,1,0.6125972213904184,9,PIN,1,Fast Burner,ACC-103663
1,1.6390306962782983,487.35828016354856,0.08795283900568847,87,0.14261488442509804,1,Biometric,0,Legitimate,ACC-103664
2,0.49917911849362107,1015.7200808638204,0.03379140822026372,34,0.13205141121439742,2,PIN,0,Legitimate,ACC-103665
1,1.3701653716301616,1594.7626815529732,0.09259473302914245,52,0.011785737343750756,0,Biometric,0,Legitimate,ACC-103666
30,4.088803914585388,31.19239308300702,0.6174706773871801,66,0.7661114690674058,1,OTP,1,Sleeper Mule,ACC-103667
4,0.7914974908609107,598.9704343629833,0.19681191447708224,77,0.12549559083223844,0,Biometric,0,Legitimate,ACC-103668
5,0.48240543313315787,786.7278163903752,0.09076995540928263,11,0.029735688836554402,1,Biometric,0,Legitimate,ACC-103669
2,1.459761776575303,339.96481722606705,0.13850350185070356,65,0.032482074682999684,0,OTP,0,Legitimate,ACC-103670
5,1.4254689676206511,272.70619776144576,0.16134894869445043,53,0.03782288880882237,0,Biometric,0,Legitimate,ACC-103671
2,1.7042297140164568,429.8948459976749,0.01193477206742144,47,0.06392374877179154,0,Biometric,0,Legitimate,ACC-103672
2,1.0804223883258723,1997.2093429628417,0.18239514873635174,65,0.006964068360909009,0,Biometric,0,Legitimate,ACC-103673
2,1.2819933748755492,454.83647613536124,0.1503779583283955,8,0.09340073761929804,0,Biometric,0,Legitimate,ACC-103674
49,6.718258483388691,55.350982154294044,0.7733415532561648,2,0.9256883683328414,8,PIN,1,Fast Burner,ACC-103675
1,1.446633254184844,984.5688794184065,0.086643727035569,107,0.12803853854167396,0,Biometric,0,Legitimate,ACC-103676
42,6.176357902171802,5.61549550529465,0.7616944317097707,1,0.6204526369909583,6,OTP,1,Fast Burner,ACC-103677
4,1.4753316451654501,106.97858892486568,0.08086221960408786,23,0.07444164885861032,1,Biometric,0,Legitimate,ACC-103678
1,1.5709468536552529,849.1270627720495,0.05386839994995099,102,0.1270823109946227,1,Biometric,0,Legitimate,ACC-103679
38,8.838735204054133,28.573636369370604,0.9031537442313267,2,0.7118882632966274,6,OTP,1,Fast Burner,ACC-103680
2,0.3159287342147956,1557.4752983404042,0.16356928861208606,92,0.07642941699462416,0,Biometric,0,Legitimate,ACC-103681
4,1.2734353858810499,1107.2696446053167,0.08272492052215821,94,0.07607408863887315,0,Biometric,0,Legitimate,ACC-103682
3,1.0614073206086148,890.2209115930482,0.05300870574226853,54,0.01718430650940722,0,PIN,0,Legitimate,ACC-103683
4,0.7094129189785342,400.40062335828367,0.06404600819370436,99,0.012956156928419171,0,Biometric,0,Legitimate,ACC-103684
3,1.4154994629582738,242.23656567015226,0.07849796024684604,27,0.08637414700710348,1,Biometric,0,Legitimate,ACC-103685
37,5.269984472788859,21.072804947130997,0.6214054535752456,39,0.6770733946515377,2,OTP,1,Sleeper Mule,ACC-103686
4,1.9345760964522172,107.83844027796044,0.006028263544505608,88,0.14608585101555055,1,Biometric,0,Legitimate,ACC-103687
2,1.5268139508463823,123.0810371913619,0.09759220900830752,81,0.13969428410767265,1,OTP,0,Legitimate,ACC-103688
1,0.9146675859772606,115.9538707835597,0.08784589543383768,100,0.09252548861527196,1,Biometric,0,Legitimate,ACC-103689
32,8.803974841455966,9.92843874081911,0.8256408957808816,2,0.9864430492627064,6,Biometric,1,Fast Burner,ACC-103690
2,0.6062040615441914,950.5174512923923,0.060542812014632144,62,0.09230444551370524,2,Biometric,0,Legitimate,ACC-103691
4,1.570782960668431,416.42032675288146,0.1570362041446554,83,0.06677813186096167,0,Biometric,0,Legitimate,ACC-103692
51,4.527838521122506,4.046537118623937,0.9405988860896181,2,0.6885361807865281,2,PIN,1,Fast Burner,ACC-103693
59,4.53837264845031,18.52652628405719,0.7936856405580224,1,0.9039127176188257,6,PIN,1,Fast Burner,ACC-103694
0,1.5949034512558558,580.5578522046827,0.05216712319660315,58,0.06246865784926697,0,Biometric,0,Legitimate,ACC-103695
45,4.781856173469246,43.562667944743545,0.7850937478998118,109,0.7552964362336921,5,OTP,1,Sleeper Mule,ACC-103696
6,1.3613927909479466,579.8913732486552,0.0705197357089506,12,0.060815734210731574,2,Biometric,0,Legitimate,ACC-103697
0,0.8610997622068388,241.10329623076368,0.017468082822788868,63,0.0028970632443131306,0,OTP,0,Legitimate,ACC-103698
7,2.0207880478150466,562.2717107240005,0.10312799480396904,96,0.13021134429317383,1,Biometric,0,Legitimate,ACC-103699
6,1.3794516451004384,870.0382691402878,0.1699822870184276,104,0.061256952094721366,0,Biometric,0,Legitimate,ACC-103700
1,1.654274279994266,654.7519024952801,0.021222692020727886,59,0.08104699015614478,0,Biometric,0,Legitimate,ACC-103701
42,6.0422754088292825,52.23836007619956,0.7338899032387577,71,0.5970463152659946,4,OTP,1,Sleeper Mule,ACC-103702
40,6.993524014706236,8.168881916403258,0.7511343894708633,85,0.5446630164115956,3,OTP,1,Sleeper Mule,ACC-103703
5,1.5115158111478897,474.32660080999545,0.07598836168360573,34,0.06856544889637402,0,Biometric,0,Legitimate,ACC-103704
39,5.908961767307858,6.388094176720881,0.8146057641738966,0,0.7961521635958155,4,PIN,1,Fast Burner,ACC-103705
2,1.9278534011525323,340.4413481909495,0.05499182207938065,75,0.06250489230651583,1,PIN,0,Legitimate,ACC-103706
2,1.4809140403849865,619.8990621748754,0.004095692224879865,111,0.036514638751470416,0,Biometric,0,Legitimate,ACC-103707
3,1.2255137580600546,146.08852759029287,0.01941549809473149,29,0.06458458574119519,1,OTP,0,Legitimate,ACC-103708
28,6.173902902083605,43.962875198548794,0.8561971130104491,82,0.703754923958017,4,OTP,1,Sleeper Mule,ACC-103709
0,1.470529406382085,93.72880811917986,0.11677874274531895,9,0.018661380878254235,1,Biometric,0,Legitimate,ACC-103710
3,1.1325960295110389,1481.0322680336737,0.1018457627696222,106,0.10866045004768364,0,Biometric,0,Legitimate,ACC-103711
45,5.762392940198311,51.73498026975586,0.8465702737678352,1,0.821224911077821,4,PIN,1,Fast Burner,ACC-103712
3,1.4914032853624444,249.2163068042419,0.19753983855221655,32,0.011182946227807855,1,Biometric,0,Legitimate,ACC-103713
2,1.1352507733691537,134.7384343788092,0.1436484052544241,11,0.13247353329930814,0,Biometric,0,Legitimate,ACC-103714
3,0.9588829017315944,528.3758011188049,0.16743511672789757,71,0.1491917271137415,0,Biometric,0,Legitimate,ACC-103715
37,8.94398689546955,5.652693625408165,0.7478986130599226,1,0.9563170016162005,2,Biometric,1,Fast Burner,ACC-103716
33,4.3922743471900745,15.844789815408339,0.6077346776483289,40,0.8351330054250143,4,PIN,1,Sleeper Mule,ACC-103717
44,4.610057256670994,2.522739722338349,0.9678939417785011,2,0.9236559761265877,3,PIN,1,Fast Burner,ACC-103718
3,1.1844861628319185,168.89981211092964,0.19350383756104816,109,0.08004729271765305,1,Biometric,0,Legitimate,ACC-103719
3,1.1258761689576842,1292.8175296431764,0.16798816342938275,79,0.0337218722548269,0,Biometric,0,Legitimate,ACC-103720
6,1.0951725148092877,628.3991968802904,0.12061085358649636,10,0.11900520519863159,0,Biometric,0,Legitimate,ACC-103721
3,1.213172490563147,789.9506660036889,0.08705444777278826,115,0.05523452837412477,1,PIN,0,Legitimate,ACC-103722
50,4.888949048491968,3.431167717369713,0.9478799282436973,0,0.7881472531503992,5,OTP,1,Fast Burner,ACC-103723
0,1.0860276100378268,161.35389824769857,0.10746333904660954,38,0.0628456425574168,0,PIN,0,Legitimate,ACC-103724
3,1.4531370077644725,140.6963755698451,0.1967856403403236,57,0.14991158817849554,0,Biometric,0,Legitimate,ACC-103725
1,1.326548185848263,417.6254147144782,0.051285738930341544,10,0.03249195021992758,0,Biometric,0,Legitimate,ACC-103726
29,6.4536277177648245,41.7002729589413,0.6213873769682686,82,0.832414831955778,2,OTP,1,Sleeper Mule,ACC-103727
32,5.989056097212729,3.229862420274657,0.8665972508538577,1,0.8576600498403579,3,OTP,1,Fast Burner,ACC-103728
59,6.166069548060697,10.361984784139096,0.7481019024519971,0,0.8403339987010767,3,PIN,1,Fast Burner,ACC-103729
44,6.586348120441638,29.402528706107972,0.8013471879523301,109,0.52886706030177,5,OTP,1,Sleeper Mule,ACC-103730
4,1.3914552122184638,868.0104284112657,0.1252604664813473,8,0.08825531373662625,0,PIN,0,Legitimate,ACC-103731
3,1.2988900598423374,1631.2588455610014,0.04659841050918794,8,0.08946800717430174,0,PIN,0,Legitimate,ACC-103732
48,7.629520192383986,11.913740825714804,0.9924058221531777,2,0.6125400737901313,3,OTP,1,Fast Burner,ACC-103733
4,1.042872212691995,309.1561582052087,0.06956192991718335,93,0.07020010516219839,0,Biometric,0,Legitimate,ACC-103734
47,6.936999886076417,17.3445004483889,0.7652823160417743,0,0.8580273227727298,3,PIN,1,Fast Burner,ACC-103735
3,1.185882437767684,446.0515071619276,0.035168141075646496,62,0.01048440861163052,0,OTP,0,Legitimate,ACC-103736
4,1.5836621294101123,577.7937623537474,0.048572930106253256,105,0.12551012738289913,0,Biometric,0,Legitimate,ACC-103737
6,1.6536203847424358,681.0228335281291,0.08667024138612787,39,0.11657395443897435,1,Biometric,0,Legitimate,ACC-103738
3,1.6034055519691843,1163.456224059144,0.0061561663507046175,37,0.08998668939358719,2,Biometric,0,Legitimate,ACC-103739
29,5.982402701755571,17.574891473466845,0.8779952915395286,64,0.6285082220022883,5,OTP,1,Sleeper Mule,ACC-103740
48,6.267530690194504,24.250076113499535,0.8900334184866233,1,0.6025773873335571,2,OTP,1,Fast Burner,ACC-103741
4,1.4816726496118673,116.84836273519959,0.12819882322523118,84,0.13886127671651396,2,Biometric,0,Legitimate,ACC-103742
6,1.5891892601776636,588.145095526568,0.18413501924792608,111,0.05695908173900185,0,Biometric,0,Legitimate,ACC-103743
3,1.216383534873021,137.2498855136261,9.624778862349359e-06,96,0.004333225840794275,1,OTP,0,Legitimate,ACC-103744
49,8.166258447325525,13.34985697776293,0.7117330550177526,0,0.9398664435221239,5,PIN,1,Fast Burner,ACC-103745
0,1.0010723478523835,1967.4015740755744,0.07824068834288506,27,0.04071920758487606,0,Biometric,0,Legitimate,ACC-103746
2,1.0418801645280678,281.89685583595906,0.05847602254305276,92,0.0033923187246279463,0,PIN,0,Legitimate,ACC-103747
6,0.9852098330448172,1715.908805508132,0.19353283962928416,116,0.01854551510070208,1,Biometric,0,Legitimate,ACC-103748
44,8.452311550085087,20.892310718735004,0.8317403282567131,1,0.9261151508245636,3,OTP,1,Fast Burner,ACC-103749
39,6.34231969876391,26.36624049149222,0.9855204411223557,0,0.7248153405327579,5,OTP,1,Fast Burner,ACC-103750
31,5.697371048677873,14.122242555299604,0.8023288247972412,0,0.6652093118004813,9,OTP,1,Fast Burner,ACC-103751
4,0.9421685439614067,706.2483546437547,0.1675793349397427,116,0.13050731491225404,1,Biometric,0,Legitimate,ACC-103752
2,1.2900525147853563,1272.7897554468918,0.03877527987856386,77,0.12262033425246577,0,PIN,0,Legitimate,ACC-103753
4,0.925603879402281,570.6083186025562,0.07062628170221051,58,0.07894985264692768,0,PIN,0,Legitimate,ACC-103754
34,6.085229375528014,6.229235275588165,0.8328098103740972,45,0.6888040351221325,5,PIN,1,Sleeper Mule,ACC-103755
7,1.0241144851343544,82.95258299867642,0.10173666553754586,10,0.12840047487432726,3,PIN,0,Legitimate,ACC-103756
3,0.9011432263212009,1165.5341136998525,0.1258700736752747,57,0.011227327572834466,0,PIN,0,Legitimate,ACC-103757
5,1.251003065694063,487.63312660049485,0.11897317017752036,63,0.01233655158768096,0,Biometric,0,Legitimate,ACC-103758
6,0.9789295943304602,407.50385956095886,0.061676341371947045,17,0.09609256863383371,0,Biometric,0,Legitimate,ACC-103759
50,6.3459588955363735,3.0916194234165735,0.7307053090977131,1,0.6109675661607609,5,PIN,1,Fast Burner,ACC-103760
4,1.4249815178834515,962.6917548939758,0.0132479004176707,111,0.018311951642264346,0,Biometric,0,Legitimate,ACC-103761
4,0.8825560706116765,483.67225744384575,0.04308879742235783,45,0.08834727653837937,0,Biometric,0,Legitimate,ACC-103762
5,0.9669917841083568,176.6520064957887,0.08125414032945687,38,0.13647764622961278,0,Biometric,0,Legitimate,ACC-103763
35,7.236710032716437,3.8520828454492877,0.9024302718269884,1,0.62139138402076,3,PIN,1,Fast Burner,ACC-103764
38,7.411928498587013,3.143078003549542,0.9406725294694296,0,0.8678091014254582,2,Biometric,1,Fast Burner,ACC-103765
35,3.3252989269193636,6.749737377724869,0.6241464491743517,114,0.8570662973866041,5,PIN,1,Sleeper Mule,ACC-103766
37,6.760152016648406,41.14960840010248,0.9519744659938048,0,0.7837706305615174,2,PIN,1,Fast Burner,ACC-103767
47,4.6836763930510354,28.09760622685931,0.8515698548567673,0,0.8911664259997312,1,PIN,1,Fast Burner,ACC-103768
35,5.247826193584788,6.429366553805554,0.7324489540895498,2,0.9722731212500664,3,Biometric,1,Fast Burner,ACC-103769
45,7.92621513710392,26.85123064411221,0.9411786710290295,1,0.6053450605695638,3,PIN,1,Fast Burner,ACC-103770
32,0.9273025842000342,36.47191993934479,0.6252177713823089,77,0.6076789252068999,3,PIN,1,Sleeper Mule,ACC-103771
3,1.390573660981187,1334.228471314479,0.1338408009911531,27,0.06085593309620496,2,Biometric,0,Legitimate,ACC-103772
1,1.5220020530590634,111.62269164244603,0.10773449999632456,46,0.12179469130613674,1,OTP,0,Legitimate,ACC-103773
39,5.163523561435862,16.63141340083206,0.842613405988894,68,0.8653335198427892,4,OTP,1,Sleeper Mule,ACC-103774
3,1.3731787101602757,401.10604835366667,0.09024901067308971,116,0.12978933436977083,2,Biometric,0,Legitimate,ACC-103775
46,7.095510434903511,10.906117767590404,0.9748664793766644,0,0.7803238302813755,8,OTP,1,Fast Burner,ACC-103776
4,1.7269133962883978,658.3382186766867,0.11948157839631646,30,0.009272856451712873,0,Biometric,0,Legitimate,ACC-103777
3,1.441571957371322,226.28946305795904,0.11851806948889237,29,0.09813816911484424,0,PIN,0,Legitimate,ACC-103778
2,1.6047971783432218,2111.9916065594343,0.014748833028232135,73,0.07106808588014422,0,Biometric,0,Legitimate,ACC-103779
39,5.319750933400073,2.6931065877777054,0.7091773383539121,0,0.6324230105666698,5,Biometric,1,Fast Burner,ACC-103780
1,1.4445972500427042,442.17599349261445,0.12545532811930285,61,0.11015938142554521,1,Biometric,0,Legitimate,ACC-103781
2,0.6904648294799247,171.93692776273764,0.12102895708905873,45,0.00610356557267151,2,Biometric,0,Legitimate,ACC-103782
3,1.427191267132424,661.4778291594591,0.06290247407452264,108,0.02242549733703425,0,Biometric,0,Legitimate,ACC-103783
36,4.307364250199685,13.764692961731376,0.8472313047242498,0,0.6082541699667198,5,OTP,1,Fast Burner,ACC-103784
53,5.797918771987831,18.451046923945515,0.8679465252566332,0,0.8460139101874666,6,PIN,1,Fast Burner,ACC-103785
51,6.989443564021164,23.78276845907389,0.8311817045329899,0,0.6661767966435004,10,PIN,1,Fast Burner,ACC-103786
51,5.72046714473588,10.547921584265872,0.8887680636196922,0,0.9067068463014027,2,PIN,1,Fast Burner,ACC-103787
38,5.259536999204533,30.521192605016125,0.9850739122046572,0,0.7512253833747654,3,OTP,1,Fast Burner,ACC-103788
2,1.4765809803856067,996.8358893300322,0.031220999527480055,97,0.05204867013780571,1,Biometric,0,Legitimate,ACC-103789
5,1.3506704161055922,106.88931150539383,0.18459622654682956,13,0.1050243187219906,0,Biometric,0,Legitimate,ACC-103790
51,8.745302446995911,9.828761368348832,0.955582858065636,1,0.6816684981115904,1,OTP,1,Fast Burner,ACC-103791
26,5.433659273361785,50.18092696646378,0.6072412265527618,53,0.8044303976580998,2,PIN,1,Sleeper Mule,ACC-103792
6,1.6397507935808888,1062.6333451176988,0.1360704384303783,34,0.05089241727089128,0,Biometric,0,Legitimate,ACC-103793
53,7.822355714207139,31.466172018387898,0.7026935152770121,1,0.6359002736539079,3,Biometric,1,Fast Burner,ACC-103794
2,1.23882650304459,1209.222918085363,0.10168331027150337,35,0.12233991553211618,0,Biometric,0,Legitimate,ACC-103795
28,9.204827230881582,4.297875966341028,0.9982312732976395,0,0.9400960110383245,8,PIN,1,Fast Burner,ACC-103796
1,1.5835455622355017,1048.3635826658858,0.1255072979890752,11,0.1451791412409866,0,Biometric,0,Legitimate,ACC-103797
54,6.889325392565022,5.757867239434345,0.928369400621992,1,0.634418226069681,4,OTP,1,Fast Burner,ACC-103798
2,0.8780726014912154,460.161700084051,0.06153844873061463,68,0.014026959964764872,0,Biometric,0,Legitimate,ACC-103799
4,1.011467193253396,135.56737710720256,0.1426735107128141,67,0.04072833383069622,1,PIN,0,Legitimate,ACC-103800
2,0.8332911578987238,758.4282875849536,0.006130118141446483,88,0.027139622211313424,0,Biometric,0,Legitimate,ACC-103801
4,1.701612531912696,947.3834186857291,0.1611398370670564,21,0.1058399644679632,0,Biometric,0,Legitimate,ACC-103802
56,8.34824528616592,11.265719713259188,0.9081950992209842,0,0.6021896879934832,4,OTP,1,Fast Burner,ACC-103803
0,1.426555492141183,154.2600711771214,0.13221675345377093,99,0.10499490181569261,0,Biometric,0,Legitimate,ACC-103804
5,1.0821596949356573,162.74947851610415,0.1260832056838237,61,0.1137784786891062,1,Biometric,0,Legitimate,ACC-103805
40,7.723106373236499,3.63894232001834,0.9763884103979227,0,0.9378836666861079,3,OTP,1,Fast Burner,ACC-103806
2,1.4735250371916795,684.4306302839464,0.07095018718925535,110,0.11656064869843125,0,Biometric,0,Legitimate,ACC-103807
1,1.7702495445197233,259.9750444717429,0.04829660724149468,101,0.004059098107067299,0,Biometric,0,Legitimate,ACC-103808
5,1.1814671813188318,182.48934284114398,0.14625807721317766,106,0.10333695265482229,0,Biometric,0,Legitimate,ACC-103809
57,7.478261439783329,3.9412521881500515,0.8481860419751497,0,0.6664188914880503,5,PIN,1,Fast Burner,ACC-103810
3,0.6632864537261033,555.8542403049353,0.080823236309232,68,0.13369077582571418,0,Biometric,0,Legitimate,ACC-103811
46,6.640679639927566,9.331134069284822,0.8144056656478704,0,0.7556733540452515,5,PIN,1,Fast Burner,ACC-103812
1,0.7629427115255885,332.8037452617385,0.03150546511070327,52,0.03322422784932607,2,PIN,0,Legitimate,ACC-103813
3,1.6005338003412293,763.5927185632228,0.18596849872674126,35,0.07740917582795427,0,Biometric,0,Legitimate,ACC-103814
1,1.4479359332576287,602.9047344167204,0.19247606544540782,52,0.03834633448494054,0,OTP,0,Legitimate,ACC-103815
1,1.2743538845705473,785.9308110839356,0.012650806174858475,119,0.12056549288116719,0,Biometric,0,Legitimate,ACC-103816
44,6.353057422963909,4.346587845133515,0.766291072665073,2,0.7980122013029652,7,PIN,1,Fast Burner,ACC-103817
40,8.228529137107675,5.47945718424054,0.7837948286287746,0,0.7725469159206182,9,PIN,1,Fast Burner,ACC-103818
3,0.9491438656385025,463.7372435621428,0.041636805120124847,11,0.1210639438044008,0,PIN,0,Legitimate,ACC-103819
5,1.022935616339853,633.7617960041778,0.12879889457083968,48,0.008929384837226861,1,Biometric,0,Legitimate,ACC-103820
7,1.1588364890867398,822.791170599989,0.1003786050320304,116,0.02060960715155562,1,Biometric,0,Legitimate,ACC-103821
56,7.299164913767071,31.453064858622554,0.9634177672900694,0,0.7132590358137462,6,OTP,1,Fast Burner,ACC-103822
1,1.537930115023809,525.5156313033433,0.10736181705549122,94,0.09707140189951637,2,Biometric,0,Legitimate,ACC-103823
4,1.857491476516496,399.9440132658366,0.18287270404895234,34,0.031020730283245257,0,Biometric,0,Legitimate,ACC-103824
30,3.086456463862561,13.745106922035719,0.8744389756400741,91,0.7561624907633835,4,PIN,1,Sleeper Mule,ACC-103825
7,0.9045161624648903,128.52794618296662,0.02242385003253977,49,0.14658770928589177,2,Biometric,0,Legitimate,ACC-103826
4,1.5510577002211683,627.4252857273973,0.08364055686854482,14,0.07016047305424054,0,PIN,0,Legitimate,ACC-103827
48,6.501250837559341,3.5635927746313945,0.9823054229956547,1,0.8211603302778894,10,PIN,1,Fast Burner,ACC-103828
29,5.718077873836126,53.44320406730617,0.6785273271739385,52,0.6094277853769295,3,OTP,1,Sleeper Mule,ACC-103829
3,1.2677364102256563,1334.463516380654,0.10326036417525158,45,0.11199977591502278,0,Biometric,0,Legitimate,ACC-103830
53,3.7208980824770324,11.171516694730085,0.8852797971198403,0,0.6794139253401643,4,PIN,1,Fast Burner,ACC-103831
9,1.262351515009221,417.8030590076781,0.015400986640438919,13,0.13038877062401943,0,PIN,0,Legitimate,ACC-103832
5,1.1272450651421935,105.40268639347656,0.02791092091271288,39,0.04635354090842784,0,PIN,0,Legitimate,ACC-103833
53,6.162103554148006,2.343984171014149,0.9438854209075623,1,0.9724373116180395,8,OTP,1,Fast Burner,ACC-103834
5,1.2226227386773998,282.0345259947525,0.01290956100477665,83,0.10757248246257162,0,OTP,0,Legitimate,ACC-103835
2,1.2140045202485883,231.12929633389973,0.05200467462899379,70,0.02902758831092962,1,Biometric,0,Legitimate,ACC-103836
7,1.5988602731911572,120.04478804507616,0.17536788121503716,30,0.008714498098528489,2,Biometric,0,Legitimate,ACC-103837
3,1.1511263419871294,385.25664454620005,0.09890311010444364,70,0.09500471883912,3,Biometric,0,Legitimate,ACC-103838
4,1.4461822427726014,319.3661592661394,0.039403175923003866,96,0.07512405634669077,1,Biometric,0,Legitimate,ACC-103839
2,1.5116181178326549,272.8132660750624,0.14645885322801747,94,0.09493288500306192,1,PIN,0,Legitimate,ACC-103840
5,1.6308268038546048,808.8755143029679,0.07717216266832037,87,0.11307072930903296,1,Biometric,0,Legitimate,ACC-103841
3,1.6599037626747548,203.60781913009689,0.1756889825902159,49,0.002949388496382266,1,Biometric,0,Legitimate,ACC-103842
3,1.2219658350937395,277.83856138024265,0.008295972578890476,32,0.14123107500818877,1,Biometric,0,Legitimate,ACC-103843
6,1.1851600286030246,566.1656270187143,0.11602340660840615,119,0.07061861670633234,1,Biometric,0,Legitimate,ACC-103844
44,4.266191814352915,20.718026476683956,0.7883649099434173,1,0.9345180912146029,4,PIN,1,Fast Burner,ACC-103845
1,1.3001835143997118,498.1704581598091,0.12397245256602062,56,0.023707287390239706,1,OTP,0,Legitimate,ACC-103846
2,0.8155755060665921,530.2677582662011,0.06652490664136794,62,0.01871146172056296,0,Biometric,0,Legitimate,ACC-103847
37,7.453843608175692,5.763624506566801,0.9049024452585395,1,0.7630197720344338,6,PIN,1,Fast Burner,ACC-103848
48,6.583759667012356,13.198236544408143,0.7287728147700958,2,0.7763234143918488,9,OTP,1,Fast Burner,ACC-103849
1,1.4256139150856488,93.3930013961,0.08770024965491541,67,0.03512359961158133,1,OTP,0,Legitimate,ACC-103850
2,1.5893749516982285,127.32478638845292,0.08699427516634013,96,0.08403831825017359,1,Biometric,0,Legitimate,ACC-103851
3,1.512519855796379,112.77527085661303,0.05053484239151538,103,0.021206258340715205,0,Biometric,0,Legitimate,ACC-103852
5,1.3043748234362649,73.21474446951589,0.1396538463895417,40,0.132258786104913,1,Biometric,0,Legitimate,ACC-103853
6,1.4081093865039433,633.1300658441465,0.09818846882059162,97,0.12334138372851486,1,Biometric,0,Legitimate,ACC-103854
1,1.2873850997070768,216.77601024505626,0.1800433004761213,16,0.00046663164348642036,2,Biometric,0,Legitimate,ACC-103855
3,1.1106313965769408,772.6855023571954,0.09509126923240481,9,0.07391434100152561,2,Biometric,0,Legitimate,ACC-103856
44,5.774232217221753,21.15454804540052,0.8359979105022077,1,0.8692937589980965,3,PIN,1,Fast Burner,ACC-103857
0,1.001051287257213,496.99735469317943,0.02425054242647813,112,0.11953394470589997,1,PIN,0,Legitimate,ACC-103858
2,1.0065214619033105,144.4285193760325,0.07134626562246109,42,1.8770813486324033e-05,2,Biometric,0,Legitimate,ACC-103859
2,1.3820385075178903,515.9662843854189,0.07181927670727821,15,0.05590971419231811,0,Biometric,0,Legitimate,ACC-103860
2,1.0367135120533542,2156.670987212325,0.1611033257366125,115,0.08357346294303544,1,Biometric,0,Legitimate,ACC-103861
2,1.0886807913297443,337.9679835927908,0.02731778767528479,90,0.04394131701415925,0,OTP,0,Legitimate,ACC-103862
2,1.016469641342184,107.42260447726733,0.18537444056293167,83,0.12066621775071384,0,OTP,0,Legitimate,ACC-103863
4,1.3322270263316291,141.64460637466487,0.11705084524763654,10,0.018761054089415353,0,Biometric,0,Legitimate,ACC-103864
0,0.4972564987003959,332.1006598808984,0.03221684938342231,73,0.04592303431981511,0,Biometric,0,Legitimate,ACC-103865
46,5.187663581330592,5.734137172877588,0.819116270855627,1,0.792556132119663,8,PIN,1,Fast Burner,ACC-103866
42,4.553594560488897,62.520730524750064,0.8371252109984311,105,0.8984443949272467,5,OTP,1,Sleeper Mule,ACC-103867
3,1.0882313158287256,169.26945939713417,0.1876863630825486,69,0.010833235913326083,0,PIN,0,Legitimate,ACC-103868
5,1.611824899874662,1215.7115112878118,0.12456002769546196,99,0.017896787027545134,1,Biometric,0,Legitimate,ACC-103869
3,0.928711444004523,290.0268191017544,0.11595743171674522,21,0.03866065857225293,0,PIN,0,Legitimate,ACC-103870
5,1.6032853725703788,2430.294464700633,0.09785450399521681,60,0.056229239947765235,0,Biometric,0,Legitimate,ACC-103871
44,6.584220688480047,22.009963788860723,0.8777874206158376,2,0.7359093707787661,5,OTP,1,Fast Burner,ACC-103872
2,1.436626213165634,1236.5100113318883,0.04774273836974674,17,0.13614271573177314,1,Biometric,0,Legitimate,ACC-103873
1,0.9261586540196415,114.47212671076605,0.010079558848676352,101,0.12244055961472346,0,Biometric,0,Legitimate,ACC-103874
2,1.5488968787032014,452.89953146687424,0.042936538334701506,80,0.011450718811697569,0,Biometric,0,Legitimate,ACC-103875
3,1.3763084705603437,180.59537726277,0.05439116920776992,32,0.1012516494129043,0,PIN,0,Legitimate,ACC-103876
3,1.1579466210523968,76.70741737862079,0.073827181592827,35,0.010207358250744591,0,Biometric,0,Legitimate,ACC-103877
29,6.759543705556091,51.92992451583425,0.636108830556663,69,0.8617788706930471,5,PIN,1,Sleeper Mule,ACC-103878
4,1.1557385435699543,146.49387202975723,0.08281918654852677,99,0.1050230368104861,0,Biometric,0,Legitimate,ACC-103879
2,0.784222000208926,85.70298191460864,0.015036117002805183,67,0.03386583940462003,0,Biometric,0,Legitimate,ACC-103880
4,0.8024155884142676,480.07594718229007,0.09091922139094402,71,0.12700666834987787,0,Biometric,0,Legitimate,ACC-103881
4,1.6052981717182546,2571.609957688857,0.048197117909258916,19,0.110769511212246,2,Biometric,0,Legitimate,ACC-103882
2,0.20366563332325838,85.9682457325791,0.18783184651102386,9,0.07921606889625828,1,Biometric,0,Legitimate,ACC-103883
2,1.2603100511149712,225.72058113585425,0.00021830820459138868,28,0.07470003597566179,0,Biometric,0,Legitimate,ACC-103884
2,1.3323719466510813,90.62023558583513,0.18097854009958325,57,0.11351870141179429,0,PIN,0,Legitimate,ACC-103885
5,0.7526316505828612,69.8119845565856,0.123546243270926,99,0.0328156458891506,1,Biometric,0,Legitimate,ACC-103886
4,1.1356437148992273,362.6538225147803,0.12722241144058766,109,0.015196255023437116,1,Biometric,0,Legitimate,ACC-103887
5,1.1905585889388948,153.3428836120679,0.004388293519512798,88,0.12161881082442423,2,Biometric,0,Legitimate,ACC-103888
29,5.477364067719011,55.53264324309289,0.7571673106148724,104,0.5525248411015048,6,PIN,1,Sleeper Mule,ACC-103889
36,7.881697432817983,32.27121491553153,0.7435997592660717,51,0.6593686097460991,2,OTP,1,Sleeper Mule,ACC-103890
4,0.8244233218579642,769.694935782819,0.06192457858523126,45,0.03579745353492806,0,Biometric,0,Legitimate,ACC-103891
7,1.3562930620475315,119.45379559698858,0.05006568876040645,24,0.0012593238126212547,0,Biometric,0,Legitimate,ACC-103892
1,1.3691449678159513,746.4945013210048,0.14429708188730986,97,0.009038593630760039,1,OTP,0,Legitimate,ACC-103893
2,1.6639196061569486,77.34637798733469,0.001417293489476479,57,0.012228913780808176,2,OTP,0,Legitimate,ACC-103894
2,1.1276810332602656,353.4014019193993,0.03905743020320192,92,0.029714935804679914,0,Biometric,0,Legitimate,ACC-103895
3,0.8737565495662896,1098.0416589647061,0.08206311029477793,105,0.13766643785593724,3,Biometric,0,Legitimate,ACC-103896
0,1.6805977963840237,230.4203281657198,0.1297366089808467,91,0.06993721917649522,0,Biometric,0,Legitimate,ACC-103897
28,6.710460578120456,10.489498999921146,0.7679555073534665,95,0.8244215281757135,2,OTP,1,Sleeper Mule,ACC-103898
32,8.258922724544501,14.281971819549735,0.7901929730164794,74,0.618308310827004,2,OTP,1,Sleeper Mule,ACC-103899
60,4.106467220273595,6.020663304640865,0.8992573242645423,1,0.8998681436967637,5,PIN,1,Fast Burner,ACC-103900
3,0.9111994396772923,655.0818212068981,0.16491517406588893,29,0.127066983523638,0,Biometric,0,Legitimate,ACC-103901
4,1.1756787776975925,2133.1340663817205,0.16176022122709094,30,0.05333525324415873,0,Biometric,0,Legitimate,ACC-103902
38,5.726085795212822,54.896514419270865,0.7918883570503981,42,0.7969709372238903,3,PIN,1,Sleeper Mule,ACC-103903
1,1.2496845375290166,1010.653183830755,0.18211045016431932,74,0.06634489119443394,0,Biometric,0,Legitimate,ACC-103904
2,0.9570793597830565,241.91849247639604,0.07123943278378563,67,0.015413316348088379,0,Biometric,0,Legitimate,ACC-103905
40,4.398464889778526,56.67852659200406,0.7443742388193908,107,0.702462588689773,3,PIN,1,Sleeper Mule,ACC-103906
1,1.7766673680808358,695.1834297409556,0.18777393478186288,73,0.010578308068291114,0,Biometric,0,Legitimate,ACC-103907
0,1.2313542108227462,125.26214710648888,0.13658755953986923,83,0.14955346560296176,0,OTP,0,Legitimate,ACC-103908
41,4.8555689022845305,22.460942316320942,0.7893442228253396,108,0.7877205278235395,2,OTP,1,Sleeper Mule,ACC-103909
1,1.033060266645007,68.97756139859504,0.09703738724176986,97,0.14856475474259365,0,Biometric,0,Legitimate,ACC-103910
4,1.8552691805264705,491.9057805331166,0.11610630089154733,14,0.09432735676759167,0,Biometric,0,Legitimate,ACC-103911
30,4.879373466603464,7.556494180838886,0.6574847032541626,64,0.6865461542180399,5,OTP,1,Sleeper Mule,ACC-103912
4,1.4060326467142994,841.6500092191211,0.1968711976788453,77,0.1001025568456924,0,Biometric,0,Legitimate,ACC-103913
50,8.259468007800905,10.521230349108986,0.8283141585141307,0,0.7111837110469894,5,OTP,1,Fast Burner,ACC-103914
4,1.3432766458659013,698.1916662549685,0.1450446325570271,105,0.015969570538151474,0,PIN,0,Legitimate,ACC-103915
31,5.207173642603928,41.56821351268636,0.6506948593059728,63,0.7647906691852879,6,PIN,1,Sleeper Mule,ACC-103916
3,1.4641459380672392,410.33137126344343,0.10158665343441253,110,0.036035809211672765,0,OTP,0,Legitimate,ACC-103917
2,1.1098392044463694,1125.0310616122852,0.06245711517785105,20,0.13630567862951898,2,PIN,0,Legitimate,ACC-103918
51,6.647869083459078,28.272592180894936,0.9414185779964599,2,0.7613642401353536,5,OTP,1,Fast Burner,ACC-103919
2,1.2109810969689236,997.7621261862039,0.13067965351799785,58,0.09612544399421218,0,Biometric,0,Legitimate,ACC-103920
51,6.792432276573606,22.357324158708813,0.7314644629845346,1,0.7361031998390174,5,OTP,1,Fast Burner,ACC-103921
2,0.9231069304877718,171.60217230206237,0.18000471953154518,98,0.10401708613474671,1,Biometric,0,Legitimate,ACC-103922
41,6.335899473123978,8.127190631297331,0.8549502418171273,1,0.7917796615747944,4,PIN,1,Fast Burner,ACC-103923
4,1.4524896767295226,2712.2909746712144,0.14181733628476992,72,0.052348159049503934,0,PIN,0,Legitimate,ACC-103924
4,1.1463879346309513,1039.7732824721297,0.04543908293754065,11,0.0593301594094445,2,PIN,0,Legitimate,ACC-103925
42,6.978674608629225,9.153369164433762,0.6449919301504222,67,0.8787103211018779,1,PIN,1,Sleeper Mule,ACC-103926
3,1.5662145586486322,225.56888453309398,0.017940975408393567,21,0.013601197591942348,0,Biometric,0,Legitimate,ACC-103927
39,5.370473993037087,5.316652312579192,0.883797658422253,50,0.6413789773965316,4,OTP,1,Sleeper Mule,ACC-103928
4,1.036150168734594,127.30451015837738,0.14387116635010463,31,0.08474854471231974,1,PIN,0,Legitimate,ACC-103929
1,1.0052770999300082,600.6288254613273,0.1570108868051,113,0.05966127853468406,1,Biometric,0,Legitimate,ACC-103930
46,7.416813345582185,15.961891346820144,0.8356219443601839,2,0.8468496629018704,6,OTP,1,Fast Burner,ACC-103931
29,3.8749645304022255,38.08630303993237,0.6407471030780048,41,0.8228237151271011,4,OTP,1,Sleeper Mule,ACC-103932
4,0.9387230190389968,990.7835966718784,0.04596779915973908,115,0.06072197386938243,1,PIN,0,Legitimate,ACC-103933
4,1.3075002213590763,95.97198151191746,0.01995360677016127,60,0.06161954978165207,0,Biometric,0,Legitimate,ACC-103934
51,7.2362225032209615,3.9132752804086244,0.8056229819821917,2,0.6910329479443048,6,PIN,1,Fast Burner,ACC-103935
2,0.9028037767502284,773.6565332452645,0.0721699852558718,25,0.03210268008570093,1,Biometric,0,Legitimate,ACC-103936
2,1.2544383190441915,1421.556601952023,0.11739709660135789,8,0.05134240689994834,0,Biometric,0,Legitimate,ACC-103937
6,1.527141650717098,183.68288255371948,0.04681958380479989,84,0.1423948930360403,0,Biometric,0,Legitimate,ACC-103938
1,0.8361778155375585,258.2617578305355,0.0648901307292679,106,0.1200600031925743,0,PIN,0,Legitimate,ACC-103939
3,1.1359701908736226,364.67504145171847,0.1127883539288974,90,0.02783181001169294,0,PIN,0,Legitimate,ACC-103940
2,1.0499541956355811,1817.2120848711747,0.1486152269565352,72,0.0537725809737634,2,Biometric,0,Legitimate,ACC-103941
39,5.303563920874111,54.83733821635889,0.7098297500296076,93,0.8498934495646715,1,OTP,1,Sleeper Mule,ACC-103942
5,1.4111894030382701,1133.6683730838274,0.023708187395129657,43,0.004563904230406667,1,Biometric,0,Legitimate,ACC-103943
1,1.0128479253938218,246.81177583101731,0.10560547014604421,78,0.011230805620323513,0,PIN,0,Legitimate,ACC-103944
3,1.1871526862773443,1768.115741815888,0.05070773250383507,105,0.0984747468868331,0,Biometric,0,Legitimate,ACC-103945
2,0.9907374172574656,120.93466480682712,0.13205455655243425,53,0.1436270946482425,0,Biometric,0,Legitimate,ACC-103946
3,1.1180603568842242,492.7099207729025,0.08904242441317174,119,0.12103802303110404,1,Biometric,0,Legitimate,ACC-103947
4,1.3884308909501115,699.4533398473327,0.09571907571919169,65,0.010784301077176045,1,Biometric,0,Legitimate,ACC-103948
7,2.1559724735433163,568.4363683833456,0.0321107885284349,54,0.10006123632329614,2,Biometric,0,Legitimate,ACC-103949
58,8.875564657380949,8.736951620148034,0.9905648145016117,1,0.697362730416447,5,OTP,1,Fast Burner,ACC-103950
34,4.392107465289782,41.83698845665065,0.6550358783188843,45,0.8712320006381997,4,PIN,1,Sleeper Mule,ACC-103951
3,1.1782957574547985,483.9769650618235,0.040472712064357874,18,0.058277916056802416,0,Biometric,0,Legitimate,ACC-103952
0,1.4831104903199523,1343.8568308520746,0.0012141245627624643,24,0.10310065523234231,0,Biometric,0,Legitimate,ACC-103953
1,0.9817638225830645,577.1503686795647,0.17367924189238015,31,0.08925462800122698,1,PIN,0,Legitimate,ACC-103954
41,4.803730022270642,29.877615788583107,0.6432981874668625,67,0.5386557337773669,4,OTP,1,Sleeper Mule,ACC-103955
44,9.331812264806114,43.43678720766497,0.8198527233210807,2,0.6031433506809633,4,PIN,1,Fast Burner,ACC-103956
3,1.0235540624038293,427.578801813663,0.09793461310331238,20,0.11228024643098578,0,Biometric,0,Legitimate,ACC-103957
1,1.439966186911795,64.8598108519795,0.08672918494640598,57,0.07008485734646722,1,Biometric,0,Legitimate,ACC-103958
44,7.231779219154783,42.23130099730708,0.900620885240569,0,0.6681551794807665,2,OTP,1,Fast Burner,ACC-103959
34,5.280173993972962,16.52405417823801,0.6167003367683793,78,0.5457421908721608,5,OTP,1,Sleeper Mule,ACC-103960
40,6.39870332989892,15.06535007580188,0.8948102312566321,2,0.7481376808590745,3,OTP,1,Fast Burner,ACC-103961
35,6.240384175389995,49.05513285409018,0.6511757343706264,118,0.8794125967844811,2,PIN,1,Sleeper Mule,ACC-103962
47,4.53084073214853,2.6770356621526883,0.7257360941201805,2,0.6485560988156968,6,PIN,1,Fast Burner,ACC-103963
2,0.848555061008704,310.8317299204629,0.1075129633165428,101,0.14474172232385743,0,Biometric,0,Legitimate,ACC-103964
7,1.2101870655495504,707.6837737382759,0.19194724488447748,114,0.04137751877238307,0,Biometric,0,Legitimate,ACC-103965
36,7.457256279159583,18.47579125874815,0.8711639677255055,102,0.813390152996379,1,OTP,1,Sleeper Mule,ACC-103966
3,1.3505556148079672,140.6765948603957,0.04874733240556198,34,0.13586588665805607,1,OTP,0,Legitimate,ACC-103967
3,1.1568000066895017,506.0616110369737,0.18408932477915715,37,0.09393850954810054,0,Biometric,0,Legitimate,ACC-103968
3,1.6269794763196983,258.4918609231385,0.09463465160427076,13,0.08816533014949438,1,Biometric,0,Legitimate,ACC-103969
5,1.28473492921668,982.6292384230862,0.15499812989898165,11,0.13710232380548268,0,Biometric,0,Legitimate,ACC-103970
1,1.7224150965860117,122.87381870471206,0.19075414801520083,84,0.04388558888080518,0,Biometric,0,Legitimate,ACC-103971
3,2.052778118403138,1109.0316896644854,0.15911149967895685,62,0.10334034615128442,0,Biometric,0,Legitimate,ACC-103972
6,1.2550362679416698,409.51616917264624,0.17932019161099566,37,0.04658051630292918,0,Biometric,0,Legitimate,ACC-103973
31,3.3961104572360967,12.546253294827732,0.6739660441842816,74,0.549903606051221,2,OTP,1,Sleeper Mule,ACC-103974
4,1.3925637184433306,405.0832800370168,0.14282456036554825,7,0.05082156303460161,0,Biometric,0,Legitimate,ACC-103975
6,0.8323395833355294,1202.71479505171,0.17712436469178944,32,0.07264894537402598,2,Biometric,0,Legitimate,ACC-103976
2,1.0036305175212807,915.7293519963092,0.17880108294626323,39,0.011422934006640333,0,Biometric,0,Legitimate,ACC-103977
34,5.39899686627403,17.195317949346,0.7087434049217671,74,0.7901134309396556,3,OTP,1,Sleeper Mule,ACC-103978
1,1.6351020776277185,227.46176651989643,0.045449618236790904,70,0.1415191071419814,0,Biometric,0,Legitimate,ACC-103979
3,1.805341934637909,104.84808250236063,0.013288326363580062,74,0.08449968807611931,0,Biometric,0,Legitimate,ACC-103980
54,6.377948223549928,25.549398490436605,0.7511721728505304,1,0.8116062762279878,9,PIN,1,Fast Burner,ACC-103981
47,7.20501207786841,53.79127440824573,0.9924050748958951,2,0.8968317649135762,4,PIN,1,Fast Burner,ACC-103982
41,4.8435992492597535,24.384940348317272,0.7905993561347489,116,0.7050138090569817,5,OTP,1,Sleeper Mule,ACC-103983
2,0.9311000001084012,131.89332389394104,0.1582289931084144,110,0.10584559415523596,2,Biometric,0,Legitimate,ACC-103984
2,1.290579505535611,916.5988071317524,0.09306143928373628,109,0.08594687569593866,1,PIN,0,Legitimate,ACC-103985
3,1.0186458418320614,87.30708127675285,0.05503781448550833,26,0.06793519506599345,0,PIN,0,Legitimate,ACC-103986
4,1.1036761711622258,85.56606111690013,0.030123712022647478,15,0.12403805485852855,0,Biometric,0,Legitimate,ACC-103987
5,0.7779568366185384,124.72536341393314,0.05156078339839385,73,0.05935119149380974,2,PIN,0,Legitimate,ACC-103988
2,1.2233811889674628,633.3036013442139,0.1563658550286624,8,0.058914447142136644,0,Biometric,0,Legitimate,ACC-103989
3,1.4249094064334606,61.04140335653661,0.15213392763351113,15,0.016490185508526937,0,PIN,0,Legitimate,ACC-103990
46,4.6399909569711,4.109007413619216,0.7371113932632679,2,0.7279543872693353,5,OTP,1,Fast Burner,ACC-103991
47,3.3796163088850784,35.21845323049453,0.8995788208427027,0,0.8004714920025663,3,OTP,1,Fast Burner,ACC-103992
2,0.3080081486122327,1031.4012722784196,0.14588399865085136,17,0.024011424374004064,1,Biometric,0,Legitimate,ACC-103993
0,1.2905375791958618,1054.3763300882624,0.17020848971718044,11,0.0743688634948559,1,OTP,0,Legitimate,ACC-103994
1,1.1458039853862836,540.430156230788,0.05573006810456367,112,0.0030737293717791048,0,Biometric,0,Legitimate,ACC-103995
3,1.2489766878876496,100.54742018291324,0.17881950559780588,113,0.12643920188149319,0,Biometric,0,Legitimate,ACC-103996
57,7.594072602572051,5.203799457722585,0.8964697414550782,0,0.7264009474187967,3,PIN,1,Fast Burner,ACC-103997
37,5.136440220059033,5.362530234486074,0.6851470904555974,103,0.8400265846613775,3,OTP,1,Sleeper Mule,ACC-103998
3,1.5696612712241733,429.3267852564094,0.0710332382781417,57,0.13729757889589536,1,Biometric,0,Legitimate,ACC-103999
5,1.4385702747771545,761.6223364752084,0.09935825168593918,110,0.08231587706426545,0,OTP,0,Legitimate,ACC-104000
2,1.1436918205734703,118.4480065830704,0.08870027651000832,98,0.08182539395802377,0,PIN,0,Legitimate,ACC-104001
1,1.3593255392927848,71.53588952791425,0.08615709370575347,111,0.08562726464095034,2,OTP,0,Legitimate,ACC-104002
3,1.170599709964998,1646.3961948090237,0.15272972678251084,91,0.07595644868779508,0,Biometric,0,Legitimate,ACC-104003
1,1.1164030998362071,281.5041213174353,0.051011890493894985,60,0.09177772252975928,0,Biometric,0,Legitimate,ACC-104004
4,1.245364866401264,1443.5260892177248,0.07350791773043648,104,0.03206296609492247,1,PIN,0,Legitimate,ACC-104005
3,1.140399259853129,640.1070479212658,0.01506246469142596,112,0.14120718749655436,1,Biometric,0,Legitimate,ACC-104006
3,1.224343149554886,311.27305520808704,0.15488234231738085,21,0.06611275849989419,0,OTP,0,Legitimate,ACC-104007
3,1.5501587950077285,251.60129342870127,0.013052347412531806,70,0.10064733485778525,1,Biometric,0,Legitimate,ACC-104008
2,1.2681189159432449,162.95923053862367,0.002395737894032868,106,0.07310137962797683,1,Biometric,0,Legitimate,ACC-104009
4,1.5333435645613387,1194.9911414374726,0.14270540654091945,24,0.045357002822010536,0,Biometric,0,Legitimate,ACC-104010
2,0.5815430663663251,304.4435991279484,0.19047030079181107,76,0.0981629753309584,0,PIN,0,Legitimate,ACC-104011
31,4.508219965548644,29.516319109019083,0.87057848973727,109,0.8104318876977105,4,OTP,1,Sleeper Mule,ACC-104012
3,1.324997718164578,132.55355606406903,0.07072360584049907,41,0.056171400519947456,1,Biometric,0,Legitimate,ACC-104013
3,0.8109262160184052,412.44883644963824,0.195096898670076,117,0.04095166771396026,0,PIN,0,Legitimate,ACC-104014
4,1.1119299490227341,238.65570146791467,0.19170165387204105,108,0.019977069405729426,0,Biometric,0,Legitimate,ACC-104015
3,1.115966697674998,295.2403318027637,0.11308854670302367,27,0.08190937449456866,0,Biometric,0,Legitimate,ACC-104016
34,5.252564194832775,21.785390626371115,0.6092539485793607,71,0.8037931333620262,8,OTP,1,Sleeper Mule,ACC-104017
5,0.7725086484553763,516.6148410026797,0.09733372340176803,25,0.0013900244184945065,0,Biometric,0,Legitimate,ACC-104018
36,7.874497488113279,12.78351716744054,0.7441991578161316,0,0.8698820172732593,3,PIN,1,Fast Burner,ACC-104019
6,1.411654015818074,449.7108973527791,0.13021579514985054,88,0.045647902128815844,0,Biometric,0,Legitimate,ACC-104020
5,1.4215698117606184,161.15948207952908,0.02941719845407738,58,0.019441311143124713,1,PIN,0,Legitimate,ACC-104021
3,0.6292121290705674,955.4523306471796,0.04428948838203115,66,0.09250134043950302,0,Biometric,0,Legitimate,ACC-104022
3,1.3290040571434063,384.0927644314666,0.07540445011331035,51,0.1181532603376488,0,Biometric,0,Legitimate,ACC-104023
4,1.952491881916969,1191.6771499501747,0.07686352709167435,32,0.1275638342981448,2,Biometric,0,Legitimate,ACC-104024
2,1.5083877006773394,218.57638343875524,0.03106599346363761,86,0.06749624393667801,0,Biometric,0,Legitimate,ACC-104025
40,5.453014685714372,10.173538394532535,0.8888858347118291,0,0.6596176921041677,1,PIN,1,Fast Burner,ACC-104026
43,7.341276324166273,66.93766164920031,0.9914371203628796,0,0.688079566869121,1,PIN,1,Fast Burner,ACC-104027
7,1.0247312720423745,95.48113497311529,0.03910051803931072,50,0.0702384186861084,0,OTP,0,Legitimate,ACC-104028
4,1.12584851632668,146.44882260622126,0.07769266823468811,60,0.08878978263339046,2,Biometric,0,Legitimate,ACC-104029
6,0.9635072205675109,664.122636048835,0.10661653213496047,96,0.11467980447862136,0,Biometric,0,Legitimate,ACC-104030
4,1.0094083891135006,1546.0159758546445,0.12835041542630993,86,0.013206151155647366,0,Biometric,0,Legitimate,ACC-104031
34,3.4445731758943365,7.305049884086147,0.7959109521980623,46,0.5685634361243871,4,PIN,1,Sleeper Mule,ACC-104032
2,1.257785744276081,118.9242685748154,0.05681801206376143,9,0.08895224389084287,1,Biometric,0,Legitimate,ACC-104033
5,1.244665981186131,774.5099985412103,0.12665074430979784,78,0.14247538226568862,1,Biometric,0,Legitimate,ACC-104034
5,1.0162347292937814,291.68014029222593,0.17146627402653192,116,0.12269615158435761,1,PIN,0,Legitimate,ACC-104035
5,1.7787809989863845,128.49712662642304,0.14577067397475316,31,0.11265178684672089,0,Biometric,0,Legitimate,ACC-104036
1,1.078154575027859,62.824602567716575,0.09421349554902814,113,0.09983432343181818,0,Biometric,0,Legitimate,ACC-104037
2,1.1919761096481225,738.6285908820353,0.18024329285215807,98,0.007338232196249922,1,PIN,0,Legitimate,ACC-104038
4,1.171084609105531,260.01113863975155,0.17207066950073913,112,0.10794801505335529,0,Biometric,0,Legitimate,ACC-104039
33,6.650643411254067,25.87401895436061,0.9779535239167239,1,0.7951642725112043,6,OTP,1,Fast Burner,ACC-104040
1,1.2001679977019086,504.5476864891515,0.1580736449730175,28,0.028272566275142658,0,Biometric,0,Legitimate,ACC-104041
0,1.2037727308800943,401.53142373802194,0.11349883989621257,69,0.013893719951672583,3,Biometric,0,Legitimate,ACC-104042
4,0.9196173262229306,147.5115543744605,0.08026256554875018,56,0.01757341246795549,0,OTP,0,Legitimate,ACC-104043
1,1.4540313327024732,569.0379646404504,0.038118060224165196,58,0.004035623077445078,1,PIN,0,Legitimate,ACC-104044
2,1.020193288484101,112.26939851897367,0.0947412415378617,83,0.025047952941373845,0,Biometric,0,Legitimate,ACC-104045
2,1.322545601443941,157.52951246520973,0.015258708662782651,21,0.09250913876798209,0,Biometric,0,Legitimate,ACC-104046
31,6.858018338381051,29.015817215398172,0.6486495634532113,61,0.8357087243876626,4,PIN,1,Sleeper Mule,ACC-104047
4,0.8017477528387708,400.19192837974623,0.018829350456644713,96,0.018872620187225558,0,Biometric,0,Legitimate,ACC-104048
50,6.5209755872590005,14.05697838954477,0.9739547028008579,0,0.7636791822948682,5,PIN,1,Fast Burner,ACC-104049
3,0.9036425779103276,993.4148597178312,0.1562773139447401,39,0.14683714847422982,0,Biometric,0,Legitimate,ACC-104050
6,0.9542842070643582,608.0924347045955,0.027806831763675512,39,0.08699876355526757,0,Biometric,0,Legitimate,ACC-104051
2,1.1256251922770972,371.18216586161293,0.10097536028711991,112,0.12304193410063491,0,PIN,0,Legitimate,ACC-104052
1,0.9931033485297167,261.7211236431634,0.09256895153159546,91,0.001639259845162283,0,Biometric,0,Legitimate,ACC-104053
5,1.3830705017081988,292.5263451574584,0.05313906131229676,38,0.11223517371497918,1,OTP,0,Legitimate,ACC-104054
6,1.1518649870203097,922.7538411902383,0.07489557965091752,57,0.11901292907829496,0,OTP,0,Legitimate,ACC-104055
1,1.192914606174463,550.4452926882481,0.10140535748892798,19,0.08069871307999815,1,Biometric,0,Legitimate,ACC-104056
41,4.613511128810488,16.60560387133364,0.6842710799728509,92,0.6636613701495944,4,OTP,1,Sleeper Mule,ACC-104057
2,1.4837822881918312,366.62654823489424,0.08624739827812143,10,0.1442516692048056,0,PIN,0,Legitimate,ACC-104058
56,5.448875349964558,17.843611653112234,0.8738710609485496,0,0.7537639188674258,5,OTP,1,Fast Burner,ACC-104059
33,7.68467008932251,40.989503328011175,0.6094701036817453,78,0.8648328869938469,4,PIN,1,Sleeper Mule,ACC-104060
6,1.1018023274782813,353.5517128364308,0.1878138384202137,89,0.04537831387707996,0,PIN,0,Legitimate,ACC-104061
3,1.187319600469562,197.1141955949428,0.12889047283294797,113,0.09502334277565631,0,Biometric,0,Legitimate,ACC-104062
3,1.0778952324579687,949.0864161970334,0.07358218756321415,59,0.006528313293496446,0,Biometric,0,Legitimate,ACC-104063
39,4.198433698292088,14.914936164248674,0.64305711902477,37,0.7046468280485456,1,OTP,1,Sleeper Mule,ACC-104064
50,5.893023807647113,60.26647640657004,0.7569722520302519,1,0.9455609795113991,7,PIN,1,Fast Burner,ACC-104065
40,6.713105698899603,19.731721532704682,0.8265139605916054,0,0.7150244356002904,5,PIN,1,Fast Burner,ACC-104066
1,1.1707218329536757,1202.7315822425874,0.17395475991670442,47,0.0024175956731646406,0,Biometric,0,Legitimate,ACC-104067
8,1.0165184561386245,229.13705486526166,0.19517610875177704,26,0.07872725318156891,0,Biometric,0,Legitimate,ACC-104068
35,6.077222344756689,15.669466581472413,0.7767984554988947,56,0.5294662194744761,2,OTP,1,Sleeper Mule,ACC-104069
1,1.221426249774328,95.62481622756059,0.034301964596048555,22,0.01583237050694256,1,Biometric,0,Legitimate,ACC-104070
5,1.5696851488532493,695.9934981535237,0.11280475872043641,15,0.07127639593902237,1,Biometric,0,Legitimate,ACC-104071
37,6.3999608631349965,3.7239909586271134,0.837324219556679,1,0.6777364765351782,5,OTP,1,Fast Burner,ACC-104072
4,1.247129595193149,306.6676890059982,0.031885241377660405,57,0.14876334742568137,1,Biometric,0,Legitimate,ACC-104073
35,6.032402154288801,23.80637834390874,0.8472184778643116,60,0.8452782167027975,2,PIN,1,Sleeper Mule,ACC-104074
39,4.792176308298633,9.422625042416893,0.6251037826869186,53,0.8673394980632774,5,OTP,1,Sleeper Mule,ACC-104075
51,5.529538324081362,20.318423176715672,0.8259581278079379,0,0.6540212906835966,5,OTP,1,Fast Burner,ACC-104076
29,5.019635073948349,7.485569930186758,0.6939299835217518,41,0.6050253827034089,1,OTP,1,Sleeper Mule,ACC-104077
6,1.4777712530183154,525.5866438949931,0.1948691649954573,52,0.10382794325701757,0,Biometric,0,Legitimate,ACC-104078
48,7.55264787235646,7.467153770296161,0.811084718506946,0,0.7130220041454488,7,OTP,1,Fast Burner,ACC-104079
39,3.7969743178438216,8.797294674148848,0.8464109148562575,0,0.9086183366509202,6,OTP,1,Fast Burner,ACC-104080
36,2.364150453645488,12.270347868695378,0.870964178180625,93,0.6311763264281505,5,OTP,1,Sleeper Mule,ACC-104081
2,1.0368049759881948,551.6029916512008,0.13015942834401592,112,0.048966828771124904,1,Biometric,0,Legitimate,ACC-104082
4,1.3855387177164655,795.1037244817394,0.0785004024540436,106,0.10932255491629952,1,PIN,0,Legitimate,ACC-104083
31,5.152451242187416,5.781622804816259,0.6306594447772176,50,0.6558120075613305,3,OTP,1,Sleeper Mule,ACC-104084
34,5.583082852361295,17.54015884359872,0.8961302159518012,0,0.643087880583633,2,OTP,1,Fast Burner,ACC-104085
1,1.4303812990549611,70.91319153736069,0.15076525233860566,55,0.09204095070740534,0,Biometric,0,Legitimate,ACC-104086
51,8.85147462569221,11.425957063137217,0.7529586929954837,2,0.667482791229799,5,OTP,1,Fast Burner,ACC-104087
26,7.15016265623469,17.508014874866333,0.6629492135946079,41,0.61471534323471,1,PIN,1,Sleeper Mule,ACC-104088
2,1.1278804572934766,443.34196525868913,0.040002117888672674,106,0.10177457962079432,0,PIN,0,Legitimate,ACC-104089
39,6.1550194227477615,32.76543786168321,0.8039068816814261,0,0.9857506896860729,8,OTP,1,Fast Burner,ACC-104090
5,1.0370395498870988,754.1369285050811,0.17718047553651275,93,0.07898976452502197,1,OTP,0,Legitimate,ACC-104091
2,0.43499211254509607,246.08040832601148,0.034009978580331855,93,0.09003521546698573,0,OTP,0,Legitimate,ACC-104092
2,1.501479088220365,139.4141380784526,0.06688289027092247,50,0.14680757055837207,0,Biometric,0,Legitimate,ACC-104093
0,1.1936002855106738,1475.3997121642203,0.00816808858999767,51,0.014800814712812015,0,Biometric,0,Legitimate,ACC-104094
44,10.082468772305607,20.66830066552252,0.8239721726583679,2,0.8049107886898521,9,PIN,1,Fast Burner,ACC-104095
1,1.9455941773601058,99.15379663939578,0.009381282076230103,44,0.036919666757733796,1,Biometric,0,Legitimate,ACC-104096
38,6.06339468513121,49.91922878318302,0.843878646956674,2,0.6571925693670371,4,OTP,1,Fast Burner,ACC-104097
3,1.548024753719584,103.98598496240308,0.12363370993325827,99,0.11977376558295816,0,Biometric,0,Legitimate,ACC-104098
42,4.960228779271633,6.960057868851974,0.8820795491731072,0,0.822028491691813,8,OTP,1,Fast Burner,ACC-104099
3,1.0089808322675828,331.16125636368395,0.10358434672828837,78,0.055330559505147044,0,Biometric,0,Legitimate,ACC-104100
2,0.8888021405095972,126.36850372452078,0.046613966738970225,70,0.10812352343499007,0,Biometric,0,Legitimate,ACC-104101
2,1.429017923874591,805.4047745111909,0.1762781997273794,74,0.0471218422725909,0,Biometric,0,Legitimate,ACC-104102
3,0.7227462429423912,154.74999224453524,0.10801868421954292,108,0.07070685914216897,0,Biometric,0,Legitimate,ACC-104103
4,1.1228050498232198,73.29458420891993,0.18999321761814747,54,0.047914630383159386,0,PIN,0,Legitimate,ACC-104104
3,1.6989126778788353,1217.6062273192017,0.09511191095662674,104,0.14777539965773034,0,Biometric,0,Legitimate,ACC-104105
2,0.6645168092424427,168.13500834174198,0.12345876529161742,9,0.009572038560819994,0,Biometric,0,Legitimate,ACC-104106
3,0.7840531737926271,257.6294304946923,0.1854542889066637,52,0.015536782720619147,1,Biometric,0,Legitimate,ACC-104107
39,10.12815103976626,4.356539449861302,0.8296622071332578,1,0.9947616023006782,4,PIN,1,Fast Burner,ACC-104108
4,1.6524248550432061,1929.8976295971402,0.12348670409649556,11,0.08872826518430335,2,PIN,0,Legitimate,ACC-104109
2,0.5720465932826523,2032.639750595259,0.18070162107141174,48,0.004756211383734332,1,Biometric,0,Legitimate,ACC-104110
55,7.098116367348779,10.207679290883075,0.713198809021838,0,0.6575644130592158,5,OTP,1,Fast Burner,ACC-104111
3,1.7573550453871993,91.40210112460557,0.14474088519340614,82,0.011191981352841029,0,Biometric,0,Legitimate,ACC-104112
6,1.5184527471527531,1120.451490650121,0.1541097961387136,108,0.03549140138864591,1,Biometric,0,Legitimate,ACC-104113
0,1.3252377094089498,740.715343987158,0.08922560188383728,60,0.08609192695826305,0,Biometric,0,Legitimate,ACC-104114
43,4.96766113228297,6.221338240146636,0.7456183899037313,57,0.570670696613543,5,PIN,1,Sleeper Mule,ACC-104115
5,0.6997004201427414,138.109606121703,0.02787823474607014,61,0.07501068760106999,1,Biometric,0,Legitimate,ACC-104116
53,7.03003407610046,48.46004438643598,0.7739394293707554,2,0.6152512715232579,3,OTP,1,Fast Burner,ACC-104117
0,1.2304823156070033,256.27607856079806,0.08716822073040241,28,0.04089203422789945,1,Biometric,0,Legitimate,ACC-104118
39,7.554312304875775,19.37882000626998,0.9274200349516107,1,0.6452191392612207,5,PIN,1,Fast Burner,ACC-104119
4,1.0388507212835039,1024.561993570207,0.14247752711252964,92,0.058867753329340015,0,PIN,0,Legitimate,ACC-104120
2,1.1422180683717582,95.67149629092731,0.12604763142123232,56,0.048719259811790004,1,Biometric,0,Legitimate,ACC-104121
4,0.9725508541500215,544.2433500867476,0.12239617270604533,35,0.0053068822759979985,0,Biometric,0,Legitimate,ACC-104122
6,1.0920266719299985,413.9461798602178,0.010952755505165102,29,0.03065287207925924,0,PIN,0,Legitimate,ACC-104123
3,1.1466041376145963,946.1934619242089,0.10311278894429905,25,0.01075496241346533,0,Biometric,0,Legitimate,ACC-104124
33,5.42675748869681,33.966908027149714,0.8063457524740976,108,0.8638800889665809,5,OTP,1,Sleeper Mule,ACC-104125
3,1.5706451308509206,1168.677060761707,0.04544896557761227,119,0.08073133304697194,1,PIN,0,Legitimate,ACC-104126
45,3.8208318238329912,15.501494853855075,0.7563527364838267,48,0.7107455111429407,2,OTP,1,Sleeper Mule,ACC-104127
2,1.0274074174794618,229.23811116765958,0.0937380134458282,80,0.12749443174377653,0,Biometric,0,Legitimate,ACC-104128
1,1.5283687363841385,287.7519920266842,0.08496783962185409,87,0.0924660213701481,0,OTP,0,Legitimate,ACC-104129
2,1.1298276043665316,693.6203363802912,0.03279242376361496,106,0.12261656796553745,1,Biometric,0,Legitimate,ACC-104130
5,1.1689236316058806,665.5214529679121,0.06528988835027387,93,0.04564450523374885,0,Biometric,0,Legitimate,ACC-104131
1,1.1358689255812953,411.6631908227494,0.16478242549132582,18,0.13226317273137136,1,Biometric,0,Legitimate,ACC-104132
4,1.0590126380480545,215.6893996561991,0.1641119461976405,38,0.012707117455620226,0,PIN,0,Legitimate,ACC-104133
44,4.073584524898573,3.263225524482073,0.9306395206317069,0,0.9475328732001504,8,OTP,1,Fast Burner,ACC-104134
36,4.5726579187962395,54.79744148130015,0.8051422090904763,39,0.7826420368828071,3,OTP,1,Sleeper Mule,ACC-104135
3,1.1394161793740942,224.79080091618889,0.017281831952027794,25,0.05309446966386186,0,Biometric,0,Legitimate,ACC-104136
33,4.559883969873027,6.523967242732182,0.76843957977482,2,0.9634070379623738,1,PIN,1,Fast Burner,ACC-104137
4,1.1461410498072238,303.1483650855896,0.06101899623070253,37,0.05548593479946495,0,Biometric,0,Legitimate,ACC-104138
3,0.7352392664556484,1322.2033892974387,0.06852707832563423,52,0.08092478220130699,0,Biometric,0,Legitimate,ACC-104139
1,0.7631860519960699,1422.5144135583887,0.08045492480471293,80,0.05781689263748946,1,PIN,0,Legitimate,ACC-104140
31,6.434768796674119,40.51892534411955,0.6603372884301133,60,0.8404420524317284,2,OTP,1,Sleeper Mule,ACC-104141
3,1.2165624026977,1045.1867626296516,0.16060922531197472,23,0.0831742134232483,1,PIN,0,Legitimate,ACC-104142
5,0.8465460937997169,208.50865788055046,0.059196642743241615,29,0.041750156319494046,0,OTP,0,Legitimate,ACC-104143
40,5.863079874490042,6.698670984512876,0.9934210839455178,1,0.7864214297412506,4,PIN,1,Fast Burner,ACC-104144
5,1.4235560645681482,193.50317592913285,0.16299346760396924,19,0.10270074925787845,1,Biometric,0,Legitimate,ACC-104145
3,1.1276055288765814,249.60551758094294,0.12425940684335782,27,0.1488107325744767,1,Biometric,0,Legitimate,ACC-104146
41,6.403378626998382,8.295022768102928,0.7572081695963357,0,0.6512380212058261,6,OTP,1,Fast Burner,ACC-104147
42,3.8356961258838154,41.79220240739803,0.7357951701134515,1,0.9273272881589936,3,Biometric,1,Fast Burner,ACC-104148
1,1.2481686354892256,603.2437996643279,0.12128529816098815,84,0.10511877013638912,0,OTP,0,Legitimate,ACC-104149
2,1.1696407118047405,1353.8384561359642,0.1793556233738469,107,0.14601029342813007,2,Biometric,0,Legitimate,ACC-104150
1,1.3325726766492607,136.02281911569486,0.05505802715336083,94,0.10186541427548615,1,Biometric,0,Legitimate,ACC-104151
2,1.3938249723635563,490.12682914975545,0.12032714716466729,71,0.07317502091217651,2,Biometric,0,Legitimate,ACC-104152
2,1.223019857817887,94.71021101256605,0.18616648316349757,101,0.004503396801703086,1,Biometric,0,Legitimate,ACC-104153
3,1.2508793029184804,256.5119678877713,0.14343427841165357,13,0.04965608350807234,0,Biometric,0,Legitimate,ACC-104154
2,1.0626549091229442,86.7161306735299,0.13153548675852608,50,0.09961633357245434,1,Biometric,0,Legitimate,ACC-104155
4,0.8499531691397801,630.6929813675192,0.027337663944776592,97,0.11406851093102938,0,Biometric,0,Legitimate,ACC-104156
4,1.1288063297414346,942.9260428799953,0.17479142454946897,44,0.04619118893187804,1,PIN,0,Legitimate,ACC-104157
5,1.278455579017749,344.3406224533044,0.13396850174052233,58,0.13075121633753503,2,PIN,0,Legitimate,ACC-104158
0,0.8617227146373709,75.50905199941386,0.14277819261480648,73,0.11053627422687624,0,Biometric,0,Legitimate,ACC-104159
2,1.3613951016452823,225.53907640585973,0.011982435176176165,107,0.032137177341311,2,Biometric,0,Legitimate,ACC-104160
2,1.5812536863226643,529.8389336543476,0.007856736445358092,69,0.07975196678847167,0,Biometric,0,Legitimate,ACC-104161
0,1.4740821652704101,648.2266331875006,0.09108056070993287,110,0.042448775649787454,0,Biometric,0,Legitimate,ACC-104162
4,0.9545993445774761,118.40427906475597,0.10335212685935993,55,0.10705082805142306,0,Biometric,0,Legitimate,ACC-104163
2,1.0754725989824014,192.19361784308236,0.02095277153622377,24,0.06863986962058036,2,PIN,0,Legitimate,ACC-104164
3,0.7737318044329671,908.2575710939607,0.055717034569413126,53,0.06216102835057982,0,Biometric,0,Legitimate,ACC-104165
2,1.3176133511605517,120.08244314722526,0.137357793671677,88,0.02381237899070829,1,Biometric,0,Legitimate,ACC-104166
4,1.2333670004522574,258.35902771528436,0.17519746634148206,17,0.044157053831691065,0,PIN,0,Legitimate,ACC-104167
3,1.7129124086026555,422.23889721365674,0.14345217029532617,28,0.07901569249729773,1,Biometric,0,Legitimate,ACC-104168
34,3.8464543684623482,9.343884789111852,0.7939306397221655,97,0.8529686748028196,2,OTP,1,Sleeper Mule,ACC-104169
2,0.5357195442346345,90.9570176589256,0.1717755152517464,61,0.053639216579792016,0,Biometric,0,Legitimate,ACC-104170
1,1.4769261877350388,166.00010836480027,0.055397956356977085,95,0.0934820517301415,1,Biometric,0,Legitimate,ACC-104171
34,6.9948701447162085,66.89613042675738,0.7939270218130834,1,0.9825624356715948,1,OTP,1,Fast Burner,ACC-104172
1,0.8744575370513001,238.71586491243534,0.13659639846539537,34,0.11353196287210197,0,Biometric,0,Legitimate,ACC-104173
41,7.272395946265567,25.73166187804064,0.895678697679597,1,0.8254424744544118,4,PIN,1,Fast Burner,ACC-104174
2,1.3526289993147913,96.3042851261766,0.014806257481182717,112,0.0318195863799507,1,Biometric,0,Legitimate,ACC-104175
51,7.303630427751652,3.906643299133313,0.9405317398228095,0,0.8268008114384068,2,OTP,1,Fast Burner,ACC-104176
2,0.9997847836919616,235.24602860650413,0.053741324007340045,79,0.12946011012156586,0,Biometric,0,Legitimate,ACC-104177
5,1.4100629542556296,232.94133357068242,0.14191583877565303,75,0.07373088663977953,0,Biometric,0,Legitimate,ACC-104178
3,1.229737737742848,512.0787328090153,0.07915154074446332,57,0.047413567112995304,1,Biometric,0,Legitimate,ACC-104179
3,0.646874112362211,909.2432596089727,0.025132509922301163,73,0.10015526356239643,0,Biometric,0,Legitimate,ACC-104180
3,0.6869474695824617,759.3583893029183,0.10868593625171855,106,0.14880949343086924,0,Biometric,0,Legitimate,ACC-104181
4,1.6675152035642344,320.44283949840957,0.14658285983390104,17,0.0357938923068908,0,Biometric,0,Legitimate,ACC-104182
37,3.548062829734424,20.004945615443166,0.7334316696626563,1,0.974330586759177,2,PIN,1,Fast Burner,ACC-104183
39,6.510024175460379,42.94981533761633,0.9262768718268992,0,0.7604110666844953,7,Biometric,1,Fast Burner,ACC-104184
4,1.0179109662382093,1144.0231439579757,0.0801274088376056,49,0.04372576859318609,0,Biometric,0,Legitimate,ACC-104185
2,1.2345719600916054,323.4425556586645,0.012975843618787697,16,0.02970493881933424,1,OTP,0,Legitimate,ACC-104186
2,0.7292702925920326,513.4133867722621,0.01248046405537413,26,0.05392765381838107,0,Biometric,0,Legitimate,ACC-104187
5,1.1599422793642535,80.2346247118272,0.10376653516965184,43,0.14192053765848633,0,PIN,0,Legitimate,ACC-104188
0,1.721371428550575,1432.9754091481168,0.026999113866127036,49,0.028607460606185884,0,Biometric,0,Legitimate,ACC-104189
3,0.7649950931497401,141.92696884704193,0.18107864658580108,9,0.05243276823050189,1,Biometric,0,Legitimate,ACC-104190
30,4.109302155044695,26.857983619177517,0.8457497851130438,75,0.6806427885808087,3,PIN,1,Sleeper Mule,ACC-104191
3,1.3875331638746842,532.0259785121643,0.013201267162333587,40,0.10182686032186893,0,Biometric,0,Legitimate,ACC-104192
1,1.3611539443625207,709.7896286466694,0.06280007512242534,87,0.060887151469113186,0,Biometric,0,Legitimate,ACC-104193
2,1.4239119725476117,179.2418403228874,0.18747985511557225,110,0.13083965059802422,1,PIN,0,Legitimate,ACC-104194
4,1.367469632063491,3433.69462621437,0.10796870450854046,74,0.025045908907078408,0,OTP,0,Legitimate,ACC-104195
43,3.268900903918114,7.593836810332433,0.8801066652349498,0,0.6035493159949693,2,OTP,1,Fast Burner,ACC-104196
3,1.0957499100882269,514.4863135001469,0.05559948680398759,93,0.14297135096606747,1,Biometric,0,Legitimate,ACC-104197
51,5.856494678062936,40.468539599018776,0.7051045701069186,1,0.9380847145513769,2,PIN,1,Fast Burner,ACC-104198
37,6.5575482082820535,21.356622827683704,0.7313457026728045,83,0.7401501144086922,2,OTP,1,Sleeper Mule,ACC-104199
1,1.2578396377518806,165.5588408842981,0.028599510239087758,48,0.14426680329666852,1,Biometric,0,Legitimate,ACC-104200
2,0.9367932794535319,167.8368938067713,0.16616702909361925,9,0.03506032977128195,0,Biometric,0,Legitimate,ACC-104201
1,1.3720970889830144,87.21319070213872,0.15950470948832113,88,0.14107100445921572,0,Biometric,0,Legitimate,ACC-104202
32,5.552704540536801,23.874912634927764,0.7759490143757473,62,0.8307169965148193,2,OTP,1,Sleeper Mule,ACC-104203
4,1.3204288978102385,106.92261219977325,0.008048171683676065,34,0.036179751850687246,0,PIN,0,Legitimate,ACC-104204
49,9.10284133327772,3.802635567707949,0.978026889316782,1,0.9561667690440903,1,PIN,1,Fast Burner,ACC-104205
1,1.0990365236372666,560.8087519870335,0.07506156840569843,45,0.03296283656888833,1,PIN,0,Legitimate,ACC-104206
4,1.3662428779538245,804.2745585013031,0.04849384866061151,23,0.06381529390657627,0,PIN,0,Legitimate,ACC-104207
45,5.289626208280441,12.273805102516627,0.7580255014115376,0,0.6116583119017505,7,OTP,1,Fast Burner,ACC-104208
38,7.816571257121036,7.267672195815041,0.7809555221037053,1,0.9560512453892159,10,OTP,1,Fast Burner,ACC-104209
50,7.985407780864924,47.530979002436844,0.7928981438829338,1,0.8476728174270717,3,OTP,1,Fast Burner,ACC-104210
2,0.9658786182214117,251.87913207151604,0.19385384886970525,91,0.13578373852949105,0,PIN,0,Legitimate,ACC-104211
4,1.4898441037227887,625.7248172019139,0.08266845282976308,96,0.037269690705426586,0,Biometric,0,Legitimate,ACC-104212
51,6.035790193222097,4.327781456537966,0.7661139443098711,0,0.621227946247036,4,PIN,1,Fast Burner,ACC-104213
10,1.6352398398926218,453.48239264364895,0.18914227299673173,59,0.05033361000630019,2,Biometric,0,Legitimate,ACC-104214
37,4.431428117281057,6.535147464830912,0.7772025931338546,80,0.7744773006189498,5,OTP,1,Sleeper Mule,ACC-104215
4,1.4022744925274295,239.03475466831398,0.1556724527589069,68,0.034034450993433406,0,Biometric,0,Legitimate,ACC-104216
0,1.0044143537929842,587.1817853041683,0.06535113506640304,9,0.04987490590194575,0,Biometric,0,Legitimate,ACC-104217
34,5.173604448249781,23.01110807712119,0.6151498033035999,90,0.6994968680674312,1,PIN,1,Sleeper Mule,ACC-104218
46,5.453736498809648,9.652446206223143,0.7528385820069778,2,0.6863837638089058,9,OTP,1,Fast Burner,ACC-104219
3,1.2364509029456803,68.33037627004802,0.16162113290905458,25,0.14349931211171543,1,Biometric,0,Legitimate,ACC-104220
2,1.3358622980384673,996.0763712779049,0.07995754950844969,77,0.14193003179651015,1,PIN,0,Legitimate,ACC-104221
2,2.0144450818458965,1128.3761484965512,0.1603016745466952,86,0.06102242280466285,1,PIN,0,Legitimate,ACC-104222
4,1.3960105151387656,242.6390718936665,0.11590786869874509,107,0.0675972369151387,1,Biometric,0,Legitimate,ACC-104223
41,6.442362636641476,22.296523164755445,0.7108546172605805,2,0.8602791945121849,3,OTP,1,Fast Burner,ACC-104224
5,1.3437007872275966,797.0328794840409,0.03295517736542364,36,0.13030991949869755,0,PIN,0,Legitimate,ACC-104225
2,0.45880101513617977,1334.8557396817707,0.18150126985307932,45,0.05004017687462881,2,OTP,0,Legitimate,ACC-104226
2,0.8574041787921955,92.12138663968977,0.16398008599689165,59,0.019428919013132557,1,Biometric,0,Legitimate,ACC-104227
7,0.8188535263254535,1129.67865281807,0.13259917927978015,42,0.0477490955783689,0,OTP,0,Legitimate,ACC-104228
60,9.44783396660248,31.486218685850684,0.925664719097481,2,0.714888946897966,10,OTP,1,Fast Burner,ACC-104229
2,1.4496276055121837,258.80741459168564,0.06802840414955143,56,0.029564552198863087,2,Biometric,0,Legitimate,ACC-104230
3,1.2645095828830368,568.1221141808676,0.16331344194784758,94,0.08022806513181967,2,Biometric,0,Legitimate,ACC-104231
64,7.243819743397003,21.663451067425942,0.9238782603393316,1,0.6014033398213744,3,OTP,1,Fast Burner,ACC-104232
2,1.4829477603000498,96.44000153203734,0.061795292157363436,78,0.08062766054182384,0,Biometric,0,Legitimate,ACC-104233
3,1.3926834770013095,189.72560178557796,0.02380107814365251,82,0.03880734032825082,0,Biometric,0,Legitimate,ACC-104234
6,1.0786454746074914,1280.2444164790936,0.08058192327233052,9,0.051864632673230715,0,Biometric,0,Legitimate,ACC-104235
1,0.6665391817302457,514.5636964515402,0.19375320791363868,60,0.016393115692944986,1,Biometric,0,Legitimate,ACC-104236
37,6.719869514802644,9.388752666562894,0.7960094017072024,1,0.9867278215823145,3,OTP,1,Fast Burner,ACC-104237
40,3.7483363511388488,7.573035610621816,0.7275986817256908,1,0.9772160457965977,3,PIN,1,Fast Burner,ACC-104238
0,0.7271073009686263,1084.4837969506953,0.11646632444680179,77,0.08284131788706181,1,Biometric,0,Legitimate,ACC-104239
6,1.7420576652439534,647.596167237397,0.1704190036094091,34,0.06138934240496517,0,Biometric,0,Legitimate,ACC-104240
46,4.132789330758294,34.383283721968965,0.8746564673250835,2,0.9831748866187077,4,PIN,1,Fast Burner,ACC-104241
3,1.2986674610181121,738.5039353399121,0.12188302073161983,51,0.09152145676132935,0,Biometric,0,Legitimate,ACC-104242
3,1.209850742730392,779.2292240545064,0.006825980814235577,55,0.0014365944195183222,0,Biometric,0,Legitimate,ACC-104243
9,0.9221282662234347,1443.8169000899134,0.06709238282823118,29,0.04280077427620069,0,Biometric,0,Legitimate,ACC-104244
7,1.2082462900082438,89.65839772050244,0.11686752721622438,12,0.0034316917832855173,1,Biometric,0,Legitimate,ACC-104245
4,0.8376675532726809,2935.6650641795427,0.019413865630987327,94,0.12343226783111812,0,Biometric,0,Legitimate,ACC-104246
1,1.4767443510699327,813.8511389849222,0.1335617143811064,101,0.09957064303661789,1,Biometric,0,Legitimate,ACC-104247
1,1.1729271355679034,1261.1974265457336,0.16315031749142297,96,0.10362246736695405,0,OTP,0,Legitimate,ACC-104248
3,0.990917561958571,252.19893122345135,0.19391806729092015,10,0.07547974915274745,0,Biometric,0,Legitimate,ACC-104249
46,4.078711608314965,2.021682652428777,0.8519202188793162,1,0.6067758007689474,3,PIN,1,Fast Burner,ACC-104250
7,1.1236176041958348,260.8748630025295,0.07747169794159214,25,0.040903356007209554,1,Biometric,0,Legitimate,ACC-104251
3,1.303079260553465,690.7063045999804,0.09192319917438996,114,0.09189838428425595,1,Biometric,0,Legitimate,ACC-104252
5,1.44657644472477,1341.1520637558926,0.08695034524799783,24,0.09979220898848393,2,OTP,0,Legitimate,ACC-104253
3,1.2709626580844589,240.2021022895329,0.1779242471578514,12,0.11961492324806403,0,Biometric,0,Legitimate,ACC-104254
4,0.3877302918983676,943.4887566222272,0.06495890057267373,95,0.029812871575286736,1,PIN,0,Legitimate,ACC-104255
5,0.7712020587077806,1355.7114664515018,0.10925961397577616,70,0.13638341356562197,0,Biometric,0,Legitimate,ACC-104256
1,0.8167886599348146,346.5873914793655,0.19399040956343733,36,0.146957625057868,2,PIN,0,Legitimate,ACC-104257
3,1.304017204872585,1187.5987129402206,0.15511362956188635,6,0.09030473942119625,1,Biometric,0,Legitimate,ACC-104258
4,1.0763516564855358,640.3916346533304,0.11398188933784784,94,0.017673427892990163,0,Biometric,0,Legitimate,ACC-104259
36,8.264509509270034,23.97256013528472,0.8711532496928249,0,0.604813926129691,4,OTP,1,Fast Burner,ACC-104260
2,1.447755800948313,1549.2181663767249,0.003718411724606674,57,0.02165632469743924,0,PIN,0,Legitimate,ACC-104261
37,5.907743716025009,4.540287080459416,0.8863208116157757,1,0.7509416917159476,3,OTP,1,Fast Burner,ACC-104262
1,0.4148660647706367,615.2985294798152,0.10571169248673634,51,0.022697469272406828,0,Biometric,0,Legitimate,ACC-104263
5,1.3357489368308046,249.31375004361425,0.10111888033816913,18,0.1031161091194261,1,OTP,0,Legitimate,ACC-104264
4,1.235255285747429,147.46039089672283,0.1911399117837744,25,0.05932312892803832,1,PIN,0,Legitimate,ACC-104265
29,4.730605800472763,48.08205676050158,0.6035408020855335,40,0.689589879735644,5,OTP,1,Sleeper Mule,ACC-104266
3,0.7185587067305812,323.2904458458672,0.030748805716791196,119,0.031668629132361785,0,PIN,0,Legitimate,ACC-104267
4,1.2408373902227532,572.1668599582626,0.08041854988219937,97,0.03430704077034688,0,OTP,0,Legitimate,ACC-104268
49,5.699839905633807,2.627874126554697,0.8249706985430125,1,0.6177882035887577,5,PIN,1,Fast Burner,ACC-104269
4,1.215606195131886,115.29238488324802,0.14092796388814396,38,0.14259418904761997,0,Biometric,0,Legitimate,ACC-104270
2,1.0154058353778876,807.0842131435057,0.09373610374256497,75,0.014378671060043452,0,Biometric,0,Legitimate,ACC-104271
50,7.186762776079408,9.793149221906138,0.9705589033370097,0,0.918510535704109,3,OTP,1,Fast Burner,ACC-104272
33,3.3886161633853424,34.15907905533152,0.7589200438810467,119,0.8971131195725529,3,OTP,1,Sleeper Mule,ACC-104273
4,1.1416246010880997,397.18895234224703,0.05305797554978358,110,0.11788074960998847,0,PIN,0,Legitimate,ACC-104274
1,0.5600642346845667,227.14206755418655,0.192758142892816,41,0.05981480802447846,1,Biometric,0,Legitimate,ACC-104275
53,5.974323545679107,4.12237317122786,0.8667914976363441,2,0.8533212158532522,4,OTP,1,Fast Burner,ACC-104276
1,1.1028057447898267,772.1509279032803,0.16400835823973783,32,0.10559525502065396,1,Biometric,0,Legitimate,ACC-104277
2,1.0578351390642842,410.96531431340213,0.13744768286756032,8,0.05987737439536539,2,Biometric,0,Legitimate,ACC-104278
32,7.412102855360084,69.44357075449683,0.613212880864174,65,0.5128299579728117,3,OTP,1,Sleeper Mule,ACC-104279
5,1.61403698687562,321.24147226473883,0.19632977525765338,116,0.03913896985764075,1,Biometric,0,Legitimate,ACC-104280
46,5.288299789558733,11.702068882796233,0.8199987644928544,0,0.7364518902609566,3,PIN,1,Fast Burner,ACC-104281
1,1.0496468589140895,346.9105088632925,0.044073938113298294,107,0.05663716911530306,1,Biometric,0,Legitimate,ACC-104282
40,3.9514795350759604,3.1577382279266057,0.7758101473888528,0,0.6125720630600872,8,OTP,1,Fast Burner,ACC-104283
4,1.2198282738896928,1322.9629381036361,0.12000548053582599,107,0.09802426045718148,0,PIN,0,Legitimate,ACC-104284
6,1.336462740199153,292.48758872672903,0.1266715823946191,65,0.06816522998621767,0,Biometric,0,Legitimate,ACC-104285
34,5.312095222178069,45.790575494786516,0.7765262286804806,105,0.777297996733431,4,OTP,1,Sleeper Mule,ACC-104286
1,1.038616810100058,539.9309672847392,0.04781907859732304,48,0.02050962388734127,2,OTP,0,Legitimate,ACC-104287
4,1.7492231474493785,90.5381022196157,0.00632712344258648,98,0.08901776087558405,1,Biometric,0,Legitimate,ACC-104288
2,1.3656373754189528,1837.1090224156183,0.10204264047286211,76,0.11180254324687738,1,PIN,0,Legitimate,ACC-104289
2,0.9247152032681003,292.8135237491922,0.013434567379001795,18,0.12439835849937861,1,Biometric,0,Legitimate,ACC-104290
38,5.453273985206281,5.267182823729073,0.9126883108893505,1,0.8651396811074136,5,OTP,1,Fast Burner,ACC-104291
2,1.3720676510632275,554.104309859277,0.17921651212651846,52,0.04358912407494111,0,Biometric,0,Legitimate,ACC-104292
2,0.8070804076897103,527.0466208145849,0.14274162045486485,15,0.033722541088419815,0,Biometric,0,Legitimate,ACC-104293
1,0.8919868524644201,823.9486403849107,0.02909827149140285,61,0.019512235783772636,3,PIN,0,Legitimate,ACC-104294
21,6.032202683602466,56.518076961194204,0.6280260292603934,118,0.5447202412555576,5,OTP,1,Sleeper Mule,ACC-104295
37,6.015086237811115,8.20263719383771,0.7075382157230683,1,0.8206702134507334,11,OTP,1,Fast Burner,ACC-104296
3,1.1784880961145094,691.6344374646524,0.14513953895662818,36,0.11469723611865393,0,PIN,0,Legitimate,ACC-104297
3,1.3785969863677991,192.0732448814286,0.11976847511449373,58,0.04629787151023699,1,Biometric,0,Legitimate,ACC-104298
40,5.40552294578394,10.929831088635988,0.7459292183938725,2,0.8082340479551666,2,OTP,1,Fast Burner,ACC-104299
7,1.2434296473352922,530.3176911225173,0.07379404190710746,8,0.056732882534916936,1,Biometric,0,Legitimate,ACC-104300
44,7.4389745618535,29.114299726923463,0.7798613111301649,2,0.9164155681503491,0,PIN,1,Fast Burner,ACC-104301
1,0.9747298902132545,504.1038703320431,0.00794583067293817,75,0.002918379422181988,1,PIN,0,Legitimate,ACC-104302
4,0.8645304181931905,154.9568670484966,0.13278001842325823,99,0.10231152270767142,0,Biometric,0,Legitimate,ACC-104303
2,1.357118329624156,134.7882751789412,0.016122257693243516,109,0.13734356716001772,0,Biometric,0,Legitimate,ACC-104304
3,1.7610416078463915,729.560251194027,0.17240617485870197,19,0.05716614554176754,1,Biometric,0,Legitimate,ACC-104305
4,1.5354505645121923,135.76992036585352,0.1056964001919094,111,0.1015122187594289,0,Biometric,0,Legitimate,ACC-104306
3,1.0282241855620418,1031.3858512105753,0.1895125279920118,13,0.054479068891849496,1,Biometric,0,Legitimate,ACC-104307
41,4.81828440080385,7.914327503437577,0.8808103225416392,0,0.9594096385773387,2,PIN,1,Fast Burner,ACC-104308
2,1.3043020626734998,182.57754005673144,0.009602373121838537,118,0.01024289755896302,0,Biometric,0,Legitimate,ACC-104309
3,0.8203090664730567,461.4522241930908,0.11162854568813106,105,0.13610046474704043,0,OTP,0,Legitimate,ACC-104310
3,1.2558279062627806,108.97247197096345,0.17678450839225252,6,0.10235226397267796,0,OTP,0,Legitimate,ACC-104311
6,1.3460526206902472,364.1123528635704,0.13625570606295997,68,0.13368777197222492,0,Biometric,0,Legitimate,ACC-104312
3,1.9415801317295571,927.4276630181109,0.04455317528338998,81,0.04357273271460583,0,Biometric,0,Legitimate,ACC-104313
1,1.168634583429442,875.5695029703393,0.059339339525617235,54,0.0697308665879059,0,Biometric,0,Legitimate,ACC-104314
2,1.5134941485399582,1052.4953264235205,0.1949949125205821,70,0.14473109185192592,1,Biometric,0,Legitimate,ACC-104315
47,7.642091986347255,3.3219078880869186,0.7120020440721408,2,0.8235021958596235,7,PIN,1,Fast Burner,ACC-104316
59,8.264768693462901,13.023066538809548,0.8712610770119901,0,0.9809095664125512,7,Biometric,1,Fast Burner,ACC-104317
6,0.9937936696925119,148.2663689528849,0.1039178556668514,67,0.06017398608712814,0,Biometric,0,Legitimate,ACC-104318
44,7.618888080582467,16.037430121810615,0.9932861269826321,2,0.7395540640128735,4,OTP,1,Fast Burner,ACC-104319
3,1.044609810235047,247.40509820786272,0.03665117293781244,75,0.11762560302251847,0,Biometric,0,Legitimate,ACC-104320
1,0.68779711390512,104.13705289982121,0.08180542418292967,71,0.01689796301517239,0,Biometric,0,Legitimate,ACC-104321
3,1.0167712032804788,1943.128016792858,0.19079304666505484,12,0.04302338639403173,0,OTP,0,Legitimate,ACC-104322
3,1.3849182871591077,258.13741272654795,0.18570835268547634,67,0.11347208699648438,0,Biometric,0,Legitimate,ACC-104323
3,0.8180361678259807,857.5193085062547,0.17834709221155876,86,0.048580465185571756,0,PIN,0,Legitimate,ACC-104324
54,7.05249089241405,5.3076931890764225,0.8037338107276871,0,0.9756133616665936,5,PIN,1,Fast Burner,ACC-104325
0,1.508365167430023,3185.4425083788333,0.005463902328348658,75,0.045996254650977855,0,Biometric,0,Legitimate,ACC-104326
0,0.7493204242979157,651.557648589785,0.11938502714593086,40,0.12742020389782122,0,Biometric,0,Legitimate,ACC-104327
6,1.3691020962810467,131.74483395653763,0.13867750552306243,40,0.04330002415022493,0,Biometric,0,Legitimate,ACC-104328
32,5.929561339387727,66.83734181711615,0.9014503763591766,1,0.9275855791269509,4,OTP,1,Fast Burner,ACC-104329
3,1.4219277872091807,1447.5261616710468,0.10375238916030159,36,0.09899565068380164,0,Biometric,0,Legitimate,ACC-104330
47,9.414485270853028,9.652193186460217,0.7776280862886624,1,0.906049992463802,6,PIN,1,Fast Burner,ACC-104331
2,0.8046600743673078,1589.5254897026343,0.0409337895187895,14,0.1001672848545311,0,Biometric,0,Legitimate,ACC-104332
2,1.3405570808456508,397.69142226880973,0.009352002762233247,19,0.07783003796696555,0,PIN,0,Legitimate,ACC-104333
41,7.7446416823148,2.344663989960031,0.8398608113109863,0,0.9742913975629078,9,OTP,1,Fast Burner,ACC-104334
5,1.0740459012506314,577.937777977243,0.17806590506847375,90,0.04907654137928159,1,Biometric,0,Legitimate,ACC-104335
47,4.702336301078239,34.78495877726229,0.9450215257255573,2,0.6925027425261034,4,OTP,1,Fast Burner,ACC-104336
3,1.0973264609559623,370.0269944268652,0.09221975092682207,112,0.02390896626927566,1,OTP,0,Legitimate,ACC-104337
2,1.5645196816774916,211.73175487473569,0.14539326889220797,59,0.03388715758143876,0,Biometric,0,Legitimate,ACC-104338
5,1.5010097678187435,454.5836747208697,0.19614854504503954,61,0.016674975176390595,2,PIN,0,Legitimate,ACC-104339
1,1.3287118702702645,371.34581807309286,0.03641352245560492,79,0.09207058884297012,1,PIN,0,Legitimate,ACC-104340
3,0.9970980852709364,668.3281251773615,0.13738199573664264,109,0.011083821782030089,1,Biometric,0,Legitimate,ACC-104341
5,1.0313512974195818,235.7030281256467,0.012206743714647562,113,0.05588650146870436,1,OTP,0,Legitimate,ACC-104342
41,2.4715854779500916,19.452821358638772,0.8408553465760804,103,0.7648781428751686,2,OTP,1,Sleeper Mule,ACC-104343
4,1.452832209029708,306.81650735090057,0.13501038365839757,70,0.09495116887980574,2,Biometric,0,Legitimate,ACC-104344
2,1.2511328996164088,205.01494573741894,0.19601982062159556,102,0.0910589853586616,0,Biometric,0,Legitimate,ACC-104345
50,3.922262097329486,5.740045132918685,0.973794883880443,2,0.7794955272498201,7,OTP,1,Fast Burner,ACC-104346
46,5.421293205634375,4.561897082382554,0.940097148146102,0,0.6564152472456637,8,PIN,1,Fast Burner,ACC-104347
50,9.799060838098866,2.2102593264374253,0.982179555690214,2,0.9599033625287112,4,OTP,1,Fast Burner,ACC-104348
51,6.877377614447251,21.99620859408379,0.9618418579866532,1,0.8340062431003845,6,OTP,1,Fast Burner,ACC-104349
42,4.0944337228679455,11.270517381698538,0.7529705196757177,1,0.8617537136589306,5,Biometric,1,Fast Burner,ACC-104350
2,1.1392040211533552,418.0633890510536,0.0822054223738623,33,0.07110135326214936,1,Biometric,0,Legitimate,ACC-104351
41,11.262545795516445,26.219751853919508,0.8880342406462826,0,0.9168017230697743,5,PIN,1,Fast Burner,ACC-104352
2,0.964629902219243,293.1864779293078,0.06883270535036079,41,0.08100125282393669,0,OTP,0,Legitimate,ACC-104353
65,7.1812229417627425,41.767329042939835,0.9463622108165247,1,0.6505302019921493,4,OTP,1,Fast Burner,ACC-104354
6,1.1722201814194821,223.36950955362687,0.061763782717769056,74,0.14570290126290825,0,OTP,0,Legitimate,ACC-104355
5,1.2803088763075985,1275.4045376258625,0.1159014884868755,96,0.004225891695765693,0,Biometric,0,Legitimate,ACC-104356
3,1.5225063643532728,252.83483289047774,0.02317040766027352,65,0.006296035241435565,1,Biometric,0,Legitimate,ACC-104357
5,1.5624824221956417,186.60345773013762,0.194265940042464,27,0.0997253859553102,2,Biometric,0,Legitimate,ACC-104358
3,1.8209843217209034,335.0479195117264,0.035915752122106605,69,0.1322567470749856,1,PIN,0,Legitimate,ACC-104359
3,1.0139931152769865,720.7698613573759,0.050797489841004344,28,0.11842460652412079,0,Biometric,0,Legitimate,ACC-104360
49,5.960470532857009,28.1700536355792,0.9696320292555225,1,0.7373955459752539,7,OTP,1,Fast Burner,ACC-104361
50,5.1787232281302185,22.065031611590292,0.9788482502260243,1,0.665691148270272,3,PIN,1,Fast Burner,ACC-104362
48,6.195737928252448,18.05234306303121,0.9359553351650225,0,0.878928643240837,5,PIN,1,Fast Burner,ACC-104363
3,0.9710680939663572,123.15354383999559,0.10953714460582882,57,0.047128744582262704,0,Biometric,0,Legitimate,ACC-104364
2,0.42651214495784096,192.9680259417866,0.17769017298647727,115,0.10136562782609272,0,Biometric,0,Legitimate,ACC-104365
2,1.47829365954099,346.01358187391537,0.14501150005445881,37,0.08442928009220084,1,Biometric,0,Legitimate,ACC-104366
3,0.7479233102585959,484.3066321002862,0.16704746336481022,61,0.09032971195463227,1,PIN,0,Legitimate,ACC-104367
3,1.034478644450312,266.2418640330018,0.024556959623830157,22,0.04901912776616932,0,Biometric,0,Legitimate,ACC-104368
4,1.0880823997008253,477.2790518743407,0.12359110420865012,59,0.1032549081243045,0,Biometric,0,Legitimate,ACC-104369
2,1.023908704193861,217.8331217711676,0.09375574765620442,27,0.01700611221141456,2,Biometric,0,Legitimate,ACC-104370
36,6.543613318824599,4.84828648992999,0.7878780579049239,2,0.921323198905151,3,Biometric,1,Fast Burner,ACC-104371
4,1.0021513689484716,578.79698048871,0.18074599524272753,33,0.08797558222086378,1,PIN,0,Legitimate,ACC-104372
5,1.293416981308928,608.5816687284362,0.06757142582739,23,0.025082237376403266,1,PIN,0,Legitimate,ACC-104373
4,0.7247017266454808,85.1468382806613,0.12662379105700736,18,0.08012049287044992,1,PIN,0,Legitimate,ACC-104374
7,1.562810753500429,1078.2909721799697,0.058665666641302044,65,0.056152783616427754,1,Biometric,0,Legitimate,ACC-104375
2,0.6777898180858993,831.5768536676298,0.1286604956988366,74,0.09381629952090169,1,Biometric,0,Legitimate,ACC-104376
3,1.043068707934651,683.337615416364,0.13728246874823302,87,0.0409709813407575,0,OTP,0,Legitimate,ACC-104377
2,0.6685732345668468,296.69834090911513,0.1925145772322386,96,0.13763741760447618,1,Biometric,0,Legitimate,ACC-104378
2,1.6411985971956868,891.4455391882462,0.19326214177848255,33,0.05023973294394416,0,Biometric,0,Legitimate,ACC-104379
1,1.10971941210896,147.52614347056084,0.058132424269652705,103,0.07701101010156497,1,PIN,0,Legitimate,ACC-104380
0,1.494603295836477,955.3159641579226,0.13888498990472972,104,0.008013919117132456,0,Biometric,0,Legitimate,ACC-104381
44,4.624943315286853,5.380954991417315,0.721436657429485,2,0.6791322020163115,1,PIN,1,Fast Burner,ACC-104382
44,5.521099927222874,14.977397105954811,0.7028543082631435,2,0.9208394618408436,6,OTP,1,Fast Burner,ACC-104383
2,1.205010260180265,304.3346764957698,0.08433874274363636,99,0.07931042021928804,0,PIN,0,Legitimate,ACC-104384
2,1.3369494105751938,346.48093847789596,0.07760980618976476,20,0.010135580422799356,0,Biometric,0,Legitimate,ACC-104385
4,0.9842034939575479,387.47440179020964,0.04697803319436403,81,0.14851471788240775,4,Biometric,0,Legitimate,ACC-104386
3,1.533839458683872,488.90534214513013,0.027047075098961582,86,0.02951107836485399,0,PIN,0,Legitimate,ACC-104387
1,1.1289443852633465,202.27688433330576,0.13372047611216753,82,0.03850092397884902,0,OTP,0,Legitimate,ACC-104388
4,1.1391094970556344,698.3884419509475,0.007392470044112077,32,0.028769679873406444,0,Biometric,0,Legitimate,ACC-104389
1,0.7620639984246003,205.48995050533154,0.10319681724187263,108,0.04006346657633522,0,Biometric,0,Legitimate,ACC-104390
2,1.3223637152692471,337.0833078223436,0.032964376598045256,39,0.1106817529208983,0,PIN,0,Legitimate,ACC-104391
0,1.1500543247155361,89.25917198756004,0.03507806699472251,29,0.08539366904567106,1,PIN,0,Legitimate,ACC-104392
35,5.485869871220219,13.61974001972487,0.8516592231718072,107,0.765769940414606,3,PIN,1,Sleeper Mule,ACC-104393
2,1.507465929829779,986.5817919497413,0.09117367432038691,75,0.006846359929096546,0,Biometric,0,Legitimate,ACC-104394
48,8.066846271735582,21.38300001682559,0.7977480923149155,1,0.6467314088305218,6,OTP,1,Fast Burner,ACC-104395
2,0.9755971540198395,427.049774273198,0.11106231145741151,80,0.11138718350574468,1,OTP,0,Legitimate,ACC-104396
28,6.516577203766366,32.47101558360097,0.6736956457891816,98,0.788537456289315,2,OTP,1,Sleeper Mule,ACC-104397
4,1.1242939554027327,92.8900902339883,0.14754414723363787,74,0.13241307123689147,1,Biometric,0,Legitimate,ACC-104398
4,1.4277038911746567,1306.9147264863468,0.09825458362089437,44,0.12410249451617436,0,Biometric,0,Legitimate,ACC-104399
3,1.6675884051210257,932.0993013236157,0.04401354295097237,78,0.00327953288870681,0,Biometric,0,Legitimate,ACC-104400
3,1.180706864964226,729.7851745375975,0.17914022038230365,26,0.1025325475586411,0,Biometric,0,Legitimate,ACC-104401
6,1.1622541945355,234.558917930204,0.06997027740607856,6,0.13673840815090957,0,PIN,0,Legitimate,ACC-104402
3,1.4206965430924106,804.1019550117976,0.18543694901204183,48,0.04737596456961069,0,Biometric,0,Legitimate,ACC-104403
46,4.699368055381822,26.323419395185077,0.7461589804698855,66,0.765982706271391,4,OTP,1,Sleeper Mule,ACC-104404
2,1.1540748800971032,234.86813898909097,0.07690910252850765,26,0.031076539122961554,1,PIN,0,Legitimate,ACC-104405
1,0.9799825887257646,2667.5001550352786,0.19436454005239226,87,0.07549818888680816,0,Biometric,0,Legitimate,ACC-104406
32,5.407752610432253,10.090723617423446,0.8642414175085029,101,0.5124091916686795,2,OTP,1,Sleeper Mule,ACC-104407
42,7.689627274238827,14.849309695251831,0.8036097010572429,1,0.8228162676287616,8,PIN,1,Fast Burner,ACC-104408
50,5.682092107301484,9.148428212041347,0.8102621588086564,0,0.693502540358883,1,OTP,1,Fast Burner,ACC-104409
5,1.4928416070200763,92.23421327873257,0.18155199824809454,78,0.07912295681930036,0,PIN,0,Legitimate,ACC-104410
2,1.2118067264982586,456.94191658031235,0.1780281282403242,63,0.12089976818350605,3,Biometric,0,Legitimate,ACC-104411
4,1.5881453072444178,456.97715495083327,0.1139042293266067,69,0.011954988497138353,0,Biometric,0,Legitimate,ACC-104412
1,0.6726637728173782,741.4460593350304,0.04183691855534606,79,0.1104103038034473,0,PIN,0,Legitimate,ACC-104413
35,5.773526218434375,64.91635979050432,0.6352982643126416,66,0.6942568640673313,4,OTP,1,Sleeper Mule,ACC-104414
4,1.6649455818985017,541.6129751896958,0.14320272818656873,55,0.04243074867711093,0,OTP,0,Legitimate,ACC-104415
2,1.0377709935068333,90.12945314520834,0.09842679847946799,31,0.021406150382087763,1,Biometric,0,Legitimate,ACC-104416
2,1.1946216095250604,249.10220101557476,0.020986843702880866,87,0.10930033226439455,0,Biometric,0,Legitimate,ACC-104417
0,1.5567389344360398,302.554309269918,0.10206251668240796,30,0.10759556065575664,0,Biometric,0,Legitimate,ACC-104418
2,1.2920090826089512,328.6942393862296,0.13597699302098676,32,0.061530801745893204,0,OTP,0,Legitimate,ACC-104419
2,0.9082994988551436,370.0039404683031,0.18412277959006965,28,0.11832325816385077,1,PIN,0,Legitimate,ACC-104420
37,6.857478856204555,26.097723150948855,0.7603859749847914,118,0.5644789693316804,0,PIN,1,Sleeper Mule,ACC-104421
4,1.6060354684428355,2790.2096102851274,0.14339977161662376,84,0.12714490475785692,0,PIN,0,Legitimate,ACC-104422
2,0.9431745383997265,414.82620607540946,0.09046897059992898,46,0.07483245833358448,1,Biometric,0,Legitimate,ACC-104423
3,1.0348398095397895,1651.2551711080946,0.14646981392957958,8,0.0899367990037572,0,Biometric,0,Legitimate,ACC-104424
40,6.525883732866221,45.55743299262543,0.7455194319771781,0,0.6777021098650083,10,PIN,1,Fast Burner,ACC-104425
0,1.1618531911629808,210.8467095444556,0.19032081378370966,50,0.14966166315102758,0,Biometric,0,Legitimate,ACC-104426
45,4.28015238812225,9.50848426301564,0.7625343297125111,2,0.6383521500635565,4,OTP,1,Fast Burner,ACC-104427
42,6.242925181436876,11.206459492114186,0.8108960109377108,0,0.839722951719464,7,OTP,1,Fast Burner,ACC-104428
3,1.6414201044499566,145.12772788757383,0.11675228417559713,111,0.09433013929425695,0,Biometric,0,Legitimate,ACC-104429
8,1.3779162150849062,987.7907646491236,0.024903093766724085,63,0.019259297324649805,0,Biometric,0,Legitimate,ACC-104430
3,1.7260125596172946,292.29324368539767,0.08817447429901551,40,0.017583088229187253,0,Biometric,0,Legitimate,ACC-104431
47,4.4350071049300395,5.925430675556701,0.9827850707462917,0,0.7623334014527212,4,OTP,1,Fast Burner,ACC-104432
32,4.776157159570815,25.356056539465044,0.776656486709099,71,0.6706296210338084,4,PIN,1,Sleeper Mule,ACC-104433
2,1.533149959694215,442.62982299754515,0.13028596243920335,64,0.05980417371745407,0,PIN,0,Legitimate,ACC-104434
6,1.2065139055454528,491.1635417263815,0.0018507840433926949,69,0.06309594863479767,1,PIN,0,Legitimate,ACC-104435
3,1.0239471961427442,149.19352743266825,0.1927777736220977,24,0.036879616920367383,0,Biometric,0,Legitimate,ACC-104436
4,0.7898020616145132,612.0836166236555,0.1821032019864013,37,0.07906771358526064,0,Biometric,0,Legitimate,ACC-104437
9,1.5350938282920386,377.8293601935161,0.1747507583987561,96,0.01356805004855256,1,Biometric,0,Legitimate,ACC-104438
3,1.4411959487671506,97.32575687435191,0.047677138430693634,35,0.1108358867211105,1,PIN,0,Legitimate,ACC-104439
5,1.4139077551298846,422.1078617036515,0.07534323078706735,30,0.02223491283542126,4,PIN,0,Legitimate,ACC-104440
4,1.197491763818563,282.9587899057605,0.013054876940331606,46,0.10241436179639567,0,Biometric,0,Legitimate,ACC-104441
4,0.793474180267498,691.6543911966869,0.10637142187143288,94,0.03889871384887301,0,Biometric,0,Legitimate,ACC-104442
0,1.3047878317062622,749.1703358053726,0.014186213674201854,90,0.11570431245819385,1,Biometric,0,Legitimate,ACC-104443
45,3.2300020623507013,11.03781143099081,0.7956514224499999,1,0.618542506533059,3,OTP,1,Fast Burner,ACC-104444
4,1.5885445632586028,161.63842024197504,0.018348810175995458,28,0.011656869300529,1,Biometric,0,Legitimate,ACC-104445
49,6.1351060221400395,6.853768749119187,0.7476372404725482,2,0.6195284665416733,3,PIN,1,Fast Burner,ACC-104446
52,5.826653006519491,15.346685581188055,0.9915880086071887,1,0.7963210777700542,1,PIN,1,Fast Burner,ACC-104447
3,1.2476049970856187,396.33499617214153,0.015833400095072416,43,0.01410975735559944,1,Biometric,0,Legitimate,ACC-104448
4,1.2705951505453912,1845.0516431023614,0.05047449530429418,86,0.012902728134552077,0,PIN,0,Legitimate,ACC-104449
48,5.35365242434384,4.3538502142491,0.8437452349851904,2,0.9493730692347502,8,PIN,1,Fast Burner,ACC-104450
6,1.2318217729160514,267.33532903581226,0.14594709998367902,76,0.05655297850063591,0,Biometric,0,Legitimate,ACC-104451
24,2.9797639964320695,27.750500165646447,0.6007401581472553,72,0.5272834924962594,1,OTP,1,Sleeper Mule,ACC-104452
60,5.994743507524776,22.734354913878757,0.7306213460882609,1,0.774304976490754,8,PIN,1,Fast Burner,ACC-104453
0,1.6260813255802387,518.5889195050339,0.01082309356072988,93,0.07088115810586769,1,Biometric,0,Legitimate,ACC-104454
3,1.3441833645745782,133.29603956094354,0.18980829532332744,119,0.04620163465579105,1,Biometric,0,Legitimate,ACC-104455
49,5.596965319605149,4.020229474968815,0.7567399936827776,1,0.712516281670198,5,OTP,1,Fast Burner,ACC-104456
0,1.3760405552206965,198.02375864051712,0.150530800242256,42,0.10250186626189747,0,Biometric,0,Legitimate,ACC-104457
32,5.38176987436606,24.72068259599133,0.8641950439136676,58,0.6871266976484902,3,OTP,1,Sleeper Mule,ACC-104458
2,0.9006726652021935,274.4620059491375,0.1173759583593518,77,0.08290978058843088,0,Biometric,0,Legitimate,ACC-104459
6,0.9772022502682864,115.57097850273973,0.1852942409119316,10,0.1418540827323788,1,Biometric,0,Legitimate,ACC-104460
1,0.7668213232523318,129.0989406297696,0.023281537292963894,59,0.01842455233795512,0,Biometric,0,Legitimate,ACC-104461
4,1.3596067296818357,1496.7505036819316,0.10028814942831057,43,0.07207694792876036,0,Biometric,0,Legitimate,ACC-104462
31,3.7482237412909285,29.804252212843338,0.8163511274625692,108,0.5383637135371709,3,OTP,1,Sleeper Mule,ACC-104463
6,1.1361840249207242,1906.7351287870504,0.022292427916703363,21,0.0021598158799229273,0,Biometric,0,Legitimate,ACC-104464
3,1.4836491913978183,194.05100236177935,0.07347745783039157,96,0.040888958397539345,0,Biometric,0,Legitimate,ACC-104465
2,1.007361847850519,406.63592075510746,0.02961756760803205,108,0.10801666783122997,1,PIN,0,Legitimate,ACC-104466
49,6.188143835717899,40.74786197392454,0.8973802522489208,0,0.6235912848893626,3,PIN,1,Fast Burner,ACC-104467
3,1.6440549230645594,189.43390274246258,0.07951320175783541,74,0.13101797003495105,1,OTP,0,Legitimate,ACC-104468
1,1.1054165437643568,915.4171498817649,0.1663172971345656,72,0.015874561811785204,1,Biometric,0,Legitimate,ACC-104469
2,1.1428424431139887,676.5177095955048,0.011464854172881168,22,0.013160294812954698,2,PIN,0,Legitimate,ACC-104470
2,1.0614764875961618,744.8190229933567,0.19031217050780316,61,0.08622799694011468,0,Biometric,0,Legitimate,ACC-104471
1,1.1998563845794483,942.3389744488572,0.013856980288845168,81,0.02338981444620301,2,Biometric,0,Legitimate,ACC-104472
3,1.0231729765539326,117.39329971446438,0.07414271272914215,30,0.008977078459033278,1,Biometric,0,Legitimate,ACC-104473
40,7.795017117406038,35.85359112546594,0.8501967040628551,50,0.6868423234603983,4,PIN,1,Sleeper Mule,ACC-104474
34,7.490469821773143,26.08262079308789,0.9369658155807734,2,0.9751556285688217,7,OTP,1,Fast Burner,ACC-104475
26,4.748409348082996,103.21750974752833,0.7903971634512387,110,0.8599871409986051,4,OTP,1,Sleeper Mule,ACC-104476
40,7.800168680876005,17.08950959617399,0.8611832073469905,1,0.7469540643011716,5,PIN,1,Fast Burner,ACC-104477
36,5.435660821775677,3.478060253113636,0.7006046722300661,2,0.7850403842172469,6,OTP,1,Fast Burner,ACC-104478
41,5.663793768952139,3.0642639012329838,0.9236288677875614,0,0.7080893376187543,5,OTP,1,Fast Burner,ACC-104479
53,8.861315005762833,32.69515603876235,0.8930152325841552,0,0.895802181610184,5,OTP,1,Fast Burner,ACC-104480
4,1.472355715472961,1484.9215536904555,0.14767843305722858,109,0.09349620464088115,0,Biometric,0,Legitimate,ACC-104481
57,3.411585741969279,6.104022442043636,0.7144542616475431,2,0.814861449727633,3,PIN,1,Fast Burner,ACC-104482
2,1.294428768436549,182.83812535611287,0.007313155581821685,119,0.08415216795448983,0,Biometric,0,Legitimate,ACC-104483
4,0.8045171123910174,631.4537455306072,0.12327910495537185,106,0.011217345768963655,0,PIN,0,Legitimate,ACC-104484
4,1.1659254395307634,172.71032609443182,0.17393731621217057,18,0.14610961863377236,1,PIN,0,Legitimate,ACC-104485
3,1.0365389787529464,228.52083483537243,0.12940700491341744,36,0.14038182948647998,1,Biometric,0,Legitimate,ACC-104486
2,1.1861514168090084,976.6851371145392,0.16521641392600464,60,0.13355362551823655,2,PIN,0,Legitimate,ACC-104487
2,1.8121039796719467,137.53651548990337,0.046226372125120575,111,0.10323752476085135,1,Biometric,0,Legitimate,ACC-104488
4,0.8019367321898931,1131.66731523442,0.15580897403948643,60,0.030629859388916412,0,PIN,0,Legitimate,ACC-104489
4,1.2928666940301454,1401.0278987285385,0.028031284340426055,99,0.017384957886413064,0,Biometric,0,Legitimate,ACC-104490
46,8.234605265091789,2.560018487298935,0.7305574492609125,0,0.7334047515835243,6,OTP,1,Fast Burner,ACC-104491
2,1.1896283323542542,409.98933994704777,0.16348628184277395,64,0.09698819257932388,1,Biometric,0,Legitimate,ACC-104492
4,1.625953346211916,438.1896847705454,0.02938759918920253,108,0.059752845720488446,0,Biometric,0,Legitimate,ACC-104493
2,1.3713307885774104,410.1448602636904,0.02348081247271998,102,0.0993550642780021,1,Biometric,0,Legitimate,ACC-104494
33,5.655398960349606,13.934495616369817,0.7491749524694878,93,0.5931631318554947,0,OTP,1,Sleeper Mule,ACC-104495
0,1.0239765717809965,177.15978187027036,0.099060330737922,11,0.08481086376616036,1,Biometric,0,Legitimate,ACC-104496
4,1.4934008927995226,857.2564827609951,0.14213147541337132,85,0.09664572610787105,0,PIN,0,Legitimate,ACC-104497
47,6.448917500954799,6.738014592482973,0.907814039162874,2,0.8357338996391854,2,Biometric,1,Fast Burner,ACC-104498
4,1.364257959130686,233.89073392998435,0.042170958095602035,15,0.04505169423774172,0,Biometric,0,Legitimate,ACC-104499
3,1.4291836091146397,69.19097424450146,0.045630745651815824,97,0.032772574084723775,1,Biometric,0,Legitimate,ACC-104500
4,0.9623989277714267,1119.3822331229442,0.10221804023128372,75,0.0551724376621554,0,PIN,0,Legitimate,ACC-104501
3,1.108081371874044,428.8471844983129,0.043059659464289225,27,0.022503337478162903,0,Biometric,0,Legitimate,ACC-104502
4,1.3283030313029789,2522.502117343112,0.05985457854880616,40,0.14995981264435085,1,Biometric,0,Legitimate,ACC-104503
1,0.8795926872326467,627.1086523943677,0.08093854428957542,106,0.1331332951419533,1,Biometric,0,Legitimate,ACC-104504
2,1.019430851720216,446.82078477228345,0.17977715077242906,58,0.0006983372350173378,1,PIN,0,Legitimate,ACC-104505
4,1.295978358553432,72.3673527583233,0.11267778611936625,92,0.09311367626750908,0,PIN,0,Legitimate,ACC-104506
1,1.1619036560385059,146.87359131384574,0.13965738532611835,79,0.11579601160634682,0,PIN,0,Legitimate,ACC-104507
3,1.3652438505550515,350.15856945678786,0.19056506298929543,119,0.07423419110606205,0,Biometric,0,Legitimate,ACC-104508
0,1.6033301724249012,133.5447847440904,0.03800185896625046,30,0.07402742044828906,1,Biometric,0,Legitimate,ACC-104509
7,1.2084960791033292,3380.490005747775,0.05096016489541271,107,0.10926319470506662,0,Biometric,0,Legitimate,ACC-104510
37,6.884279306239444,8.75227550286304,0.7381336158312715,0,0.7171476783503256,5,Biometric,1,Fast Burner,ACC-104511
3,1.1371080019742512,584.4300986060238,0.16262107587890537,111,0.07818993578436657,1,Biometric,0,Legitimate,ACC-104512
3,1.0187910343575686,354.36354454275755,0.12250007557156169,44,0.037238029728187495,1,PIN,0,Legitimate,ACC-104513
4,0.7801970856642375,490.15804609849596,0.05813996272938411,58,0.11590311553432261,0,Biometric,0,Legitimate,ACC-104514
1,1.0253198812473667,672.091853741907,0.11181354552184748,73,0.02624003441261838,0,Biometric,0,Legitimate,ACC-104515
2,1.3393402409170678,1324.9534409509663,0.06845636860639888,67,0.034855158635947285,0,Biometric,0,Legitimate,ACC-104516
0,1.3155165503813502,871.0755287027705,0.08281238804266829,95,0.1334565410213773,0,Biometric,0,Legitimate,ACC-104517
5,1.5833629563125915,893.3418228595413,0.18972203395818865,83,0.02765503262573135,0,Biometric,0,Legitimate,ACC-104518
3,0.7490534791201194,792.8018612046856,0.05899858939679595,113,0.0716475566097441,0,Biometric,0,Legitimate,ACC-104519
2,1.2861661035525838,115.00271365622758,0.04015965286377217,68,0.01609364197379207,1,Biometric,0,Legitimate,ACC-104520
31,8.137811997598417,4.650015136246523,0.8240045921489644,1,0.8895397754782208,4,PIN,1,Fast Burner,ACC-104521
2,1.7346072338104417,1065.3555145065989,0.07352319329026653,22,0.13855140675160693,2,Biometric,0,Legitimate,ACC-104522
54,5.103827983979105,9.487101585889341,0.8061182984756801,0,0.8558791119713215,6,PIN,1,Fast Burner,ACC-104523
5,1.1058143439252417,436.17373337308777,0.14286850661089626,95,0.06831009857458727,0,PIN,0,Legitimate,ACC-104524
3,1.8513578583187484,1521.2063713058633,0.01954059353662965,40,0.13819120746733393,1,Biometric,0,Legitimate,ACC-104525
48,8.161761290882582,6.464401245606728,0.7422594810272887,2,0.9523672103807377,5,PIN,1,Fast Burner,ACC-104526
4,0.999270971958686,933.0653754909953,0.061132814518491466,44,0.1285008137931626,1,Biometric,0,Legitimate,ACC-104527
3,0.9086430392586025,692.6223797248484,0.1392443830009734,12,0.1003774540559485,0,Biometric,0,Legitimate,ACC-104528
3,1.498590870158767,1265.2366184429957,0.08996465514359045,45,0.021181546391617987,0,PIN,0,Legitimate,ACC-104529
4,1.816228674877093,379.21074921305603,0.03351258221197371,22,0.06027898585336145,0,Biometric,0,Legitimate,ACC-104530
52,4.707313258787488,66.85864306695836,0.7685358999615559,1,0.8579123925700634,1,PIN,1,Fast Burner,ACC-104531
53,6.229298130913935,14.124802846328707,0.8848200770980185,1,0.7823640957709039,3,PIN,1,Fast Burner,ACC-104532
4,1.2105886172235647,719.6650635710043,0.01630494618571725,114,0.08019075818335637,0,Biometric,0,Legitimate,ACC-104533
34,3.8977878614283004,18.571322122891186,0.8250402378851796,56,0.6681727273768631,1,PIN,1,Sleeper Mule,ACC-104534
48,6.7941557497385014,43.37328813832387,0.9156813957501577,0,0.957214136176891,5,OTP,1,Fast Burner,ACC-104535
6,1.2509834133154447,380.7601292701528,0.006304437061422585,100,0.1472691707106935,0,Biometric,0,Legitimate,ACC-104536
27,3.890978013540428,8.852652300066142,0.8363650447224295,109,0.5857200827764802,3,PIN,1,Sleeper Mule,ACC-104537
1,1.3260929452455612,541.2163959215875,0.11301031725808067,9,0.1234273358283666,0,Biometric,0,Legitimate,ACC-104538
39,6.44924908647171,3.3631744723819206,0.743493383628027,0,0.7160503499271466,7,PIN,1,Fast Burner,ACC-104539
4,1.2863046131027167,522.5465590391332,0.07219895175849343,91,0.08325555458354907,0,Biometric,0,Legitimate,ACC-104540
1,1.3141009950947649,318.65963671145755,0.1085710702062678,74,0.14704474979793092,1,Biometric,0,Legitimate,ACC-104541
55,7.332252702169973,8.396172504813574,0.8019675992573747,2,0.7153488841658093,6,PIN,1,Fast Burner,ACC-104542
2,0.994841938996069,384.31628588618327,0.06653705947512811,97,0.1479919285026463,0,PIN,0,Legitimate,ACC-104543
45,5.572225942347577,2.0304008509897646,0.7711947276852735,2,0.9859947294491681,5,OTP,1,Fast Burner,ACC-104544
34,8.606529370434579,8.411028341936127,0.843265034493414,1,0.7363733344090657,7,PIN,1,Fast Burner,ACC-104545
45,5.24924844391431,67.22258927932346,0.7244715669771693,37,0.8675980564448718,0,OTP,1,Sleeper Mule,ACC-104546
4,1.0684426483185054,348.76016624424335,0.08855085715012366,90,0.007463068712046483,1,OTP,0,Legitimate,ACC-104547
4,1.0783489900337737,97.22599639794166,0.05593900267139534,72,0.014801228499166645,0,Biometric,0,Legitimate,ACC-104548
37,4.501701373020809,3.753760049454275,0.9111294745602403,0,0.9813935551511673,5,PIN,1,Fast Burner,ACC-104549
0,0.7789151366784569,100.07748418835041,0.0581018825556378,27,0.057016342020362015,0,Biometric,0,Legitimate,ACC-104550
3,1.7399214875181293,552.7267464253774,0.09674072166303459,63,0.0942960977510714,1,Biometric,0,Legitimate,ACC-104551
2,1.1377929693917985,768.4785619672782,0.12959286098108183,73,0.12755701745720102,0,Biometric,0,Legitimate,ACC-104552
3,0.9760309943190266,263.89035061258573,0.07827813287645391,45,0.07234778701013957,0,PIN,0,Legitimate,ACC-104553
0,0.969369951431792,1831.5071871891855,0.08293677716468878,83,0.13684524833482253,0,OTP,0,Legitimate,ACC-104554
1,1.3383992139106264,348.87169816975603,0.049026432966902726,51,0.06581787813583813,1,Biometric,0,Legitimate,ACC-104555
2,1.1052108145941906,780.2483006046651,0.0343042376106357,89,0.10303828614862222,1,Biometric,0,Legitimate,ACC-104556
4,1.759718206790537,485.5683780333636,0.07030332498214523,101,0.013832771351828182,0,Biometric,0,Legitimate,ACC-104557
0,1.4931790110909366,306.19539469639705,0.13066304495382933,119,0.13954439110896436,1,Biometric,0,Legitimate,ACC-104558
6,1.1790444395449071,394.7968543179982,0.031832039544445266,58,0.06787497762299713,0,Biometric,0,Legitimate,ACC-104559
5,0.9568027332903982,178.7562812948678,0.1962579319840104,43,0.05331638807642949,1,Biometric,0,Legitimate,ACC-104560
3,0.8336107846184324,1204.619197642466,0.03575170069421287,36,0.10583798700967724,0,PIN,0,Legitimate,ACC-104561
4,1.933730870734105,2714.360981057477,0.14904369543923118,29,0.12033648269847723,0,Biometric,0,Legitimate,ACC-104562
10,1.7702666368811055,1353.5938654602169,0.1846548172707099,15,0.01501492692708799,0,Biometric,0,Legitimate,ACC-104563
40,8.462637700260284,13.398027702184732,0.8649695337922563,1,0.9075226782356234,6,PIN,1,Fast Burner,ACC-104564
4,0.8331749163785475,807.8249395119402,0.02824590491944845,116,0.04318361611428187,1,Biometric,0,Legitimate,ACC-104565
2,1.366391612439542,411.7582974226028,0.15497205373933037,77,0.003531042641938481,0,Biometric,0,Legitimate,ACC-104566
3,1.681110556640079,413.97158397881583,0.12029859059498826,117,0.05383090977385893,1,Biometric,0,Legitimate,ACC-104567
1,1.1007568441433184,324.95392715788273,0.17276251144724378,22,0.07578368254844928,0,Biometric,0,Legitimate,ACC-104568
3,1.032815607115634,854.9087167050195,0.17836769146895654,42,0.09946066678713386,2,Biometric,0,Legitimate,ACC-104569
42,2.7289941533886983,16.575341816734667,0.7581414855392559,111,0.6472420911350752,4,OTP,1,Sleeper Mule,ACC-104570
49,9.171373946309258,54.513926412476835,0.9601289474796271,0,0.899191227504499,2,OTP,1,Fast Burner,ACC-104571
3,1.932536575598931,266.6663476995226,0.09646322087726436,80,0.1079439861774212,1,Biometric,0,Legitimate,ACC-104572
45,3.046361970367616,18.637793297452184,0.8955636756439463,78,0.6268300763983818,0,OTP,1,Sleeper Mule,ACC-104573
1,1.0612112170221328,223.51321061261206,0.10135257145682197,34,0.1294572065161995,0,Biometric,0,Legitimate,ACC-104574
3,1.065420938067264,294.28643460064916,0.007367163420660661,12,0.031227731701281167,0,Biometric,0,Legitimate,ACC-104575
0,0.8626434961158314,288.12783132055006,0.09176258564828683,107,0.058332965576370625,0,Biometric,0,Legitimate,ACC-104576
29,8.048619457001896,3.473819321591419,0.9632223867964675,0,0.6958825040985297,3,PIN,1,Fast Burner,ACC-104577
3,1.2825746062705092,99.18851910110334,0.00635195774809596,93,0.008851899850957478,1,Biometric,0,Legitimate,ACC-104578
47,7.186051364718489,27.811194458997345,0.7390972023363906,2,0.6713605346767116,3,OTP,1,Fast Burner,ACC-104579
1,0.9082648086938985,1001.774822361976,0.12708251662707007,19,0.037385481679322506,0,Biometric,0,Legitimate,ACC-104580
54,6.330275019612148,8.708926352534574,0.8862116490400265,1,0.651390572771508,6,OTP,1,Fast Burner,ACC-104581
1,0.910208722616539,404.3061159786222,0.09037649873018641,55,0.071159597840969,2,PIN,0,Legitimate,ACC-104582
30,8.774133090210396,20.473842425102745,0.8282837670981478,0,0.8083839846414872,5,OTP,1,Fast Burner,ACC-104583
2,0.997329441422635,674.7356239533281,0.1536274259229742,66,0.009939351089165004,1,PIN,0,Legitimate,ACC-104584
2,1.5854750354625249,552.825268701057,0.12861871164379948,43,0.02810817001441705,0,Biometric,0,Legitimate,ACC-104585
56,9.273831290298464,29.895098239508002,0.8605174514548757,1,0.7727572648240911,9,PIN,1,Fast Burner,ACC-104586
4,1.3053273875030205,1051.311811557845,0.05064466150267793,12,0.083539975321057,1,Biometric,0,Legitimate,ACC-104587
2,1.9153793400994408,393.573494964816,0.01962488263989204,58,0.12001970413243929,0,Biometric,0,Legitimate,ACC-104588
48,8.428234465437601,11.264105065054293,0.9872540462335919,0,0.9953739389096433,7,PIN,1,Fast Burner,ACC-104589
40,3.3288411865368452,14.764124559087826,0.7684512503369723,94,0.726382157527639,1,OTP,1,Sleeper Mule,ACC-104590
2,2.0908528523236996,183.10939460795385,0.19171063706252534,66,0.04123135810850909,0,Biometric,0,Legitimate,ACC-104591
5,1.7184988141698998,787.083266630597,0.1537623312476434,68,0.07121064224809512,0,PIN,0,Legitimate,ACC-104592
36,5.260405903625932,36.07889479170913,0.9939815638857403,1,0.642294572334472,7,OTP,1,Fast Burner,ACC-104593
3,1.2102431680020636,513.0044526499873,0.10092302201989244,22,0.08160049856332811,0,PIN,0,Legitimate,ACC-104594
32,3.4471071925961714,29.72834900007605,0.6025906176484036,90,0.6188917112778525,4,PIN,1,Sleeper Mule,ACC-104595
0,1.5413573327908114,1125.2105267164743,0.0549770183214799,61,0.022316446927087452,1,Biometric,0,Legitimate,ACC-104596
1,1.0210128918049652,532.8827928657167,0.044645986058787585,47,0.004947609068190383,0,Biometric,0,Legitimate,ACC-104597
3,0.7782420942403603,151.4357709152805,0.05458376948086679,54,0.12680042775880007,0,Biometric,0,Legitimate,ACC-104598
2,0.6947987946611506,273.9236394564432,0.15214292557393283,49,0.11681708240655984,1,PIN,0,Legitimate,ACC-104599
1,1.2927163314312864,2829.1706967392847,0.08385161968512281,102,0.07672328821829306,1,OTP,0,Legitimate,ACC-104600
3,1.0639939649698236,304.2519862654471,0.08043408540848213,111,0.003880062258813027,0,OTP,0,Legitimate,ACC-104601
2,1.29730979227314,1415.7453935886233,0.0030547676125769474,87,0.055318025984226506,1,Biometric,0,Legitimate,ACC-104602
3,1.1315545952135297,375.15226230707583,0.1861930230033088,60,0.10782439301577942,1,Biometric,0,Legitimate,ACC-104603
60,6.931010236244841,6.194027201324892,0.8593951720840045,2,0.7959819293581436,8,OTP,1,Fast Burner,ACC-104604
2,1.422686552273491,170.2920292118281,0.05741132122383115,88,0.12246088912547026,0,Biometric,0,Legitimate,ACC-104605
29,7.472959031521056,21.188840330706533,0.728987318462592,68,0.8029577999314008,2,OTP,1,Sleeper Mule,ACC-104606
3,1.4358051872442625,987.9647201460882,0.061605070360387475,99,0.0742415494060077,0,Biometric,0,Legitimate,ACC-104607
47,6.353127570026952,8.394741219497284,0.9892648625763729,1,0.9148087813823322,8,OTP,1,Fast Burner,ACC-104608
33,4.819359432751374,20.914515160641262,0.7346802851167298,59,0.8998244326000555,4,OTP,1,Sleeper Mule,ACC-104609
9,0.9826403192897253,708.3561109540716,0.11335996876094222,22,0.006724007123024789,0,PIN,0,Legitimate,ACC-104610
3,1.261246161598808,1213.8766750438426,0.10897105142386039,113,0.07920782061532684,2,Biometric,0,Legitimate,ACC-104611
5,1.5443408375279257,1680.6390618103665,0.18266094299175528,93,0.05074894054324496,1,Biometric,0,Legitimate,ACC-104612
3,1.654904239739759,1416.2508775393374,0.1702492247011752,37,0.06973869706737716,0,OTP,0,Legitimate,ACC-104613
32,3.5519781370708894,8.809086751231181,0.8265094719026747,39,0.5882858506001577,6,OTP,1,Sleeper Mule,ACC-104614
4,1.1478555448591887,208.51862296469176,0.03250103121183647,73,0.14315718404686742,1,Biometric,0,Legitimate,ACC-104615
1,1.3296360731951307,329.0878425045041,0.17037283490282998,16,0.13602134472550534,0,Biometric,0,Legitimate,ACC-104616
4,0.651550521621858,971.4529187651361,0.0006495856523017762,53,0.07006439459735739,0,OTP,0,Legitimate,ACC-104617
35,3.540869049970576,13.169472717982982,0.6000025296633913,88,0.510905369354615,4,PIN,1,Sleeper Mule,ACC-104618
55,5.843507969320277,30.482942411519566,0.9399361574282383,0,0.8730577685807911,5,OTP,1,Fast Burner,ACC-104619
4,1.337580136163289,557.8252538766412,0.17195593099409934,21,0.11061802074271729,0,Biometric,0,Legitimate,ACC-104620
2,1.3133135280341501,234.0910822043892,0.18085326169717372,86,0.13612230104287246,0,PIN,0,Legitimate,ACC-104621
53,7.209313676082208,10.413009289850843,0.8495747669303748,0,0.9393900993708804,7,OTP,1,Fast Burner,ACC-104622
5,1.2179888573087119,828.0314688663703,0.12906118580352105,66,0.07857894936124292,0,Biometric,0,Legitimate,ACC-104623
46,9.498654281458974,8.80938236085106,0.911963089438823,1,0.7556158899703769,7,PIN,1,Fast Burner,ACC-104624
1,0.9182840568894088,743.6776742795548,0.021054612441267696,34,0.07831939403771783,0,PIN,0,Legitimate,ACC-104625
3,1.2500902870002488,914.4865317929689,0.08119229126791788,28,0.029699259248522434,0,Biometric,0,Legitimate,ACC-104626
1,0.4851712943780805,544.0948054991932,0.08649667763988843,83,0.09733475969956137,1,Biometric,0,Legitimate,ACC-104627
4,1.2519592928126242,637.3823796560645,0.12754913324914355,63,0.012486112181802577,1,Biometric,0,Legitimate,ACC-104628
43,6.93704247693635,18.263629883957645,0.9348637948566287,1,0.7227339696163575,2,PIN,1,Fast Burner,ACC-104629
5,1.4378220528917316,87.49120756858854,0.040543319302137504,60,0.04939768953754778,0,Biometric,0,Legitimate,ACC-104630
34,5.290184953025178,7.922187887956931,0.8674533763593766,92,0.7079834358830571,2,PIN,1,Sleeper Mule,ACC-104631
50,7.653495899601547,14.519580231898608,0.7180613385849696,0,0.9335300351719833,6,OTP,1,Fast Burner,ACC-104632
3,1.1576550982971583,344.03197034163077,0.07744591592459385,62,0.07372683858393773,0,Biometric,0,Legitimate,ACC-104633
4,0.9476854708805116,347.0040237826852,0.008374939794642945,45,0.13724169432712663,2,PIN,0,Legitimate,ACC-104634
2,1.1092951301004748,603.5952832291767,0.1844796054865018,100,0.021612774157719394,1,Biometric,0,Legitimate,ACC-104635
1,1.4667790274276926,454.1081771059924,0.03270524172162408,18,0.03256725762256286,1,OTP,0,Legitimate,ACC-104636
4,0.8789524609479418,121.32887136991053,0.15685267545905612,88,0.08215260093980149,0,PIN,0,Legitimate,ACC-104637
2,1.3723159053401628,445.0942656359928,0.13281447353677112,97,0.017813820543862578,0,Biometric,0,Legitimate,ACC-104638
3,1.0202091634128823,1516.9694448915104,0.005888502948966302,26,0.14697525339493517,0,Biometric,0,Legitimate,ACC-104639
1,0.7887473865512982,504.7511534895738,0.1386724873402252,81,0.14152583756820525,1,PIN,0,Legitimate,ACC-104640
2,1.0567965424668497,249.77551979193632,0.1966437129592422,81,0.006104215852054268,0,Biometric,0,Legitimate,ACC-104641
4,1.428942690212897,755.3310035921054,0.08408579122809029,79,0.13796196503506594,2,Biometric,0,Legitimate,ACC-104642
3,1.5440888604765508,408.0729315950618,0.11244464996884213,43,0.02629914938049437,0,PIN,0,Legitimate,ACC-104643
42,6.127480116670771,36.497627558125025,0.8772843112156398,115,0.6697754592143318,4,PIN,1,Sleeper Mule,ACC-104644
35,4.723124961109116,3.3004338243148337,0.9388297202236262,1,0.9608408879862248,8,OTP,1,Fast Burner,ACC-104645
2,1.0980048832945442,557.1966850942231,0.16367461077397893,51,0.14984006056568086,0,Biometric,0,Legitimate,ACC-104646
1,1.6794332687255276,214.9413062443076,0.10589297039429334,79,0.11900400183550199,0,Biometric,0,Legitimate,ACC-104647
32,5.700790144331601,40.55871462057242,0.6256705044324393,38,0.8588148250893923,1,OTP,1,Sleeper Mule,ACC-104648
36,3.5834777844136676,6.433195050520601,0.8920168276110941,51,0.5836957608059178,3,OTP,1,Sleeper Mule,ACC-104649
2,1.5332033052162275,163.20503473866617,0.09319635640763027,26,0.1077899722643592,1,PIN,0,Legitimate,ACC-104650
48,6.564850813148694,16.88032471603003,0.9186692479377292,0,0.7779064470637329,5,PIN,1,Fast Burner,ACC-104651
37,4.987396890095925,7.1359775013503715,0.8910438956975286,0,0.6958655202177474,6,OTP,1,Fast Burner,ACC-104652
51,8.72470967618889,3.9302651092871352,0.9836146411607368,2,0.963920802064245,2,Biometric,1,Fast Burner,ACC-104653
3,1.2837720303662998,2471.4374524977447,0.11563244011989274,10,0.07164954633823604,0,Biometric,0,Legitimate,ACC-104654
2,0.6491984149929506,278.5790095489492,0.16556063665965048,72,0.010420054411831591,0,Biometric,0,Legitimate,ACC-104655
2,1.177622196897577,115.30109064268386,0.10946574846862989,112,0.0016963030020150816,0,Biometric,0,Legitimate,ACC-104656
6,1.447400587407429,681.9142852018688,0.11934079463759224,36,0.014812007804275655,2,OTP,0,Legitimate,ACC-104657
3,1.5352897324811872,207.8541788886803,0.06640160226343776,80,0.03983777960215164,0,Biometric,0,Legitimate,ACC-104658
2,1.379873588344126,954.1538842167258,0.1648358370687887,66,0.049012858406756205,0,OTP,0,Legitimate,ACC-104659
2,0.9826844504633491,269.18500115158713,0.18815049052900124,89,0.09639341324220238,0,Biometric,0,Legitimate,ACC-104660
50,7.354702640576386,10.44583261856711,0.8974817799149845,2,0.7784235326677837,7,PIN,1,Fast Burner,ACC-104661
8,1.1914532626468821,444.6048877931945,0.11543543907426852,11,0.06923774985932196,1,Biometric,0,Legitimate,ACC-104662
8,1.1494987097288427,228.8823327176038,0.14495653135487752,77,0.0024397611176164903,0,Biometric,0,Legitimate,ACC-104663
4,1.356001314240243,815.6246572352799,0.04299049003138416,95,0.02442155819697927,0,Biometric,0,Legitimate,ACC-104664
6,1.2045369784753661,206.07827699711427,0.07627753261471318,91,0.075584730660427,1,Biometric,0,Legitimate,ACC-104665
30,5.762960395783133,16.74671127623651,0.7455441965701498,0,0.6271480412119129,9,OTP,1,Fast Burner,ACC-104666
41,5.60623613751963,10.965822014273014,0.9769897548019578,2,0.6522480038190575,4,OTP,1,Fast Burner,ACC-104667
57,5.5126125407370985,11.014228940902715,0.9639754741980135,2,0.7438260264018761,6,OTP,1,Fast Burner,ACC-104668
3,1.2727350541907458,942.6441897794971,0.15537478244376435,21,0.08703507351529949,1,Biometric,0,Legitimate,ACC-104669
5,1.2362311396654084,197.68734647564384,0.09771261023307587,40,0.08014716296780937,0,Biometric,0,Legitimate,ACC-104670
3,0.6914946621074077,166.34541585393333,0.19129621944624542,74,0.05328927197077925,0,Biometric,0,Legitimate,ACC-104671
6,1.2882049197919894,830.5897817052813,0.13679573536408215,109,0.0761767279836238,0,Biometric,0,Legitimate,ACC-104672
2,1.1084072539444305,265.47741638612183,0.14304859142422718,108,0.021356169838892453,0,Biometric,0,Legitimate,ACC-104673
2,1.5476264503529609,498.7690008040871,0.08950929628284476,110,0.09734240231917304,0,Biometric,0,Legitimate,ACC-104674
48,7.936030914184146,16.529192567851915,0.7893786394243647,0,0.6332269828043943,7,OTP,1,Fast Burner,ACC-104675
52,4.560010330187534,11.71503357317159,0.9493117035457673,2,0.7907516222430586,5,PIN,1,Fast Burner,ACC-104676
5,1.2405847525656952,1746.7964755763296,0.0527568204896548,29,0.018344439953929592,0,Biometric,0,Legitimate,ACC-104677
38,5.375239800418819,19.51224518965939,0.8676678703506433,0,0.7128504063874525,2,OTP,1,Fast Burner,ACC-104678
39,6.857878626557009,10.154656146561933,0.7455077611535353,1,0.9038611673815379,2,OTP,1,Fast Burner,ACC-104679
3,0.903253644602104,143.65389107977944,0.06831661045791707,93,0.04399852146550146,0,Biometric,0,Legitimate,ACC-104680
1,1.119396636742513,798.8063261877116,0.021469058233581962,18,0.1213976063438336,1,Biometric,0,Legitimate,ACC-104681
3,0.8260979119137378,430.1627236128404,0.198814427609865,89,0.009887047005588128,0,OTP,0,Legitimate,ACC-104682
3,0.9611129433023728,143.0248049682608,0.1148313332863104,89,0.09808563557543139,0,OTP,0,Legitimate,ACC-104683
3,1.328212813641239,266.2768988004703,0.16263693403991916,98,0.08198342177644317,0,Biometric,0,Legitimate,ACC-104684
1,1.4398993546042724,414.92946329687237,0.08725385600851786,88,0.12383467340180723,0,Biometric,0,Legitimate,ACC-104685
53,6.300307364362678,2.918919367462402,0.8038428779302876,2,0.9189536561224805,5,OTP,1,Fast Burner,ACC-104686
4,1.7496358822731903,1858.9614273007749,0.153825780324356,109,0.10778044934936637,0,Biometric,0,Legitimate,ACC-104687
4,1.0284792531751998,66.08589920076328,0.09593735092409722,53,0.02646113791047931,0,Biometric,0,Legitimate,ACC-104688
41,9.764875571450052,11.752980655060256,0.8962942211054002,0,0.9741077783665664,5,OTP,1,Fast Burner,ACC-104689
4,1.425964033924847,188.88088726098118,0.17984443039494546,105,0.004771105061691411,0,Biometric,0,Legitimate,ACC-104690
0,1.3018586362212647,921.7393869215349,0.11856241307029997,103,0.07011184306025267,0,Biometric,0,Legitimate,ACC-104691
1,0.8456396480553359,297.69192094357373,0.02910192912906422,111,0.024702740949164016,2,OTP,0,Legitimate,ACC-104692
2,1.0800910527492027,314.43171789789665,0.13099613880777763,78,0.09926804001973846,0,Biometric,0,Legitimate,ACC-104693
1,0.9531397185006066,266.4084208864987,0.1708030830411883,44,0.1367820695816189,1,PIN,0,Legitimate,ACC-104694
1,0.9233840858467719,66.9195777888352,0.18534955426903366,23,0.028087554255854897,0,PIN,0,Legitimate,ACC-104695
39,5.104072555181487,41.664702230691,0.8186484152389765,116,0.88044387861354,4,OTP,1,Sleeper Mule,ACC-104696
51,6.57294824360923,25.679888112660613,0.9648762316759483,2,0.8906113196014787,4,OTP,1,Fast Burner,ACC-104697
0,1.2321857598289736,414.1043739881268,0.10592097081319224,89,0.09907903349799244,1,Biometric,0,Legitimate,ACC-104698
3,0.8953477683560036,162.72622383647462,0.13595824025426792,51,0.02352784378445556,1,PIN,0,Legitimate,ACC-104699
3,1.6271696811740552,1968.3517210450589,0.16938468362195905,7,0.009532819506820866,0,Biometric,0,Legitimate,ACC-104700
3,0.9115584559468479,248.21849376586417,0.1146656985222327,68,0.08669829170441572,0,Biometric,0,Legitimate,ACC-104701
4,1.4497201615771678,145.19973468286378,0.16437427097416918,32,0.004442678732666128,0,PIN,0,Legitimate,ACC-104702
2,1.4971700482328367,410.4860561130092,0.14490456771578478,118,0.12243790672956231,1,Biometric,0,Legitimate,ACC-104703
0,1.2429860015646075,562.0590898787832,0.10448626260999994,68,0.12161125558937833,0,Biometric,0,Legitimate,ACC-104704
1,1.291710357224933,254.20213007949033,0.06224760937294693,87,0.05644292626574701,1,PIN,0,Legitimate,ACC-104705
33,5.507042509826041,6.438065628261571,0.7762821608204782,98,0.6327464208792626,2,OTP,1,Sleeper Mule,ACC-104706
4,0.9358180620655052,107.44107958118241,0.08435629693708589,115,0.05013096627468983,0,Biometric,0,Legitimate,ACC-104707
3,1.1638070897610495,78.03072056242837,0.04440210685486419,40,0.06179436854122888,0,OTP,0,Legitimate,ACC-104708
1,2.128976668842765,201.2306238706078,0.19146496970544083,60,0.12092650201107381,0,OTP,0,Legitimate,ACC-104709
3,0.8078704966802602,483.4544345434545,0.03019513630277615,40,0.06460439052679003,0,PIN,0,Legitimate,ACC-104710
3,1.2754481009825975,245.26620381318082,0.025513709443086265,7,0.06035519925365434,1,PIN,0,Legitimate,ACC-104711
3,0.8766768195208969,539.6641667021507,0.06135316413059031,81,0.13249539956005693,0,Biometric,0,Legitimate,ACC-104712
30,5.606343475918426,48.01391184804821,0.7057167408690368,99,0.7259328502740071,3,OTP,1,Sleeper Mule,ACC-104713
3,0.9994925508027334,80.49840799958076,0.17987183993523484,82,0.0482477607454368,1,Biometric,0,Legitimate,ACC-104714
57,7.362166010106588,2.911656493290727,0.900463842175,1,0.9078527343612967,5,PIN,1,Fast Burner,ACC-104715
3,1.0231263012191616,184.91439372632584,0.11833789474862177,46,0.021344849513803926,0,Biometric,0,Legitimate,ACC-104716
3,1.2404818590489748,102.9866409191467,0.10689229894836161,32,0.08766456548348578,0,Biometric,0,Legitimate,ACC-104717
24,5.7681838472540505,11.76455836496076,0.8309296750767597,86,0.6805340492961918,2,PIN,1,Sleeper Mule,ACC-104718
2,1.2233657180942024,737.1469121350002,0.1568264517216887,43,0.04900930358812593,1,Biometric,0,Legitimate,ACC-104719
1,0.5928205167051167,822.4697924763512,0.14550693129808215,116,0.09973878759696139,0,Biometric,0,Legitimate,ACC-104720
33,3.795164046243842,14.931865513346658,0.7773386368645168,37,0.5699714816970829,3,OTP,1,Sleeper Mule,ACC-104721
3,0.787455182387909,974.4296494735862,0.05701376809445833,26,0.12668196289120612,0,PIN,0,Legitimate,ACC-104722
4,1.0026304534275776,412.4398057157025,0.1641285094596579,10,0.13106029544301584,0,PIN,0,Legitimate,ACC-104723
1,1.2982878651985243,530.165698889411,0.06166022077364169,73,0.07726453989044384,0,OTP,0,Legitimate,ACC-104724
3,0.8726859848417776,268.42917601535004,0.11934445787347248,81,0.09623045463683304,1,Biometric,0,Legitimate,ACC-104725
1,1.7076939057314626,111.85597845476951,0.05834903364823352,18,0.09848658831353942,0,OTP,0,Legitimate,ACC-104726
6,1.0971017323193304,167.48204207430086,0.1828000074018556,29,0.10660009598818147,0,Biometric,0,Legitimate,ACC-104727
35,5.976240650234481,40.438322435551086,0.6334159422316115,60,0.7990750215614816,1,OTP,1,Sleeper Mule,ACC-104728
0,0.8990094507073509,133.67668372855468,0.1783854956252112,64,0.04324807806259132,0,Biometric,0,Legitimate,ACC-104729
4,1.0070548769632033,327.51485380499673,0.19670406154454692,80,0.05158548008746345,0,PIN,0,Legitimate,ACC-104730
40,5.24072382239734,8.48917402368594,0.827530507948548,87,0.558397420347773,1,OTP,1,Sleeper Mule,ACC-104731
2,0.8612806734503093,625.1144619513926,0.09459675333042677,35,0.02066900619577088,0,Biometric,0,Legitimate,ACC-104732
3,1.318427216732398,162.37002288320846,0.03422448439611332,106,0.013417237263726867,0,Biometric,0,Legitimate,ACC-104733
1,0.9904578725360561,131.50610022692044,0.11268043519460554,97,0.0010606524507006,0,PIN,0,Legitimate,ACC-104734
4,1.2503044000347718,740.8256051259068,0.11464853296960116,83,0.011550523875932394,0,Biometric,0,Legitimate,ACC-104735
1,1.1271814232066915,726.6418721825246,0.09963368313746906,32,0.05182613205187228,2,Biometric,0,Legitimate,ACC-104736
2,1.34773120174625,1485.3515816837155,0.14576123980387753,80,0.1321314954727355,0,Biometric,0,Legitimate,ACC-104737
4,1.332700877992859,721.0807620254712,0.15812546787661544,66,0.062388290704414484,0,OTP,0,Legitimate,ACC-104738
2,0.434237954393775,358.7166698149618,0.18057295875832818,118,0.14783234923344382,0,Biometric,0,Legitimate,ACC-104739
1,1.3670153929900255,102.44793069103639,0.19793794323829403,101,0.034007601869977484,0,Biometric,0,Legitimate,ACC-104740
48,4.617184815219263,96.01301872186363,0.7060711964684808,47,0.6700996169976509,2,OTP,1,Sleeper Mule,ACC-104741
1,1.3264080762920125,1318.498676467638,0.08546727798201013,47,0.0728520331079308,1,Biometric,0,Legitimate,ACC-104742
26,4.115533121694153,16.6335535357071,0.8358602873987621,40,0.8316275688239245,3,PIN,1,Sleeper Mule,ACC-104743
5,1.080172565704195,265.3339008834651,0.14012434603193888,98,0.060050202296390534,0,Biometric,0,Legitimate,ACC-104744
32,6.399242007499104,125.25686879354578,0.690804224811631,68,0.8803191963905095,1,OTP,1,Sleeper Mule,ACC-104745
42,7.011110152020024,14.287978913668937,0.6929669319315486,38,0.8667881001622364,2,OTP,1,Sleeper Mule,ACC-104746
35,5.076123840178481,7.136856603847154,0.6434078939927422,87,0.5956701498158412,0,PIN,1,Sleeper Mule,ACC-104747
1,1.4696180322040933,166.65703789261408,0.06722588440561741,43,0.043676709712337274,0,Biometric,0,Legitimate,ACC-104748
3,1.2982778193428872,428.592847512535,0.004450025099045041,28,0.054295347380361854,1,Biometric,0,Legitimate,ACC-104749
56,6.068920920362035,5.952186362993286,0.9562628827260227,0,0.6669879983474021,1,PIN,1,Fast Burner,ACC-104750
3,1.4498836328475124,841.4975272986858,0.04465950982041336,57,0.0784849123387564,0,Biometric,0,Legitimate,ACC-104751
30,4.022615999805189,29.02283609407713,0.7676060200595752,56,0.7130032982237823,1,OTP,1,Sleeper Mule,ACC-104752
2,1.110615190556033,150.25083416398604,0.1903084293510997,23,0.057555584934556446,0,PIN,0,Legitimate,ACC-104753
54,7.403813708557576,22.811736712797313,0.7919996762829781,2,0.676617650723125,8,Biometric,1,Fast Burner,ACC-104754
3,1.3869707689916453,896.638480126839,0.0909007201965204,73,0.015630592853918067,1,Biometric,0,Legitimate,ACC-104755
41,7.5254476659145855,22.735243446991653,0.9441424565369507,2,0.6131379530995991,4,OTP,1,Fast Burner,ACC-104756
3,1.1542500965070241,211.08755247035765,0.0776422199286204,76,0.13661410286204473,2,Biometric,0,Legitimate,ACC-104757
1,1.0098634062666598,567.8799194959623,0.025591632821660572,65,0.1464538649446959,0,Biometric,0,Legitimate,ACC-104758
40,5.27233465070681,14.67175385086738,0.842522670638183,2,0.739329052613243,5,OTP,1,Fast Burner,ACC-104759
47,6.773652774947503,5.593635734401602,0.7578034626960347,1,0.6605475967436379,7,OTP,1,Fast Burner,ACC-104760
2,1.2872740204776996,283.5025763594962,0.11869224449036725,117,0.07970261319170492,0,Biometric,0,Legitimate,ACC-104761
2,0.644523949712824,1282.3291503991725,0.017331481078834244,97,0.009765703875736985,0,Biometric,0,Legitimate,ACC-104762
2,1.5253432574571861,115.04316508851551,0.1498111224416816,27,0.12813906556396584,0,Biometric,0,Legitimate,ACC-104763
2,0.8678450190354718,818.9187368939481,0.11154794806622237,26,0.034132714134943565,2,Biometric,0,Legitimate,ACC-104764
2,1.0315018329223722,726.6933176893667,0.014377578281024529,96,0.1486406733388571,0,Biometric,0,Legitimate,ACC-104765
2,1.7417006634348795,752.3204445828198,0.12076344379365433,109,0.09772945280475111,1,Biometric,0,Legitimate,ACC-104766
50,5.593349451497736,3.5776673123268687,0.962411473330476,0,0.757819001793948,6,OTP,1,Fast Burner,ACC-104767
40,8.715751866207096,11.385817885257007,0.7554317893417763,0,0.6744950451631118,6,OTP,1,Fast Burner,ACC-104768
2,1.100997939412534,339.52733542294817,0.06257658251918656,107,0.06412022182798163,1,OTP,0,Legitimate,ACC-104769
2,1.0695795095627425,400.05792968768185,0.11698421894496594,40,0.03526101158461279,0,PIN,0,Legitimate,ACC-104770
45,4.457158298433841,8.259042182836371,0.6403389929861827,55,0.5724351586777694,1,OTP,1,Sleeper Mule,ACC-104771
27,2.390759065463468,9.01486693444007,0.6474787423843177,65,0.6912319684631715,4,PIN,1,Sleeper Mule,ACC-104772
55,5.887167342364491,11.696100901370134,0.7103724117056702,0,0.6746340661210847,6,PIN,1,Fast Burner,ACC-104773
4,1.08998469942719,1586.8932572662684,0.010293341035193816,63,0.04136044599532984,1,Biometric,0,Legitimate,ACC-104774
4,1.475822528626094,172.36215143500107,0.09125122022839466,117,0.1345691687503792,1,OTP,0,Legitimate,ACC-104775
43,6.563882190926947,15.617748033486473,0.7549060120589994,1,0.7427307273873038,5,PIN,1,Fast Burner,ACC-104776
3,1.026898668081839,1074.858347153464,0.19936695239223168,112,0.12500621613815807,0,Biometric,0,Legitimate,ACC-104777
2,1.0900192290483768,251.3675168923669,0.07124058610194198,46,0.09025564269833547,0,OTP,0,Legitimate,ACC-104778
2,0.7180191793925982,678.5361043203972,0.18184478590992684,27,0.1314916455821832,0,Biometric,0,Legitimate,ACC-104779
1,1.06994645363894,438.7401743511459,0.15964686277476278,58,0.12617328548213888,2,Biometric,0,Legitimate,ACC-104780
2,0.9186139773465323,1181.015569905744,0.13295939820609168,68,0.00416133401589579,1,Biometric,0,Legitimate,ACC-104781
52,5.481096360939047,3.3089303912598544,0.8376750468008649,2,0.8074577675871804,6,Biometric,1,Fast Burner,ACC-104782
3,1.0976306336929735,87.77728159115603,0.11448381279309933,26,0.05757092146492192,1,PIN,0,Legitimate,ACC-104783
42,4.673897091934607,39.54983287527979,0.6275607817935851,63,0.6805474214980228,5,OTP,1,Sleeper Mule,ACC-104784
53,4.799491429023108,12.499934291665808,0.802329475726384,0,0.8247484265001638,1,PIN,1,Fast Burner,ACC-104785
2,0.9015684846204913,73.8334366192488,0.1115490280885792,8,0.09483400436574495,0,Biometric,0,Legitimate,ACC-104786
55,6.711193295310599,4.092743089875899,0.9135785311345204,0,0.666296133382629,3,PIN,1,Fast Burner,ACC-104787
25,3.335966522604627,43.54127524779916,0.6055330067930076,44,0.6547615884764094,2,PIN,1,Sleeper Mule,ACC-104788
2,0.9149686292563052,360.2464860001602,0.18175136338665765,66,0.12797435880752972,0,OTP,0,Legitimate,ACC-104789
5,1.167604894196217,414.99114558012445,0.0828488503042007,27,0.04540934909579176,1,Biometric,0,Legitimate,ACC-104790
1,1.3534245765065638,799.9063989496876,0.17108657066061556,83,0.11151541376664437,0,Biometric,0,Legitimate,ACC-104791
38,6.936839038264184,6.449873027187155,0.993351896281126,1,0.6923086177856196,7,OTP,1,Fast Burner,ACC-104792
4,2.185235460386365,704.0908510689892,0.04641581763760443,13,0.05092831297107819,2,Biometric,0,Legitimate,ACC-104793
37,3.820796127171235,9.34498417455916,0.8331016381487859,92,0.8760435565796114,2,PIN,1,Sleeper Mule,ACC-104794
35,3.7649308271885262,59.99719563061715,0.628777130992857,108,0.649588793209528,4,OTP,1,Sleeper Mule,ACC-104795
1,1.4750119417767056,124.10232100517824,0.04463065020834816,74,0.13120221797309436,1,OTP,0,Legitimate,ACC-104796
2,1.287412336871575,80.64320123453038,0.14369484295518506,111,0.06889806930297027,0,Biometric,0,Legitimate,ACC-104797
6,1.4292562848406691,661.3142754826262,0.14610003357832044,81,0.03186276630368101,0,Biometric,0,Legitimate,ACC-104798
2,0.9496985440252012,204.71710909846783,0.1453006918813925,70,0.036764251095733815,0,Biometric,0,Legitimate,ACC-104799
3,1.0715564007021585,647.0740445157522,0.090626769744034,118,0.14615997482387183,0,PIN,0,Legitimate,ACC-104800
3,0.7649510498889893,149.38741780902134,0.04012928177787889,57,0.10789842289667129,1,Biometric,0,Legitimate,ACC-104801
4,0.9632260215341408,101.5303625212126,0.0321806716105147,22,0.028368822464710328,1,PIN,0,Legitimate,ACC-104802
2,1.123021549263143,296.3678408851532,0.18249499714386977,55,0.10795247296240339,1,PIN,0,Legitimate,ACC-104803
4,1.316144494818272,948.7986466366542,0.1364251911013068,56,0.050439581949377234,1,Biometric,0,Legitimate,ACC-104804
3,0.800805275093812,762.4772574855682,0.1566702800248489,83,0.07070058604809211,4,Biometric,0,Legitimate,ACC-104805
3,1.5081210901932416,651.1008067727918,0.09199566270225318,45,0.0175934185838208,0,Biometric,0,Legitimate,ACC-104806
5,1.4462725563507322,491.93325968661316,0.1634870538467769,43,0.13434406968050988,1,Biometric,0,Legitimate,ACC-104807
2,1.1987572245167537,108.85933815108925,0.002181399063558964,17,0.018091323502787436,0,Biometric,0,Legitimate,ACC-104808
3,1.1448034019691107,438.3715296919855,0.0191623159313594,51,0.10526384779184145,0,Biometric,0,Legitimate,ACC-104809
1,0.883107560857274,516.7348289574704,0.09366003979102942,95,0.020830834187390034,1,PIN,0,Legitimate,ACC-104810
3,0.7659728681014604,1072.4000645214273,0.0818476794094924,47,0.12403832294525997,1,PIN,0,Legitimate,ACC-104811
39,6.823880443529439,32.12443678734459,0.8077765380108588,0,0.7326400123181723,6,PIN,1,Fast Burner,ACC-104812
0,1.0019556397990572,494.9879145228706,0.1390611355204593,115,0.1357927413911458,0,Biometric,0,Legitimate,ACC-104813
3,0.7180623296878759,936.3165743162596,0.12083839014873282,30,0.048545650250868246,0,PIN,0,Legitimate,ACC-104814
1,1.1879888377436703,1536.3844629635284,0.18289502120180098,39,0.044080657066431654,0,OTP,0,Legitimate,ACC-104815
44,7.44681683475488,27.96858094038665,0.7134545945409697,2,0.9197506792746608,10,PIN,1,Fast Burner,ACC-104816
3,0.8955250287602748,535.3884316893144,0.08042347712959147,32,0.13446484327636885,0,Biometric,0,Legitimate,ACC-104817
3,1.2710151363079178,294.2869158000666,0.18055020299481556,26,0.14144249920800123,1,Biometric,0,Legitimate,ACC-104818
5,1.1788098061044077,100.57795113080616,0.19581388067669458,119,0.006743450023423103,1,Biometric,0,Legitimate,ACC-104819
2,1.6605365219437955,635.3437337839202,0.012689860732007575,61,0.08318410706441619,0,PIN,0,Legitimate,ACC-104820
45,8.226740073678428,3.9988547003456585,0.7638702523043144,2,0.9035105557555221,6,OTP,1,Fast Burner,ACC-104821
3,0.8024528534406714,189.03452287769352,0.17353777543622842,106,0.08775630722171135,0,Biometric,0,Legitimate,ACC-104822
48,8.281416940692527,7.708736649988522,0.8186838392581763,2,0.8904479907076848,4,OTP,1,Fast Burner,ACC-104823
42,4.454373292542302,9.715840835427496,0.7991299437502122,0,0.7005776208831723,3,PIN,1,Fast Burner,ACC-104824
3,1.1062267723815928,1440.504570061529,0.16530013339614563,101,0.044391563198924046,0,Biometric,0,Legitimate,ACC-104825
3,1.1421581738077762,60.62210628882536,6.141500675109768e-05,107,0.0849261812633217,0,PIN,0,Legitimate,ACC-104826
50,7.674726710513743,91.03578212117206,0.7054886179657748,0,0.7354107618610704,7,OTP,1,Fast Burner,ACC-104827
4,1.0924372417312171,1226.4021832792835,0.04082445691161954,101,0.0012300562210082466,1,PIN,0,Legitimate,ACC-104828
3,1.4595813471883639,98.84989420111506,0.16068156531792716,7,0.10202968512847961,2,Biometric,0,Legitimate,ACC-104829
1,1.6671559897130273,895.9347642986831,0.06516357582113663,41,0.12495967348321464,1,Biometric,0,Legitimate,ACC-104830
2,1.1683425183687137,805.2104088589099,0.1052087249781911,94,0.03695776918388947,1,PIN,0,Legitimate,ACC-104831
5,1.2204620347808508,1347.5029348009177,0.11264701377503597,56,0.10808606520899519,0,Biometric,0,Legitimate,ACC-104832
42,3.9259261282897153,12.466327978835517,0.67586529235101,115,0.6792800657888056,0,PIN,1,Sleeper Mule,ACC-104833
51,6.018866629227095,9.947347947199232,0.8349647569156722,2,0.8491959288424843,6,Biometric,1,Fast Burner,ACC-104834
2,1.9195347856764209,269.7399570048551,0.16309994542070386,96,0.0424794008711326,1,Biometric,0,Legitimate,ACC-104835
3,1.0367176701226386,74.53211690511978,0.09993345835628822,36,0.0951748844008915,1,Biometric,0,Legitimate,ACC-104836
33,3.7799225961491816,6.934138156838998,0.8260099687025525,89,0.893013479619593,4,PIN,1,Sleeper Mule,ACC-104837
1,0.5716687419855291,581.3792614293559,0.03552724530885918,56,0.11597684673879827,0,Biometric,0,Legitimate,ACC-104838
39,5.326286110854146,9.932085577092133,0.9986707239001946,1,0.975958792804505,7,PIN,1,Fast Burner,ACC-104839
2,1.1028951737876436,283.99629290929533,0.047372141888071796,92,0.043743283405116705,0,Biometric,0,Legitimate,ACC-104840
4,0.7684719843673787,1703.7398354921418,0.14537641126371947,114,0.030458710379995105,0,Biometric,0,Legitimate,ACC-104841
45,6.869880736156311,2.2270049976823714,0.9922193173137983,2,0.7519934981563045,7,PIN,1,Fast Burner,ACC-104842
3,1.2521770535925456,638.1293585413492,0.02501424789011382,18,0.042704894264925644,0,Biometric,0,Legitimate,ACC-104843
26,3.908946663288236,32.68620623233133,0.7024354913160312,86,0.5073184949539671,1,OTP,1,Sleeper Mule,ACC-104844
4,1.1192876724335752,855.1866709308124,0.08753880764494236,39,0.1313797323871692,0,Biometric,0,Legitimate,ACC-104845
44,6.454379293607115,31.902826423952455,0.8806275917636868,1,0.8894647712878727,1,PIN,1,Fast Burner,ACC-104846
5,1.1556033757431439,118.60733407052632,0.15912178496389465,118,0.116315944459001,0,Biometric,0,Legitimate,ACC-104847
37,3.2734168429680115,76.44739304103894,0.6116923457278267,83,0.6267889490130076,5,OTP,1,Sleeper Mule,ACC-104848
55,7.282731087425337,7.637411579738512,0.8626381145090036,1,0.891643507365139,5,OTP,1,Fast Burner,ACC-104849
1,1.4645239202280036,1167.8243953336962,0.17651057269702028,53,0.032742883465611224,0,Biometric,0,Legitimate,ACC-104850
2,0.7115237856854477,443.4166287427602,0.07257276597934102,18,0.0441044805831964,0,OTP,0,Legitimate,ACC-104851
3,0.9971836900353584,450.65667918617015,0.0326728043801821,19,0.09216883889600444,0,Biometric,0,Legitimate,ACC-104852
41,4.345186923717074,23.399668715069044,0.8345813781465998,84,0.6970938696322946,1,OTP,1,Sleeper Mule,ACC-104853
50,6.4454691930738734,52.46803064007254,0.736468590607523,2,0.8604322334627614,4,OTP,1,Fast Burner,ACC-104854
47,7.341970451245255,9.467933830344148,0.9323229367804036,0,0.6213463741746623,1,PIN,1,Fast Burner,ACC-104855
34,4.929543017969462,6.0672235324031805,0.7811233761105721,44,0.6102854200442913,1,OTP,1,Sleeper Mule,ACC-104856
5,1.2094767018457735,356.6515541235232,0.17569716955138207,13,0.148199116710949,1,Biometric,0,Legitimate,ACC-104857
4,0.7715798471683664,3691.840939713033,0.057608801956970115,32,0.022770818255965657,0,PIN,0,Legitimate,ACC-104858
1,0.9210456154822048,1431.0535046733846,0.18909011002355777,64,0.14664436474541143,0,Biometric,0,Legitimate,ACC-104859
52,7.41545038272985,4.726282781928198,0.9966146233082206,0,0.8512508344693137,8,PIN,1,Fast Burner,ACC-104860
2,0.551651368928487,388.60581328430277,0.157544157459221,64,0.03040483625253158,0,Biometric,0,Legitimate,ACC-104861
1,1.204510177662537,1169.5492076230848,0.008241739148309257,85,0.016982786625289015,0,Biometric,0,Legitimate,ACC-104862
0,0.9504086675764405,156.8509218155963,0.12612745779184872,51,0.0030293911160294063,0,OTP,0,Legitimate,ACC-104863
1,0.8442443012283389,372.0206461730646,0.1751236039881385,112,0.07190333514003655,1,PIN,0,Legitimate,ACC-104864
3,1.125524665841672,249.29867205925245,0.13182294837995231,66,0.11353895814412206,0,Biometric,0,Legitimate,ACC-104865
2,1.0581923166829283,111.74305907348545,0.16745715556995222,86,0.04818020230395976,1,Biometric,0,Legitimate,ACC-104866
44,4.096783601972616,65.97524759107924,0.6934180125089425,63,0.7924507430243588,4,OTP,1,Sleeper Mule,ACC-104867
38,7.019647292491389,5.025691535819325,0.6372116991513346,81,0.7543224254851068,6,PIN,1,Sleeper Mule,ACC-104868
38,4.3671776042331665,21.702909235744784,0.7783976475533181,2,0.9685054849252384,4,OTP,1,Fast Burner,ACC-104869
4,1.2939429069400596,254.54139130106364,0.15737405383702505,34,0.11805537632929144,1,Biometric,0,Legitimate,ACC-104870
2,1.4987864784679217,1630.5896708083637,0.05029319409821518,74,0.0207669014100359,0,Biometric,0,Legitimate,ACC-104871
3,0.9061752785354535,256.367888544769,0.1320234192250308,113,0.1467942384348088,2,Biometric,0,Legitimate,ACC-104872
1,1.3127240645158975,263.0637579280454,0.1347778797892762,106,0.14117706140239003,0,Biometric,0,Legitimate,ACC-104873
2,1.461018065072245,299.6372937657954,0.19568684479780787,13,0.051987338068853195,0,PIN,0,Legitimate,ACC-104874
3,0.9765731529646834,62.19011198780737,0.0016928843234619074,63,0.01598859218697438,1,Biometric,0,Legitimate,ACC-104875
3,1.4395944621573429,1263.6454303695314,0.014419813830035988,51,0.0775455701140318,0,Biometric,0,Legitimate,ACC-104876
0,1.265927425182043,523.0383545498353,0.0007556370406954116,81,0.08203303500432792,0,OTP,0,Legitimate,ACC-104877
4,1.2139383819462568,718.6077074352486,0.18532988161291394,79,0.024974932665204407,0,Biometric,0,Legitimate,ACC-104878
31,5.493164528622882,20.194434488201864,0.6231804216140263,37,0.5962301498818376,7,PIN,1,Sleeper Mule,ACC-104879
3,1.416833032179832,582.9682262380956,0.16734926635049183,66,0.0015598783182284358,0,Biometric,0,Legitimate,ACC-104880
1,0.9902267807312773,1081.0407340177421,0.06387433328765235,80,0.06660717642569905,2,Biometric,0,Legitimate,ACC-104881
3,1.1000880672783244,839.7658232753332,0.07138298029430304,83,0.04583042201818303,0,Biometric,0,Legitimate,ACC-104882
56,6.012113067617964,6.310349326708911,0.7705430529695944,0,0.6047023858910401,8,PIN,1,Fast Burner,ACC-104883
0,1.236818672311645,1777.6955697388823,0.025475206505570204,44,0.03333006196141273,0,Biometric,0,Legitimate,ACC-104884
5,1.4147731248386428,268.5493598484702,0.16126579496947172,114,0.07006952141452244,0,Biometric,0,Legitimate,ACC-104885
4,0.875147841339497,185.7626242346742,0.04395025287681347,50,0.03393934789015977,0,OTP,0,Legitimate,ACC-104886
3,1.5685716246185992,316.90273384944936,0.09993858371419469,7,0.09931330156387161,0,PIN,0,Legitimate,ACC-104887
6,1.209859012194064,290.7037788712117,0.09792476628203489,102,0.08380771321618889,1,Biometric,0,Legitimate,ACC-104888
45,4.283055445073784,6.732335469577199,0.8251110436202558,2,0.6990386254291958,9,OTP,1,Fast Burner,ACC-104889
5,0.7706657571686235,1348.2144114232774,0.11596684673407263,111,0.038889109237829074,2,Biometric,0,Legitimate,ACC-104890
49,7.180595049495496,17.322876680207496,0.8859011854562582,2,0.6933401019809007,5,OTP,1,Fast Burner,ACC-104891
5,1.1056195657673853,538.8192689676827,0.03662469195690354,13,0.12286032372096103,1,Biometric,0,Legitimate,ACC-104892
2,1.0872215263585931,141.77622983518586,0.0013981570798348164,113,0.023832400564878203,1,Biometric,0,Legitimate,ACC-104893
45,4.921183155343687,7.529026634605751,0.9844854196761235,1,0.995727917389878,6,PIN,1,Fast Burner,ACC-104894
4,1.2501008765087214,1485.3889738001012,0.18733764785697893,110,0.13593434057278073,1,PIN,0,Legitimate,ACC-104895
2,1.1337632550623837,1524.1151204657435,0.01869860233088616,55,0.13715386947780797,0,Biometric,0,Legitimate,ACC-104896
4,1.205765655665181,98.17508335240095,0.1728811248683728,89,0.1495705523045013,0,Biometric,0,Legitimate,ACC-104897
4,0.754858243490003,141.1741311989367,0.12576795771173657,102,0.14276619908859955,2,Biometric,0,Legitimate,ACC-104898
4,1.800576737774508,258.589319829877,0.12226726939059061,28,0.051767769665202724,0,PIN,0,Legitimate,ACC-104899
33,4.8360745336067765,13.597734837721006,0.8488651329108445,0,0.7175542930214197,5,OTP,1,Fast Burner,ACC-104900
2,1.1475866886210075,220.78569471489044,0.07556182008648674,37,0.0755298938845054,0,Biometric,0,Legitimate,ACC-104901
29,3.6670590991738523,32.83393393856591,0.6750618339662516,70,0.7921593747100559,1,PIN,1,Sleeper Mule,ACC-104902
2,1.043389713047473,407.64505821115523,0.14018133682589082,61,0.11822685487500861,0,Biometric,0,Legitimate,ACC-104903
35,6.612291971551104,15.822936422141339,0.6958145148255996,109,0.5212659304775226,2,OTP,1,Sleeper Mule,ACC-104904
2,1.3566061905332298,1472.9670968950988,0.1432773115769823,35,0.1361706917171092,0,Biometric,0,Legitimate,ACC-104905
3,1.0509110601238496,1240.5290784762005,0.10152207665503517,46,0.06814481833814591,0,Biometric,0,Legitimate,ACC-104906
1,1.0703636870611741,175.42339650249883,0.06437593017722412,22,0.03707964338098468,1,Biometric,0,Legitimate,ACC-104907
49,6.136475506272061,5.828842621003892,0.7902241147349212,1,0.6343173782051782,3,PIN,1,Fast Burner,ACC-104908
49,8.188944417443064,14.167698834379951,0.7988407894140843,1,0.6814494655025728,8,OTP,1,Fast Burner,ACC-104909
37,6.254652030062419,11.512915731102146,0.7151275862767027,84,0.5131008706129432,1,OTP,1,Sleeper Mule,ACC-104910
3,1.0590810610531207,549.1208846155771,0.003034596834366954,91,0.02739171188642183,0,PIN,0,Legitimate,ACC-104911
3,1.406982083068826,662.6427988899807,0.1870738998809458,38,0.010912728791494764,0,Biometric,0,Legitimate,ACC-104912
5,1.2166890371297365,1152.335196146657,0.048816002092497174,109,0.1160628706816012,0,Biometric,0,Legitimate,ACC-104913
3,1.197338720313128,1540.2507337470706,0.008711516070950288,63,0.11235579829704587,1,PIN,0,Legitimate,ACC-104914
1,0.7484162471515678,639.2077968967807,0.13353386295424002,25,0.11264561985046896,1,Biometric,0,Legitimate,ACC-104915
6,1.313266419851373,959.6094817150076,0.18074978614867823,93,0.05463255671224199,0,Biometric,0,Legitimate,ACC-104916
40,6.87596702173749,21.263846646785847,0.7381159669874998,0,0.8001097893570419,5,OTP,1,Fast Burner,ACC-104917
4,1.2791457257038021,425.31881416254095,0.08174250454790377,22,0.035814962514306305,0,Biometric,0,Legitimate,ACC-104918
2,1.188559629352608,2062.606806701081,0.010925257753296913,108,0.08820841010084454,0,Biometric,0,Legitimate,ACC-104919
2,0.9811688853457052,438.2438935418472,0.03428662823563766,113,0.0028449577096561762,0,Biometric,0,Legitimate,ACC-104920
33,4.51535192075438,18.415220099440496,0.8661729328216965,39,0.7780141769484812,1,OTP,1,Sleeper Mule,ACC-104921
52,8.427666543077725,8.561955956809491,0.816026260124929,2,0.8525169866080848,2,PIN,1,Fast Burner,ACC-104922
30,3.4773750201784104,63.7884752755812,0.8087114130138363,116,0.567179071363476,2,OTP,1,Sleeper Mule,ACC-104923
3,0.44296279124625904,247.70262043887598,0.10063881451579315,69,0.09302057399410307,0,Biometric,0,Legitimate,ACC-104924
0,0.8590874499888428,2056.392554493823,0.11766499889248927,37,0.01312300344405225,1,Biometric,0,Legitimate,ACC-104925
7,1.268197772046957,768.4526391224144,0.1709070400603359,86,0.052572942584711485,0,Biometric,0,Legitimate,ACC-104926
0,1.240182564885604,1034.5970914375696,0.177413952583147,76,0.03206113732339803,0,Biometric,0,Legitimate,ACC-104927
3,1.2908886922496192,60.49974579614659,0.018930876078727833,81,0.026388439399542312,0,Biometric,0,Legitimate,ACC-104928
43,6.8808190958273086,11.965319196364797,0.7787295636596152,0,0.8828290834530669,2,OTP,1,Fast Burner,ACC-104929
35,4.93835684539892,6.7246542309671415,0.8155644209483172,72,0.5358432524768291,3,PIN,1,Sleeper Mule,ACC-104930
1,1.3461939489159949,587.7694178473643,0.19081747060714285,70,0.13161479234346457,1,OTP,0,Legitimate,ACC-104931
30,5.2525996475922865,114.64000027390237,0.7580616697854609,96,0.8007054549417079,3,PIN,1,Sleeper Mule,ACC-104932
1,0.8271385241810596,149.9000950280237,0.1652967881962143,89,0.044347389248606185,0,PIN,0,Legitimate,ACC-104933
3,1.2034955123055737,84.25301476170087,0.19871947314234203,65,0.1345646896809608,1,Biometric,0,Legitimate,ACC-104934
45,3.6002471103509706,4.676019796465434,0.7851679423093474,1,0.71226441879227,2,PIN,1,Fast Burner,ACC-104935
4,1.3359665706848691,1629.3406615604456,0.011827882403118451,49,0.021915599936349884,0,Biometric,0,Legitimate,ACC-104936
37,5.102477339690072,8.9560976172583,0.7512094489736731,67,0.809234705376729,7,OTP,1,Sleeper Mule,ACC-104937
3,1.458205626410589,405.1018824768644,0.11777387804144226,31,0.03995116692036045,1,OTP,0,Legitimate,ACC-104938
46,5.8825401909621275,3.0256479863403625,0.7761415015935949,2,0.7864030195099989,5,PIN,1,Fast Burner,ACC-104939
1,1.0291916423727394,2977.209359103587,0.08803689612338715,95,0.11241030477889678,1,Biometric,0,Legitimate,ACC-104940
4,1.09832743629725,734.6808230199036,0.19526258002212796,65,0.01347284101909233,1,Biometric,0,Legitimate,ACC-104941
3,1.290372744027417,321.44307156977953,0.1832930612465079,103,0.009299990750716202,1,PIN,0,Legitimate,ACC-104942
0,1.2694556316139385,860.5194757392209,0.19835571435320784,21,0.1356053609608107,1,OTP,0,Legitimate,ACC-104943
33,6.152602483796842,9.763624693603523,0.7496910213905609,2,0.9398359839366159,7,PIN,1,Fast Burner,ACC-104944
5,1.2370372668507428,250.26587681772813,0.18577796533110358,60,0.03356460306115475,0,Biometric,0,Legitimate,ACC-104945
3,1.048992978585158,193.49489309017596,0.05529807913697576,67,0.07449992714150262,1,Biometric,0,Legitimate,ACC-104946
2,1.8450932379993632,103.67467554818606,0.025916907424952586,34,0.11678820125711284,0,Biometric,0,Legitimate,ACC-104947
4,0.8649177347692909,457.63313551546804,0.11922627762565237,75,0.048438384136601106,0,Biometric,0,Legitimate,ACC-104948
45,3.975358090367719,26.194697140700658,0.842808378359221,1,0.9054026835364118,5,OTP,1,Fast Burner,ACC-104949
3,1.113983491553981,354.2161285589371,0.12411053171897622,33,0.12409904561774113,0,Biometric,0,Legitimate,ACC-104950
3,1.4091547862378557,408.64244655054426,0.06676391371052025,46,0.14875744378633202,0,OTP,0,Legitimate,ACC-104951
0,1.0814799281618372,99.63979590966125,0.09823664008592062,8,0.1434790124365899,1,Biometric,0,Legitimate,ACC-104952
2,0.9682089331040699,96.76165160403045,0.18026353303271686,57,0.09782976932880845,1,Biometric,0,Legitimate,ACC-104953
4,2.0070945021866082,236.05422205839776,0.15406722433936448,10,0.1290498703244036,1,Biometric,0,Legitimate,ACC-104954
1,1.281582177282162,488.7380872090559,0.09887934055485248,74,0.11513528434592844,0,PIN,0,Legitimate,ACC-104955
2,0.9077497715483334,924.8047505556755,0.0659277648655447,87,0.022505964643631526,0,Biometric,0,Legitimate,ACC-104956
4,1.3027352637530705,986.9061535092424,0.12157083022155829,6,0.07790626578162045,0,Biometric,0,Legitimate,ACC-104957
4,0.943930114589218,900.7788334947992,0.08589833573956876,16,0.015124721829341308,0,Biometric,0,Legitimate,ACC-104958
3,1.2101611648305732,632.1567313831074,0.09030564297581739,73,0.1435303139771833,0,PIN,0,Legitimate,ACC-104959
3,1.5298391314186959,1163.6705244794925,0.16539576549680618,27,0.013106537386018613,0,Biometric,0,Legitimate,ACC-104960
4,0.9825241971325194,1004.1778012964112,0.0173672840880023,9,0.14500166313753443,0,PIN,0,Legitimate,ACC-104961
1,0.9596338920561349,225.4935016520239,0.06756861047337089,21,0.13536599942061545,0,Biometric,0,Legitimate,ACC-104962
4,1.5528032955593118,115.46040335748884,0.012280603859071216,84,0.003218311843056493,1,PIN,0,Legitimate,ACC-104963
47,7.281132630212714,23.091368121800194,0.9745884401303211,2,0.6451643348284456,3,OTP,1,Fast Burner,ACC-104964
39,9.513236471528515,23.32258203928041,0.7379255334546952,2,0.7578916553086352,3,PIN,1,Fast Burner,ACC-104965
3,1.5416731834440143,390.19545017125057,0.05330196744879967,13,0.0011631417259745313,0,OTP,0,Legitimate,ACC-104966
3,0.9669413704135823,583.197750440858,0.027161421113838458,106,0.05298108711306952,2,PIN,0,Legitimate,ACC-104967
2,1.0371603084849104,1289.960372914604,0.17281410062909378,65,0.14578886950066178,0,OTP,0,Legitimate,ACC-104968
2,0.6734693906186515,611.8576644572396,0.12648711658805808,73,0.07319855558633427,0,PIN,0,Legitimate,ACC-104969
31,7.153677930657887,26.310686462133503,0.6398082564863335,58,0.6760355737086423,3,OTP,1,Sleeper Mule,ACC-104970
0,1.6250502246416407,172.9868246857402,0.02277400052107297,74,0.00590647956567531,0,Biometric,0,Legitimate,ACC-104971
3,1.1119705793060062,1364.6494193708586,0.07743154122668708,10,0.001324057269225426,0,Biometric,0,Legitimate,ACC-104972
1,1.3849738056921812,1705.541958769165,0.08839307106227648,76,0.0360481432938908,1,OTP,0,Legitimate,ACC-104973
5,1.1626630110856733,493.3106798233474,0.04697474021750008,49,0.07363823677174368,1,Biometric,0,Legitimate,ACC-104974
5,1.0999859833177004,778.1642725253404,0.07651474116312135,76,0.10045485672431288,0,Biometric,0,Legitimate,ACC-104975
4,1.130786708254553,1211.1251734948248,0.1628194013934472,8,0.012421354345357877,1,Biometric,0,Legitimate,ACC-104976
1,0.832632917932473,264.6599667928438,0.06948767264969334,31,0.047416058269174714,0,Biometric,0,Legitimate,ACC-104977
3,1.2781968464115607,183.4496759994949,0.06919149801202236,33,0.03965154939572622,0,Biometric,0,Legitimate,ACC-104978
5,1.9638163607828374,184.21598797664817,0.01890575280009912,30,0.05300762335532659,0,PIN,0,Legitimate,ACC-104979
2,1.3436542719653204,83.07904386166979,0.13157270112099395,32,0.13746776577267958,0,PIN,0,Legitimate,ACC-104980
4,1.7830752262132687,664.9548136977392,0.06057898857235742,61,0.11311548719261347,1,Biometric,0,Legitimate,ACC-104981
38,5.2484727008356815,79.51668206139958,0.8712796275539281,42,0.8214208121195405,2,OTP,1,Sleeper Mule,ACC-104982
40,5.547284482804507,17.45799778947901,0.9551689889698125,2,0.804015528010741,4,OTP,1,Fast Burner,ACC-104983
2,1.0209682570897154,249.5620036545058,0.15061260925748005,99,0.07219404044689606,0,Biometric,0,Legitimate,ACC-104984
52,6.322612498615755,19.090044027393155,0.6279042286335702,107,0.797485722879258,3,OTP,1,Sleeper Mule,ACC-104985
0,1.376441385402798,442.5007369629159,0.13691767953061676,74,0.09129392989480298,1,Biometric,0,Legitimate,ACC-104986
1,1.0535178825909934,245.5318488197241,0.004013419081393343,89,0.09194212925317326,0,PIN,0,Legitimate,ACC-104987
2,1.5205926658770255,1137.5311198748677,0.12771395561349083,116,0.12281461538270023,0,Biometric,0,Legitimate,ACC-104988
2,0.9599474104007688,871.9367337457094,0.0650655653528283,40,0.14285927610959273,0,Biometric,0,Legitimate,ACC-104989
5,1.6220422586198895,984.0582779600591,0.14047029217302134,116,0.0020681556816826373,2,Biometric,0,Legitimate,ACC-104990
8,1.165852568307757,66.12149290754587,0.13031852129614493,40,0.010532388429108929,0,Biometric,0,Legitimate,ACC-104991
6,1.5919851207885143,218.1058964380363,0.022602525069395685,19,0.025980525417331927,0,Biometric,0,Legitimate,ACC-104992
0,1.3678984710973106,715.7631077865813,0.14518448739920106,53,0.06306538419206331,0,Biometric,0,Legitimate,ACC-104993
5,1.5587825722305921,276.4031892807661,0.1246229680325549,37,0.09698674206867253,1,Biometric,0,Legitimate,ACC-104994
54,7.051755030812653,14.361854962029312,0.9672516742163841,0,0.6723392426891339,5,OTP,1,Fast Burner,ACC-104995
1,1.27136254690466,1049.924629061575,0.02318670213150127,68,0.007781415899548749,1,Biometric,0,Legitimate,ACC-104996
2,1.2572771195265318,282.0797368454862,0.10862277734306408,35,0.025070754266738438,0,Biometric,0,Legitimate,ACC-104997
48,5.036171684818217,29.046850308358316,0.9321550910782287,0,0.8398330588312991,3,OTP,1,Fast Burner,ACC-104998
2,1.1436895182377889,78.70982624966547,0.09940059450206334,70,0.04847174166530703,2,Biometric,0,Legitimate,ACC-104999
